ccode;cname;year;ccode_qog;cname_qog;ccodealp;ccodecow;cname_year;ccodealp_year;p_polity2
4,00;Afghanistan;1946;4;Afghanistan;AFG;700,00;Afghanistan 1946;AFG46;-10,00
4,00;Afghanistan;1947;4;Afghanistan;AFG;700,00;Afghanistan 1947;AFG47;-10,00
4,00;Afghanistan;1948;4;Afghanistan;AFG;700,00;Afghanistan 1948;AFG48;-10,00
4,00;Afghanistan;1949;4;Afghanistan;AFG;700,00;Afghanistan 1949;AFG49;-10,00
4,00;Afghanistan;1950;4;Afghanistan;AFG;700,00;Afghanistan 1950;AFG50;-10,00
4,00;Afghanistan;1951;4;Afghanistan;AFG;700,00;Afghanistan 1951;AFG51;-10,00
4,00;Afghanistan;1952;4;Afghanistan;AFG;700,00;Afghanistan 1952;AFG52;-10,00
4,00;Afghanistan;1953;4;Afghanistan;AFG;700,00;Afghanistan 1953;AFG53;-10,00
4,00;Afghanistan;1954;4;Afghanistan;AFG;700,00;Afghanistan 1954;AFG54;-10,00
4,00;Afghanistan;1955;4;Afghanistan;AFG;700,00;Afghanistan 1955;AFG55;-10,00
4,00;Afghanistan;1956;4;Afghanistan;AFG;700,00;Afghanistan 1956;AFG56;-10,00
4,00;Afghanistan;1957;4;Afghanistan;AFG;700,00;Afghanistan 1957;AFG57;-10,00
4,00;Afghanistan;1958;4;Afghanistan;AFG;700,00;Afghanistan 1958;AFG58;-10,00
4,00;Afghanistan;1959;4;Afghanistan;AFG;700,00;Afghanistan 1959;AFG59;-10,00
4,00;Afghanistan;1960;4;Afghanistan;AFG;700,00;Afghanistan 1960;AFG60;-10,00
4,00;Afghanistan;1961;4;Afghanistan;AFG;700,00;Afghanistan 1961;AFG61;-10,00
4,00;Afghanistan;1962;4;Afghanistan;AFG;700,00;Afghanistan 1962;AFG62;-10,00
4,00;Afghanistan;1963;4;Afghanistan;AFG;700,00;Afghanistan 1963;AFG63;-10,00
4,00;Afghanistan;1964;4;Afghanistan;AFG;700,00;Afghanistan 1964;AFG64;-7,00
4,00;Afghanistan;1965;4;Afghanistan;AFG;700,00;Afghanistan 1965;AFG65;-7,00
4,00;Afghanistan;1966;4;Afghanistan;AFG;700,00;Afghanistan 1966;AFG66;-7,00
4,00;Afghanistan;1967;4;Afghanistan;AFG;700,00;Afghanistan 1967;AFG67;-7,00
4,00;Afghanistan;1968;4;Afghanistan;AFG;700,00;Afghanistan 1968;AFG68;-7,00
4,00;Afghanistan;1969;4;Afghanistan;AFG;700,00;Afghanistan 1969;AFG69;-7,00
4,00;Afghanistan;1970;4;Afghanistan;AFG;700,00;Afghanistan 1970;AFG70;-7,00
4,00;Afghanistan;1971;4;Afghanistan;AFG;700,00;Afghanistan 1971;AFG71;-7,00
4,00;Afghanistan;1972;4;Afghanistan;AFG;700,00;Afghanistan 1972;AFG72;-7,00
4,00;Afghanistan;1973;4;Afghanistan;AFG;700,00;Afghanistan 1973;AFG73;-7,00
4,00;Afghanistan;1974;4;Afghanistan;AFG;700,00;Afghanistan 1974;AFG74;-7,00
4,00;Afghanistan;1975;4;Afghanistan;AFG;700,00;Afghanistan 1975;AFG75;-7,00
4,00;Afghanistan;1976;4;Afghanistan;AFG;700,00;Afghanistan 1976;AFG76;-7,00
4,00;Afghanistan;1977;4;Afghanistan;AFG;700,00;Afghanistan 1977;AFG77;-7,00
4,00;Afghanistan;1978;4;Afghanistan;AFG;700,00;Afghanistan 1978;AFG78;0,00
4,00;Afghanistan;1989;4;Afghanistan;AFG;700,00;Afghanistan 1989;AFG89;-8,00
4,00;Afghanistan;1990;4;Afghanistan;AFG;700,00;Afghanistan 1990;AFG90;-8,00
4,00;Afghanistan;1991;4;Afghanistan;AFG;700,00;Afghanistan 1991;AFG91;-8,00
4,00;Afghanistan;1992;4;Afghanistan;AFG;700,00;Afghanistan 1992;AFG92;0,00
4,00;Afghanistan;1993;4;Afghanistan;AFG;700,00;Afghanistan 1993;AFG93;0,00
4,00;Afghanistan;1994;4;Afghanistan;AFG;700,00;Afghanistan 1994;AFG94;0,00
4,00;Afghanistan;1995;4;Afghanistan;AFG;700,00;Afghanistan 1995;AFG95;0,00
4,00;Afghanistan;1996;4;Afghanistan;AFG;700,00;Afghanistan 1996;AFG96;-7,00
4,00;Afghanistan;1997;4;Afghanistan;AFG;700,00;Afghanistan 1997;AFG97;-7,00
4,00;Afghanistan;1998;4;Afghanistan;AFG;700,00;Afghanistan 1998;AFG98;-7,00
4,00;Afghanistan;1999;4;Afghanistan;AFG;700,00;Afghanistan 1999;AFG99;-7,00
4,00;Afghanistan;2000;4;Afghanistan;AFG;700,00;Afghanistan 2000;AFG00;-7,00
4,00;Afghanistan;2014;4;Afghanistan;AFG;700,00;Afghanistan 2014;AFG14;-1,00
4,00;Afghanistan;2015;4;Afghanistan;AFG;700,00;Afghanistan 2015;AFG15;-1,00
4,00;Afghanistan;2016;4;Afghanistan;AFG;700,00;Afghanistan 2016;AFG16;-1,00
4,00;Afghanistan;2017;4;Afghanistan;AFG;700,00;Afghanistan 2017;AFG17;-1,00
4,00;Afghanistan;2018;4;Afghanistan;AFG;700,00;Afghanistan 2018;AFG18;-1,00
8,00;Albania;1946;8;Albania;ALB;339,00;Albania 1946;ALB46;-9,00
8,00;Albania;1947;8;Albania;ALB;339,00;Albania 1947;ALB47;-9,00
8,00;Albania;1948;8;Albania;ALB;339,00;Albania 1948;ALB48;-9,00
8,00;Albania;1949;8;Albania;ALB;339,00;Albania 1949;ALB49;-9,00
8,00;Albania;1950;8;Albania;ALB;339,00;Albania 1950;ALB50;-9,00
8,00;Albania;1951;8;Albania;ALB;339,00;Albania 1951;ALB51;-9,00
8,00;Albania;1952;8;Albania;ALB;339,00;Albania 1952;ALB52;-9,00
8,00;Albania;1953;8;Albania;ALB;339,00;Albania 1953;ALB53;-9,00
8,00;Albania;1954;8;Albania;ALB;339,00;Albania 1954;ALB54;-9,00
8,00;Albania;1955;8;Albania;ALB;339,00;Albania 1955;ALB55;-9,00
8,00;Albania;1956;8;Albania;ALB;339,00;Albania 1956;ALB56;-9,00
8,00;Albania;1957;8;Albania;ALB;339,00;Albania 1957;ALB57;-9,00
8,00;Albania;1958;8;Albania;ALB;339,00;Albania 1958;ALB58;-9,00
8,00;Albania;1959;8;Albania;ALB;339,00;Albania 1959;ALB59;-9,00
8,00;Albania;1960;8;Albania;ALB;339,00;Albania 1960;ALB60;-9,00
8,00;Albania;1961;8;Albania;ALB;339,00;Albania 1961;ALB61;-9,00
8,00;Albania;1962;8;Albania;ALB;339,00;Albania 1962;ALB62;-9,00
8,00;Albania;1963;8;Albania;ALB;339,00;Albania 1963;ALB63;-9,00
8,00;Albania;1964;8;Albania;ALB;339,00;Albania 1964;ALB64;-9,00
8,00;Albania;1965;8;Albania;ALB;339,00;Albania 1965;ALB65;-9,00
8,00;Albania;1966;8;Albania;ALB;339,00;Albania 1966;ALB66;-9,00
8,00;Albania;1967;8;Albania;ALB;339,00;Albania 1967;ALB67;-9,00
8,00;Albania;1968;8;Albania;ALB;339,00;Albania 1968;ALB68;-9,00
8,00;Albania;1969;8;Albania;ALB;339,00;Albania 1969;ALB69;-9,00
8,00;Albania;1970;8;Albania;ALB;339,00;Albania 1970;ALB70;-9,00
8,00;Albania;1971;8;Albania;ALB;339,00;Albania 1971;ALB71;-9,00
8,00;Albania;1972;8;Albania;ALB;339,00;Albania 1972;ALB72;-9,00
8,00;Albania;1973;8;Albania;ALB;339,00;Albania 1973;ALB73;-9,00
8,00;Albania;1974;8;Albania;ALB;339,00;Albania 1974;ALB74;-9,00
8,00;Albania;1975;8;Albania;ALB;339,00;Albania 1975;ALB75;-9,00
8,00;Albania;1976;8;Albania;ALB;339,00;Albania 1976;ALB76;-9,00
8,00;Albania;1977;8;Albania;ALB;339,00;Albania 1977;ALB77;-9,00
8,00;Albania;1978;8;Albania;ALB;339,00;Albania 1978;ALB78;-9,00
8,00;Albania;1979;8;Albania;ALB;339,00;Albania 1979;ALB79;-9,00
8,00;Albania;1980;8;Albania;ALB;339,00;Albania 1980;ALB80;-9,00
8,00;Albania;1981;8;Albania;ALB;339,00;Albania 1981;ALB81;-9,00
8,00;Albania;1982;8;Albania;ALB;339,00;Albania 1982;ALB82;-9,00
8,00;Albania;1983;8;Albania;ALB;339,00;Albania 1983;ALB83;-9,00
8,00;Albania;1984;8;Albania;ALB;339,00;Albania 1984;ALB84;-9,00
8,00;Albania;1985;8;Albania;ALB;339,00;Albania 1985;ALB85;-9,00
8,00;Albania;1986;8;Albania;ALB;339,00;Albania 1986;ALB86;-9,00
8,00;Albania;1987;8;Albania;ALB;339,00;Albania 1987;ALB87;-9,00
8,00;Albania;1988;8;Albania;ALB;339,00;Albania 1988;ALB88;-9,00
8,00;Albania;1989;8;Albania;ALB;339,00;Albania 1989;ALB89;-9,00
8,00;Albania;1990;8;Albania;ALB;339,00;Albania 1990;ALB90;1,00
8,00;Albania;1991;8;Albania;ALB;339,00;Albania 1991;ALB91;3,00
8,00;Albania;1992;8;Albania;ALB;339,00;Albania 1992;ALB92;5,00
8,00;Albania;1993;8;Albania;ALB;339,00;Albania 1993;ALB93;5,00
8,00;Albania;1994;8;Albania;ALB;339,00;Albania 1994;ALB94;5,00
8,00;Albania;1995;8;Albania;ALB;339,00;Albania 1995;ALB95;5,00
8,00;Albania;1996;8;Albania;ALB;339,00;Albania 1996;ALB96;0,00
8,00;Albania;1997;8;Albania;ALB;339,00;Albania 1997;ALB97;5,00
8,00;Albania;1998;8;Albania;ALB;339,00;Albania 1998;ALB98;5,00
8,00;Albania;1999;8;Albania;ALB;339,00;Albania 1999;ALB99;5,00
8,00;Albania;2000;8;Albania;ALB;339,00;Albania 2000;ALB00;5,00
8,00;Albania;2001;8;Albania;ALB;339,00;Albania 2001;ALB01;5,00
8,00;Albania;2002;8;Albania;ALB;339,00;Albania 2002;ALB02;7,00
8,00;Albania;2003;8;Albania;ALB;339,00;Albania 2003;ALB03;7,00
8,00;Albania;2004;8;Albania;ALB;339,00;Albania 2004;ALB04;7,00
8,00;Albania;2005;8;Albania;ALB;339,00;Albania 2005;ALB05;9,00
8,00;Albania;2006;8;Albania;ALB;339,00;Albania 2006;ALB06;9,00
8,00;Albania;2007;8;Albania;ALB;339,00;Albania 2007;ALB07;9,00
8,00;Albania;2008;8;Albania;ALB;339,00;Albania 2008;ALB08;9,00
8,00;Albania;2009;8;Albania;ALB;339,00;Albania 2009;ALB09;9,00
8,00;Albania;2010;8;Albania;ALB;339,00;Albania 2010;ALB10;9,00
8,00;Albania;2011;8;Albania;ALB;339,00;Albania 2011;ALB11;9,00
8,00;Albania;2012;8;Albania;ALB;339,00;Albania 2012;ALB12;9,00
8,00;Albania;2013;8;Albania;ALB;339,00;Albania 2013;ALB13;9,00
8,00;Albania;2014;8;Albania;ALB;339,00;Albania 2014;ALB14;9,00
8,00;Albania;2015;8;Albania;ALB;339,00;Albania 2015;ALB15;9,00
8,00;Albania;2016;8;Albania;ALB;339,00;Albania 2016;ALB16;9,00
8,00;Albania;2017;8;Albania;ALB;339,00;Albania 2017;ALB17;9,00
8,00;Albania;2018;8;Albania;ALB;339,00;Albania 2018;ALB18;9,00
12,00;Algeria;1963;12;Algeria;DZA;615,00;Algeria 1963;DZA63;-8,00
12,00;Algeria;1964;12;Algeria;DZA;615,00;Algeria 1964;DZA64;-8,00
12,00;Algeria;1965;12;Algeria;DZA;615,00;Algeria 1965;DZA65;-9,00
12,00;Algeria;1966;12;Algeria;DZA;615,00;Algeria 1966;DZA66;-9,00
12,00;Algeria;1967;12;Algeria;DZA;615,00;Algeria 1967;DZA67;-9,00
12,00;Algeria;1968;12;Algeria;DZA;615,00;Algeria 1968;DZA68;-9,00
12,00;Algeria;1969;12;Algeria;DZA;615,00;Algeria 1969;DZA69;-9,00
12,00;Algeria;1970;12;Algeria;DZA;615,00;Algeria 1970;DZA70;-9,00
12,00;Algeria;1971;12;Algeria;DZA;615,00;Algeria 1971;DZA71;-9,00
12,00;Algeria;1972;12;Algeria;DZA;615,00;Algeria 1972;DZA72;-9,00
12,00;Algeria;1973;12;Algeria;DZA;615,00;Algeria 1973;DZA73;-9,00
12,00;Algeria;1974;12;Algeria;DZA;615,00;Algeria 1974;DZA74;-9,00
12,00;Algeria;1975;12;Algeria;DZA;615,00;Algeria 1975;DZA75;-9,00
12,00;Algeria;1976;12;Algeria;DZA;615,00;Algeria 1976;DZA76;-9,00
12,00;Algeria;1977;12;Algeria;DZA;615,00;Algeria 1977;DZA77;-9,00
12,00;Algeria;1978;12;Algeria;DZA;615,00;Algeria 1978;DZA78;-9,00
12,00;Algeria;1979;12;Algeria;DZA;615,00;Algeria 1979;DZA79;-9,00
12,00;Algeria;1980;12;Algeria;DZA;615,00;Algeria 1980;DZA80;-9,00
12,00;Algeria;1981;12;Algeria;DZA;615,00;Algeria 1981;DZA81;-9,00
12,00;Algeria;1982;12;Algeria;DZA;615,00;Algeria 1982;DZA82;-9,00
12,00;Algeria;1983;12;Algeria;DZA;615,00;Algeria 1983;DZA83;-9,00
12,00;Algeria;1984;12;Algeria;DZA;615,00;Algeria 1984;DZA84;-9,00
12,00;Algeria;1985;12;Algeria;DZA;615,00;Algeria 1985;DZA85;-9,00
12,00;Algeria;1986;12;Algeria;DZA;615,00;Algeria 1986;DZA86;-9,00
12,00;Algeria;1987;12;Algeria;DZA;615,00;Algeria 1987;DZA87;-9,00
12,00;Algeria;1988;12;Algeria;DZA;615,00;Algeria 1988;DZA88;-9,00
12,00;Algeria;1989;12;Algeria;DZA;615,00;Algeria 1989;DZA89;-2,00
12,00;Algeria;1990;12;Algeria;DZA;615,00;Algeria 1990;DZA90;-2,00
12,00;Algeria;1991;12;Algeria;DZA;615,00;Algeria 1991;DZA91;-2,00
12,00;Algeria;1992;12;Algeria;DZA;615,00;Algeria 1992;DZA92;-7,00
12,00;Algeria;1993;12;Algeria;DZA;615,00;Algeria 1993;DZA93;-7,00
12,00;Algeria;1994;12;Algeria;DZA;615,00;Algeria 1994;DZA94;-7,00
12,00;Algeria;1995;12;Algeria;DZA;615,00;Algeria 1995;DZA95;-3,00
12,00;Algeria;1996;12;Algeria;DZA;615,00;Algeria 1996;DZA96;-3,00
12,00;Algeria;1997;12;Algeria;DZA;615,00;Algeria 1997;DZA97;-3,00
12,00;Algeria;1998;12;Algeria;DZA;615,00;Algeria 1998;DZA98;-3,00
12,00;Algeria;1999;12;Algeria;DZA;615,00;Algeria 1999;DZA99;-3,00
12,00;Algeria;2000;12;Algeria;DZA;615,00;Algeria 2000;DZA00;-3,00
12,00;Algeria;2001;12;Algeria;DZA;615,00;Algeria 2001;DZA01;-3,00
12,00;Algeria;2002;12;Algeria;DZA;615,00;Algeria 2002;DZA02;-3,00
12,00;Algeria;2003;12;Algeria;DZA;615,00;Algeria 2003;DZA03;-3,00
12,00;Algeria;2004;12;Algeria;DZA;615,00;Algeria 2004;DZA04;2,00
12,00;Algeria;2005;12;Algeria;DZA;615,00;Algeria 2005;DZA05;2,00
12,00;Algeria;2006;12;Algeria;DZA;615,00;Algeria 2006;DZA06;2,00
12,00;Algeria;2007;12;Algeria;DZA;615,00;Algeria 2007;DZA07;2,00
12,00;Algeria;2008;12;Algeria;DZA;615,00;Algeria 2008;DZA08;2,00
12,00;Algeria;2009;12;Algeria;DZA;615,00;Algeria 2009;DZA09;2,00
12,00;Algeria;2010;12;Algeria;DZA;615,00;Algeria 2010;DZA10;2,00
12,00;Algeria;2011;12;Algeria;DZA;615,00;Algeria 2011;DZA11;2,00
12,00;Algeria;2012;12;Algeria;DZA;615,00;Algeria 2012;DZA12;2,00
12,00;Algeria;2013;12;Algeria;DZA;615,00;Algeria 2013;DZA13;2,00
12,00;Algeria;2014;12;Algeria;DZA;615,00;Algeria 2014;DZA14;2,00
12,00;Algeria;2015;12;Algeria;DZA;615,00;Algeria 2015;DZA15;2,00
12,00;Algeria;2016;12;Algeria;DZA;615,00;Algeria 2016;DZA16;2,00
12,00;Algeria;2017;12;Algeria;DZA;615,00;Algeria 2017;DZA17;2,00
12,00;Algeria;2018;12;Algeria;DZA;615,00;Algeria 2018;DZA18;2,00
24,00;Angola;1976;24;Angola;AGO;540,00;Angola 1976;AGO76;-7,00
24,00;Angola;1977;24;Angola;AGO;540,00;Angola 1977;AGO77;-7,00
24,00;Angola;1978;24;Angola;AGO;540,00;Angola 1978;AGO78;-7,00
24,00;Angola;1979;24;Angola;AGO;540,00;Angola 1979;AGO79;-7,00
24,00;Angola;1980;24;Angola;AGO;540,00;Angola 1980;AGO80;-7,00
24,00;Angola;1981;24;Angola;AGO;540,00;Angola 1981;AGO81;-7,00
24,00;Angola;1982;24;Angola;AGO;540,00;Angola 1982;AGO82;-7,00
24,00;Angola;1983;24;Angola;AGO;540,00;Angola 1983;AGO83;-7,00
24,00;Angola;1984;24;Angola;AGO;540,00;Angola 1984;AGO84;-7,00
24,00;Angola;1985;24;Angola;AGO;540,00;Angola 1985;AGO85;-7,00
24,00;Angola;1986;24;Angola;AGO;540,00;Angola 1986;AGO86;-7,00
24,00;Angola;1987;24;Angola;AGO;540,00;Angola 1987;AGO87;-7,00
24,00;Angola;1988;24;Angola;AGO;540,00;Angola 1988;AGO88;-7,00
24,00;Angola;1989;24;Angola;AGO;540,00;Angola 1989;AGO89;-7,00
24,00;Angola;1990;24;Angola;AGO;540,00;Angola 1990;AGO90;-7,00
24,00;Angola;1991;24;Angola;AGO;540,00;Angola 1991;AGO91;-4,00
24,00;Angola;1992;24;Angola;AGO;540,00;Angola 1992;AGO92;0,00
24,00;Angola;1993;24;Angola;AGO;540,00;Angola 1993;AGO93;-1,00
24,00;Angola;1994;24;Angola;AGO;540,00;Angola 1994;AGO94;-2,00
24,00;Angola;1995;24;Angola;AGO;540,00;Angola 1995;AGO95;-3,00
24,00;Angola;1996;24;Angola;AGO;540,00;Angola 1996;AGO96;-4,00
24,00;Angola;1997;24;Angola;AGO;540,00;Angola 1997;AGO97;-6,00
24,00;Angola;1998;24;Angola;AGO;540,00;Angola 1998;AGO98;-6,00
24,00;Angola;1999;24;Angola;AGO;540,00;Angola 1999;AGO99;-6,00
24,00;Angola;2000;24;Angola;AGO;540,00;Angola 2000;AGO00;-6,00
24,00;Angola;2001;24;Angola;AGO;540,00;Angola 2001;AGO01;-6,00
24,00;Angola;2002;24;Angola;AGO;540,00;Angola 2002;AGO02;-2,00
24,00;Angola;2003;24;Angola;AGO;540,00;Angola 2003;AGO03;-2,00
24,00;Angola;2004;24;Angola;AGO;540,00;Angola 2004;AGO04;-2,00
24,00;Angola;2005;24;Angola;AGO;540,00;Angola 2005;AGO05;-2,00
24,00;Angola;2006;24;Angola;AGO;540,00;Angola 2006;AGO06;-2,00
24,00;Angola;2007;24;Angola;AGO;540,00;Angola 2007;AGO07;-2,00
24,00;Angola;2008;24;Angola;AGO;540,00;Angola 2008;AGO08;-2,00
24,00;Angola;2009;24;Angola;AGO;540,00;Angola 2009;AGO09;-2,00
24,00;Angola;2010;24;Angola;AGO;540,00;Angola 2010;AGO10;-2,00
24,00;Angola;2011;24;Angola;AGO;540,00;Angola 2011;AGO11;-2,00
24,00;Angola;2012;24;Angola;AGO;540,00;Angola 2012;AGO12;-2,00
24,00;Angola;2013;24;Angola;AGO;540,00;Angola 2013;AGO13;-2,00
24,00;Angola;2014;24;Angola;AGO;540,00;Angola 2014;AGO14;-2,00
24,00;Angola;2015;24;Angola;AGO;540,00;Angola 2015;AGO15;-2,00
24,00;Angola;2016;24;Angola;AGO;540,00;Angola 2016;AGO16;-2,00
24,00;Angola;2017;24;Angola;AGO;540,00;Angola 2017;AGO17;-2,00
24,00;Angola;2018;24;Angola;AGO;540,00;Angola 2018;AGO18;-2,00
31,00;Azerbaijan;1992;31;Azerbaijan;AZE;373,00;Azerbaijan 1992;AZE92;1,00
31,00;Azerbaijan;1993;31;Azerbaijan;AZE;373,00;Azerbaijan 1993;AZE93;-3,00
31,00;Azerbaijan;1994;31;Azerbaijan;AZE;373,00;Azerbaijan 1994;AZE94;-3,00
31,00;Azerbaijan;1995;31;Azerbaijan;AZE;373,00;Azerbaijan 1995;AZE95;-6,00
31,00;Azerbaijan;1996;31;Azerbaijan;AZE;373,00;Azerbaijan 1996;AZE96;-6,00
31,00;Azerbaijan;1997;31;Azerbaijan;AZE;373,00;Azerbaijan 1997;AZE97;-6,00
31,00;Azerbaijan;1998;31;Azerbaijan;AZE;373,00;Azerbaijan 1998;AZE98;-7,00
31,00;Azerbaijan;1999;31;Azerbaijan;AZE;373,00;Azerbaijan 1999;AZE99;-7,00
31,00;Azerbaijan;2000;31;Azerbaijan;AZE;373,00;Azerbaijan 2000;AZE00;-7,00
31,00;Azerbaijan;2001;31;Azerbaijan;AZE;373,00;Azerbaijan 2001;AZE01;-7,00
31,00;Azerbaijan;2002;31;Azerbaijan;AZE;373,00;Azerbaijan 2002;AZE02;-7,00
31,00;Azerbaijan;2003;31;Azerbaijan;AZE;373,00;Azerbaijan 2003;AZE03;-7,00
31,00;Azerbaijan;2004;31;Azerbaijan;AZE;373,00;Azerbaijan 2004;AZE04;-7,00
31,00;Azerbaijan;2005;31;Azerbaijan;AZE;373,00;Azerbaijan 2005;AZE05;-7,00
31,00;Azerbaijan;2006;31;Azerbaijan;AZE;373,00;Azerbaijan 2006;AZE06;-7,00
31,00;Azerbaijan;2007;31;Azerbaijan;AZE;373,00;Azerbaijan 2007;AZE07;-7,00
31,00;Azerbaijan;2008;31;Azerbaijan;AZE;373,00;Azerbaijan 2008;AZE08;-7,00
31,00;Azerbaijan;2009;31;Azerbaijan;AZE;373,00;Azerbaijan 2009;AZE09;-7,00
31,00;Azerbaijan;2010;31;Azerbaijan;AZE;373,00;Azerbaijan 2010;AZE10;-7,00
31,00;Azerbaijan;2011;31;Azerbaijan;AZE;373,00;Azerbaijan 2011;AZE11;-7,00
31,00;Azerbaijan;2012;31;Azerbaijan;AZE;373,00;Azerbaijan 2012;AZE12;-7,00
31,00;Azerbaijan;2013;31;Azerbaijan;AZE;373,00;Azerbaijan 2013;AZE13;-7,00
31,00;Azerbaijan;2014;31;Azerbaijan;AZE;373,00;Azerbaijan 2014;AZE14;-7,00
31,00;Azerbaijan;2015;31;Azerbaijan;AZE;373,00;Azerbaijan 2015;AZE15;-7,00
31,00;Azerbaijan;2016;31;Azerbaijan;AZE;373,00;Azerbaijan 2016;AZE16;-7,00
31,00;Azerbaijan;2017;31;Azerbaijan;AZE;373,00;Azerbaijan 2017;AZE17;-7,00
31,00;Azerbaijan;2018;31;Azerbaijan;AZE;373,00;Azerbaijan 2018;AZE18;-7,00
32,00;Argentina;1946;32;Argentina;ARG;160,00;Argentina 1946;ARG46;-8,00
32,00;Argentina;1947;32;Argentina;ARG;160,00;Argentina 1947;ARG47;-9,00
32,00;Argentina;1948;32;Argentina;ARG;160,00;Argentina 1948;ARG48;-9,00
32,00;Argentina;1949;32;Argentina;ARG;160,00;Argentina 1949;ARG49;-9,00
32,00;Argentina;1950;32;Argentina;ARG;160,00;Argentina 1950;ARG50;-9,00
32,00;Argentina;1951;32;Argentina;ARG;160,00;Argentina 1951;ARG51;-9,00
32,00;Argentina;1952;32;Argentina;ARG;160,00;Argentina 1952;ARG52;-9,00
32,00;Argentina;1953;32;Argentina;ARG;160,00;Argentina 1953;ARG53;-9,00
32,00;Argentina;1954;32;Argentina;ARG;160,00;Argentina 1954;ARG54;-9,00
32,00;Argentina;1955;32;Argentina;ARG;160,00;Argentina 1955;ARG55;-6,00
32,00;Argentina;1956;32;Argentina;ARG;160,00;Argentina 1956;ARG56;-2,00
32,00;Argentina;1957;32;Argentina;ARG;160,00;Argentina 1957;ARG57;2,00
32,00;Argentina;1958;32;Argentina;ARG;160,00;Argentina 1958;ARG58;5,00
32,00;Argentina;1959;32;Argentina;ARG;160,00;Argentina 1959;ARG59;5,00
32,00;Argentina;1960;32;Argentina;ARG;160,00;Argentina 1960;ARG60;5,00
32,00;Argentina;1961;32;Argentina;ARG;160,00;Argentina 1961;ARG61;5,00
32,00;Argentina;1962;32;Argentina;ARG;160,00;Argentina 1962;ARG62;5,00
32,00;Argentina;1963;32;Argentina;ARG;160,00;Argentina 1963;ARG63;6,00
32,00;Argentina;1964;32;Argentina;ARG;160,00;Argentina 1964;ARG64;6,00
32,00;Argentina;1965;32;Argentina;ARG;160,00;Argentina 1965;ARG65;6,00
32,00;Argentina;1966;32;Argentina;ARG;160,00;Argentina 1966;ARG66;-9,00
32,00;Argentina;1967;32;Argentina;ARG;160,00;Argentina 1967;ARG67;-9,00
32,00;Argentina;1968;32;Argentina;ARG;160,00;Argentina 1968;ARG68;-9,00
32,00;Argentina;1969;32;Argentina;ARG;160,00;Argentina 1969;ARG69;-9,00
32,00;Argentina;1970;32;Argentina;ARG;160,00;Argentina 1970;ARG70;-9,00
32,00;Argentina;1971;32;Argentina;ARG;160,00;Argentina 1971;ARG71;-9,00
32,00;Argentina;1972;32;Argentina;ARG;160,00;Argentina 1972;ARG72;-9,00
32,00;Argentina;1973;32;Argentina;ARG;160,00;Argentina 1973;ARG73;6,00
32,00;Argentina;1974;32;Argentina;ARG;160,00;Argentina 1974;ARG74;6,00
32,00;Argentina;1975;32;Argentina;ARG;160,00;Argentina 1975;ARG75;6,00
32,00;Argentina;1976;32;Argentina;ARG;160,00;Argentina 1976;ARG76;-9,00
32,00;Argentina;1977;32;Argentina;ARG;160,00;Argentina 1977;ARG77;-9,00
32,00;Argentina;1978;32;Argentina;ARG;160,00;Argentina 1978;ARG78;-9,00
32,00;Argentina;1979;32;Argentina;ARG;160,00;Argentina 1979;ARG79;-9,00
32,00;Argentina;1980;32;Argentina;ARG;160,00;Argentina 1980;ARG80;-9,00
32,00;Argentina;1981;32;Argentina;ARG;160,00;Argentina 1981;ARG81;-8,00
32,00;Argentina;1982;32;Argentina;ARG;160,00;Argentina 1982;ARG82;-8,00
32,00;Argentina;1983;32;Argentina;ARG;160,00;Argentina 1983;ARG83;8,00
32,00;Argentina;1984;32;Argentina;ARG;160,00;Argentina 1984;ARG84;8,00
32,00;Argentina;1985;32;Argentina;ARG;160,00;Argentina 1985;ARG85;8,00
32,00;Argentina;1986;32;Argentina;ARG;160,00;Argentina 1986;ARG86;8,00
32,00;Argentina;1987;32;Argentina;ARG;160,00;Argentina 1987;ARG87;8,00
32,00;Argentina;1988;32;Argentina;ARG;160,00;Argentina 1988;ARG88;8,00
32,00;Argentina;1989;32;Argentina;ARG;160,00;Argentina 1989;ARG89;7,00
32,00;Argentina;1990;32;Argentina;ARG;160,00;Argentina 1990;ARG90;7,00
32,00;Argentina;1991;32;Argentina;ARG;160,00;Argentina 1991;ARG91;7,00
32,00;Argentina;1992;32;Argentina;ARG;160,00;Argentina 1992;ARG92;7,00
32,00;Argentina;1993;32;Argentina;ARG;160,00;Argentina 1993;ARG93;7,00
32,00;Argentina;1994;32;Argentina;ARG;160,00;Argentina 1994;ARG94;7,00
32,00;Argentina;1995;32;Argentina;ARG;160,00;Argentina 1995;ARG95;7,00
32,00;Argentina;1996;32;Argentina;ARG;160,00;Argentina 1996;ARG96;7,00
32,00;Argentina;1997;32;Argentina;ARG;160,00;Argentina 1997;ARG97;7,00
32,00;Argentina;1998;32;Argentina;ARG;160,00;Argentina 1998;ARG98;7,00
32,00;Argentina;1999;32;Argentina;ARG;160,00;Argentina 1999;ARG99;8,00
32,00;Argentina;2000;32;Argentina;ARG;160,00;Argentina 2000;ARG00;8,00
32,00;Argentina;2001;32;Argentina;ARG;160,00;Argentina 2001;ARG01;8,00
32,00;Argentina;2002;32;Argentina;ARG;160,00;Argentina 2002;ARG02;8,00
32,00;Argentina;2003;32;Argentina;ARG;160,00;Argentina 2003;ARG03;8,00
32,00;Argentina;2004;32;Argentina;ARG;160,00;Argentina 2004;ARG04;8,00
32,00;Argentina;2005;32;Argentina;ARG;160,00;Argentina 2005;ARG05;8,00
32,00;Argentina;2006;32;Argentina;ARG;160,00;Argentina 2006;ARG06;8,00
32,00;Argentina;2007;32;Argentina;ARG;160,00;Argentina 2007;ARG07;8,00
32,00;Argentina;2008;32;Argentina;ARG;160,00;Argentina 2008;ARG08;8,00
32,00;Argentina;2009;32;Argentina;ARG;160,00;Argentina 2009;ARG09;8,00
32,00;Argentina;2010;32;Argentina;ARG;160,00;Argentina 2010;ARG10;8,00
32,00;Argentina;2011;32;Argentina;ARG;160,00;Argentina 2011;ARG11;8,00
32,00;Argentina;2012;32;Argentina;ARG;160,00;Argentina 2012;ARG12;8,00
32,00;Argentina;2013;32;Argentina;ARG;160,00;Argentina 2013;ARG13;8,00
32,00;Argentina;2014;32;Argentina;ARG;160,00;Argentina 2014;ARG14;8,00
32,00;Argentina;2015;32;Argentina;ARG;160,00;Argentina 2015;ARG15;9,00
32,00;Argentina;2016;32;Argentina;ARG;160,00;Argentina 2016;ARG16;9,00
32,00;Argentina;2017;32;Argentina;ARG;160,00;Argentina 2017;ARG17;9,00
32,00;Argentina;2018;32;Argentina;ARG;160,00;Argentina 2018;ARG18;9,00
36,00;Australia;1946;36;Australia;AUS;900,00;Australia 1946;AUS46;10,00
36,00;Australia;1947;36;Australia;AUS;900,00;Australia 1947;AUS47;10,00
36,00;Australia;1948;36;Australia;AUS;900,00;Australia 1948;AUS48;10,00
36,00;Australia;1949;36;Australia;AUS;900,00;Australia 1949;AUS49;10,00
36,00;Australia;1950;36;Australia;AUS;900,00;Australia 1950;AUS50;10,00
36,00;Australia;1951;36;Australia;AUS;900,00;Australia 1951;AUS51;10,00
36,00;Australia;1952;36;Australia;AUS;900,00;Australia 1952;AUS52;10,00
36,00;Australia;1953;36;Australia;AUS;900,00;Australia 1953;AUS53;10,00
36,00;Australia;1954;36;Australia;AUS;900,00;Australia 1954;AUS54;10,00
36,00;Australia;1955;36;Australia;AUS;900,00;Australia 1955;AUS55;10,00
36,00;Australia;1956;36;Australia;AUS;900,00;Australia 1956;AUS56;10,00
36,00;Australia;1957;36;Australia;AUS;900,00;Australia 1957;AUS57;10,00
36,00;Australia;1958;36;Australia;AUS;900,00;Australia 1958;AUS58;10,00
36,00;Australia;1959;36;Australia;AUS;900,00;Australia 1959;AUS59;10,00
36,00;Australia;1960;36;Australia;AUS;900,00;Australia 1960;AUS60;10,00
36,00;Australia;1961;36;Australia;AUS;900,00;Australia 1961;AUS61;10,00
36,00;Australia;1962;36;Australia;AUS;900,00;Australia 1962;AUS62;10,00
36,00;Australia;1963;36;Australia;AUS;900,00;Australia 1963;AUS63;10,00
36,00;Australia;1964;36;Australia;AUS;900,00;Australia 1964;AUS64;10,00
36,00;Australia;1965;36;Australia;AUS;900,00;Australia 1965;AUS65;10,00
36,00;Australia;1966;36;Australia;AUS;900,00;Australia 1966;AUS66;10,00
36,00;Australia;1967;36;Australia;AUS;900,00;Australia 1967;AUS67;10,00
36,00;Australia;1968;36;Australia;AUS;900,00;Australia 1968;AUS68;10,00
36,00;Australia;1969;36;Australia;AUS;900,00;Australia 1969;AUS69;10,00
36,00;Australia;1970;36;Australia;AUS;900,00;Australia 1970;AUS70;10,00
36,00;Australia;1971;36;Australia;AUS;900,00;Australia 1971;AUS71;10,00
36,00;Australia;1972;36;Australia;AUS;900,00;Australia 1972;AUS72;10,00
36,00;Australia;1973;36;Australia;AUS;900,00;Australia 1973;AUS73;10,00
36,00;Australia;1974;36;Australia;AUS;900,00;Australia 1974;AUS74;10,00
36,00;Australia;1975;36;Australia;AUS;900,00;Australia 1975;AUS75;10,00
36,00;Australia;1976;36;Australia;AUS;900,00;Australia 1976;AUS76;10,00
36,00;Australia;1977;36;Australia;AUS;900,00;Australia 1977;AUS77;10,00
36,00;Australia;1978;36;Australia;AUS;900,00;Australia 1978;AUS78;10,00
36,00;Australia;1979;36;Australia;AUS;900,00;Australia 1979;AUS79;10,00
36,00;Australia;1980;36;Australia;AUS;900,00;Australia 1980;AUS80;10,00
36,00;Australia;1981;36;Australia;AUS;900,00;Australia 1981;AUS81;10,00
36,00;Australia;1982;36;Australia;AUS;900,00;Australia 1982;AUS82;10,00
36,00;Australia;1983;36;Australia;AUS;900,00;Australia 1983;AUS83;10,00
36,00;Australia;1984;36;Australia;AUS;900,00;Australia 1984;AUS84;10,00
36,00;Australia;1985;36;Australia;AUS;900,00;Australia 1985;AUS85;10,00
36,00;Australia;1986;36;Australia;AUS;900,00;Australia 1986;AUS86;10,00
36,00;Australia;1987;36;Australia;AUS;900,00;Australia 1987;AUS87;10,00
36,00;Australia;1988;36;Australia;AUS;900,00;Australia 1988;AUS88;10,00
36,00;Australia;1989;36;Australia;AUS;900,00;Australia 1989;AUS89;10,00
36,00;Australia;1990;36;Australia;AUS;900,00;Australia 1990;AUS90;10,00
36,00;Australia;1991;36;Australia;AUS;900,00;Australia 1991;AUS91;10,00
36,00;Australia;1992;36;Australia;AUS;900,00;Australia 1992;AUS92;10,00
36,00;Australia;1993;36;Australia;AUS;900,00;Australia 1993;AUS93;10,00
36,00;Australia;1994;36;Australia;AUS;900,00;Australia 1994;AUS94;10,00
36,00;Australia;1995;36;Australia;AUS;900,00;Australia 1995;AUS95;10,00
36,00;Australia;1996;36;Australia;AUS;900,00;Australia 1996;AUS96;10,00
36,00;Australia;1997;36;Australia;AUS;900,00;Australia 1997;AUS97;10,00
36,00;Australia;1998;36;Australia;AUS;900,00;Australia 1998;AUS98;10,00
36,00;Australia;1999;36;Australia;AUS;900,00;Australia 1999;AUS99;10,00
36,00;Australia;2000;36;Australia;AUS;900,00;Australia 2000;AUS00;10,00
36,00;Australia;2001;36;Australia;AUS;900,00;Australia 2001;AUS01;10,00
36,00;Australia;2002;36;Australia;AUS;900,00;Australia 2002;AUS02;10,00
36,00;Australia;2003;36;Australia;AUS;900,00;Australia 2003;AUS03;10,00
36,00;Australia;2004;36;Australia;AUS;900,00;Australia 2004;AUS04;10,00
36,00;Australia;2005;36;Australia;AUS;900,00;Australia 2005;AUS05;10,00
36,00;Australia;2006;36;Australia;AUS;900,00;Australia 2006;AUS06;10,00
36,00;Australia;2007;36;Australia;AUS;900,00;Australia 2007;AUS07;10,00
36,00;Australia;2008;36;Australia;AUS;900,00;Australia 2008;AUS08;10,00
36,00;Australia;2009;36;Australia;AUS;900,00;Australia 2009;AUS09;10,00
36,00;Australia;2010;36;Australia;AUS;900,00;Australia 2010;AUS10;10,00
36,00;Australia;2011;36;Australia;AUS;900,00;Australia 2011;AUS11;10,00
36,00;Australia;2012;36;Australia;AUS;900,00;Australia 2012;AUS12;10,00
36,00;Australia;2013;36;Australia;AUS;900,00;Australia 2013;AUS13;10,00
36,00;Australia;2014;36;Australia;AUS;900,00;Australia 2014;AUS14;10,00
36,00;Australia;2015;36;Australia;AUS;900,00;Australia 2015;AUS15;10,00
36,00;Australia;2016;36;Australia;AUS;900,00;Australia 2016;AUS16;10,00
36,00;Australia;2017;36;Australia;AUS;900,00;Australia 2017;AUS17;10,00
36,00;Australia;2018;36;Australia;AUS;900,00;Australia 2018;AUS18;10,00
40,00;Austria;1955;40;Austria;AUT;305,00;Austria 1955;AUT55;10,00
40,00;Austria;1956;40;Austria;AUT;305,00;Austria 1956;AUT56;10,00
40,00;Austria;1957;40;Austria;AUT;305,00;Austria 1957;AUT57;10,00
40,00;Austria;1958;40;Austria;AUT;305,00;Austria 1958;AUT58;10,00
40,00;Austria;1959;40;Austria;AUT;305,00;Austria 1959;AUT59;10,00
40,00;Austria;1960;40;Austria;AUT;305,00;Austria 1960;AUT60;10,00
40,00;Austria;1961;40;Austria;AUT;305,00;Austria 1961;AUT61;10,00
40,00;Austria;1962;40;Austria;AUT;305,00;Austria 1962;AUT62;10,00
40,00;Austria;1963;40;Austria;AUT;305,00;Austria 1963;AUT63;10,00
40,00;Austria;1964;40;Austria;AUT;305,00;Austria 1964;AUT64;10,00
40,00;Austria;1965;40;Austria;AUT;305,00;Austria 1965;AUT65;10,00
40,00;Austria;1966;40;Austria;AUT;305,00;Austria 1966;AUT66;10,00
40,00;Austria;1967;40;Austria;AUT;305,00;Austria 1967;AUT67;10,00
40,00;Austria;1968;40;Austria;AUT;305,00;Austria 1968;AUT68;10,00
40,00;Austria;1969;40;Austria;AUT;305,00;Austria 1969;AUT69;10,00
40,00;Austria;1970;40;Austria;AUT;305,00;Austria 1970;AUT70;10,00
40,00;Austria;1971;40;Austria;AUT;305,00;Austria 1971;AUT71;10,00
40,00;Austria;1972;40;Austria;AUT;305,00;Austria 1972;AUT72;10,00
40,00;Austria;1973;40;Austria;AUT;305,00;Austria 1973;AUT73;10,00
40,00;Austria;1974;40;Austria;AUT;305,00;Austria 1974;AUT74;10,00
40,00;Austria;1975;40;Austria;AUT;305,00;Austria 1975;AUT75;10,00
40,00;Austria;1976;40;Austria;AUT;305,00;Austria 1976;AUT76;10,00
40,00;Austria;1977;40;Austria;AUT;305,00;Austria 1977;AUT77;10,00
40,00;Austria;1978;40;Austria;AUT;305,00;Austria 1978;AUT78;10,00
40,00;Austria;1979;40;Austria;AUT;305,00;Austria 1979;AUT79;10,00
40,00;Austria;1980;40;Austria;AUT;305,00;Austria 1980;AUT80;10,00
40,00;Austria;1981;40;Austria;AUT;305,00;Austria 1981;AUT81;10,00
40,00;Austria;1982;40;Austria;AUT;305,00;Austria 1982;AUT82;10,00
40,00;Austria;1983;40;Austria;AUT;305,00;Austria 1983;AUT83;10,00
40,00;Austria;1984;40;Austria;AUT;305,00;Austria 1984;AUT84;10,00
40,00;Austria;1985;40;Austria;AUT;305,00;Austria 1985;AUT85;10,00
40,00;Austria;1986;40;Austria;AUT;305,00;Austria 1986;AUT86;10,00
40,00;Austria;1987;40;Austria;AUT;305,00;Austria 1987;AUT87;10,00
40,00;Austria;1988;40;Austria;AUT;305,00;Austria 1988;AUT88;10,00
40,00;Austria;1989;40;Austria;AUT;305,00;Austria 1989;AUT89;10,00
40,00;Austria;1990;40;Austria;AUT;305,00;Austria 1990;AUT90;10,00
40,00;Austria;1991;40;Austria;AUT;305,00;Austria 1991;AUT91;10,00
40,00;Austria;1992;40;Austria;AUT;305,00;Austria 1992;AUT92;10,00
40,00;Austria;1993;40;Austria;AUT;305,00;Austria 1993;AUT93;10,00
40,00;Austria;1994;40;Austria;AUT;305,00;Austria 1994;AUT94;10,00
40,00;Austria;1995;40;Austria;AUT;305,00;Austria 1995;AUT95;10,00
40,00;Austria;1996;40;Austria;AUT;305,00;Austria 1996;AUT96;10,00
40,00;Austria;1997;40;Austria;AUT;305,00;Austria 1997;AUT97;10,00
40,00;Austria;1998;40;Austria;AUT;305,00;Austria 1998;AUT98;10,00
40,00;Austria;1999;40;Austria;AUT;305,00;Austria 1999;AUT99;10,00
40,00;Austria;2000;40;Austria;AUT;305,00;Austria 2000;AUT00;10,00
40,00;Austria;2001;40;Austria;AUT;305,00;Austria 2001;AUT01;10,00
40,00;Austria;2002;40;Austria;AUT;305,00;Austria 2002;AUT02;10,00
40,00;Austria;2003;40;Austria;AUT;305,00;Austria 2003;AUT03;10,00
40,00;Austria;2004;40;Austria;AUT;305,00;Austria 2004;AUT04;10,00
40,00;Austria;2005;40;Austria;AUT;305,00;Austria 2005;AUT05;10,00
40,00;Austria;2006;40;Austria;AUT;305,00;Austria 2006;AUT06;10,00
40,00;Austria;2007;40;Austria;AUT;305,00;Austria 2007;AUT07;10,00
40,00;Austria;2008;40;Austria;AUT;305,00;Austria 2008;AUT08;10,00
40,00;Austria;2009;40;Austria;AUT;305,00;Austria 2009;AUT09;10,00
40,00;Austria;2010;40;Austria;AUT;305,00;Austria 2010;AUT10;10,00
40,00;Austria;2011;40;Austria;AUT;305,00;Austria 2011;AUT11;10,00
40,00;Austria;2012;40;Austria;AUT;305,00;Austria 2012;AUT12;10,00
40,00;Austria;2013;40;Austria;AUT;305,00;Austria 2013;AUT13;10,00
40,00;Austria;2014;40;Austria;AUT;305,00;Austria 2014;AUT14;10,00
40,00;Austria;2015;40;Austria;AUT;305,00;Austria 2015;AUT15;10,00
40,00;Austria;2016;40;Austria;AUT;305,00;Austria 2016;AUT16;10,00
40,00;Austria;2017;40;Austria;AUT;305,00;Austria 2017;AUT17;10,00
40,00;Austria;2018;40;Austria;AUT;305,00;Austria 2018;AUT18;10,00
48,00;Bahrain;1972;48;Bahrain;BHR;692,00;Bahrain 1972;BHR72;-10,00
48,00;Bahrain;1973;48;Bahrain;BHR;692,00;Bahrain 1973;BHR73;-7,00
48,00;Bahrain;1974;48;Bahrain;BHR;692,00;Bahrain 1974;BHR74;-7,00
48,00;Bahrain;1975;48;Bahrain;BHR;692,00;Bahrain 1975;BHR75;-10,00
48,00;Bahrain;1976;48;Bahrain;BHR;692,00;Bahrain 1976;BHR76;-10,00
48,00;Bahrain;1977;48;Bahrain;BHR;692,00;Bahrain 1977;BHR77;-10,00
48,00;Bahrain;1978;48;Bahrain;BHR;692,00;Bahrain 1978;BHR78;-10,00
48,00;Bahrain;1979;48;Bahrain;BHR;692,00;Bahrain 1979;BHR79;-10,00
48,00;Bahrain;1980;48;Bahrain;BHR;692,00;Bahrain 1980;BHR80;-10,00
48,00;Bahrain;1981;48;Bahrain;BHR;692,00;Bahrain 1981;BHR81;-10,00
48,00;Bahrain;1982;48;Bahrain;BHR;692,00;Bahrain 1982;BHR82;-10,00
48,00;Bahrain;1983;48;Bahrain;BHR;692,00;Bahrain 1983;BHR83;-10,00
48,00;Bahrain;1984;48;Bahrain;BHR;692,00;Bahrain 1984;BHR84;-10,00
48,00;Bahrain;1985;48;Bahrain;BHR;692,00;Bahrain 1985;BHR85;-10,00
48,00;Bahrain;1986;48;Bahrain;BHR;692,00;Bahrain 1986;BHR86;-10,00
48,00;Bahrain;1987;48;Bahrain;BHR;692,00;Bahrain 1987;BHR87;-10,00
48,00;Bahrain;1988;48;Bahrain;BHR;692,00;Bahrain 1988;BHR88;-10,00
48,00;Bahrain;1989;48;Bahrain;BHR;692,00;Bahrain 1989;BHR89;-10,00
48,00;Bahrain;1990;48;Bahrain;BHR;692,00;Bahrain 1990;BHR90;-10,00
48,00;Bahrain;1991;48;Bahrain;BHR;692,00;Bahrain 1991;BHR91;-10,00
48,00;Bahrain;1992;48;Bahrain;BHR;692,00;Bahrain 1992;BHR92;-10,00
48,00;Bahrain;1993;48;Bahrain;BHR;692,00;Bahrain 1993;BHR93;-9,00
48,00;Bahrain;1994;48;Bahrain;BHR;692,00;Bahrain 1994;BHR94;-9,00
48,00;Bahrain;1995;48;Bahrain;BHR;692,00;Bahrain 1995;BHR95;-9,00
48,00;Bahrain;1996;48;Bahrain;BHR;692,00;Bahrain 1996;BHR96;-9,00
48,00;Bahrain;1997;48;Bahrain;BHR;692,00;Bahrain 1997;BHR97;-9,00
48,00;Bahrain;1998;48;Bahrain;BHR;692,00;Bahrain 1998;BHR98;-9,00
48,00;Bahrain;1999;48;Bahrain;BHR;692,00;Bahrain 1999;BHR99;-9,00
48,00;Bahrain;2000;48;Bahrain;BHR;692,00;Bahrain 2000;BHR00;-9,00
48,00;Bahrain;2001;48;Bahrain;BHR;692,00;Bahrain 2001;BHR01;-8,00
48,00;Bahrain;2002;48;Bahrain;BHR;692,00;Bahrain 2002;BHR02;-7,00
48,00;Bahrain;2003;48;Bahrain;BHR;692,00;Bahrain 2003;BHR03;-7,00
48,00;Bahrain;2004;48;Bahrain;BHR;692,00;Bahrain 2004;BHR04;-7,00
48,00;Bahrain;2005;48;Bahrain;BHR;692,00;Bahrain 2005;BHR05;-7,00
48,00;Bahrain;2006;48;Bahrain;BHR;692,00;Bahrain 2006;BHR06;-7,00
48,00;Bahrain;2007;48;Bahrain;BHR;692,00;Bahrain 2007;BHR07;-7,00
48,00;Bahrain;2008;48;Bahrain;BHR;692,00;Bahrain 2008;BHR08;-7,00
48,00;Bahrain;2009;48;Bahrain;BHR;692,00;Bahrain 2009;BHR09;-7,00
48,00;Bahrain;2010;48;Bahrain;BHR;692,00;Bahrain 2010;BHR10;-5,00
48,00;Bahrain;2011;48;Bahrain;BHR;692,00;Bahrain 2011;BHR11;-8,00
48,00;Bahrain;2012;48;Bahrain;BHR;692,00;Bahrain 2012;BHR12;-10,00
48,00;Bahrain;2013;48;Bahrain;BHR;692,00;Bahrain 2013;BHR13;-10,00
48,00;Bahrain;2014;48;Bahrain;BHR;692,00;Bahrain 2014;BHR14;-10,00
48,00;Bahrain;2015;48;Bahrain;BHR;692,00;Bahrain 2015;BHR15;-10,00
48,00;Bahrain;2016;48;Bahrain;BHR;692,00;Bahrain 2016;BHR16;-10,00
48,00;Bahrain;2017;48;Bahrain;BHR;692,00;Bahrain 2017;BHR17;-10,00
48,00;Bahrain;2018;48;Bahrain;BHR;692,00;Bahrain 2018;BHR18;-10,00
50,00;Bangladesh;1972;50;Bangladesh;BGD;771,00;Bangladesh 1972;BGD72;8,00
50,00;Bangladesh;1973;50;Bangladesh;BGD;771,00;Bangladesh 1973;BGD73;8,00
50,00;Bangladesh;1974;50;Bangladesh;BGD;771,00;Bangladesh 1974;BGD74;-2,00
50,00;Bangladesh;1975;50;Bangladesh;BGD;771,00;Bangladesh 1975;BGD75;-7,00
50,00;Bangladesh;1976;50;Bangladesh;BGD;771,00;Bangladesh 1976;BGD76;-7,00
50,00;Bangladesh;1977;50;Bangladesh;BGD;771,00;Bangladesh 1977;BGD77;-7,00
50,00;Bangladesh;1978;50;Bangladesh;BGD;771,00;Bangladesh 1978;BGD78;-4,00
50,00;Bangladesh;1979;50;Bangladesh;BGD;771,00;Bangladesh 1979;BGD79;-4,00
50,00;Bangladesh;1980;50;Bangladesh;BGD;771,00;Bangladesh 1980;BGD80;-4,00
50,00;Bangladesh;1981;50;Bangladesh;BGD;771,00;Bangladesh 1981;BGD81;-4,00
50,00;Bangladesh;1982;50;Bangladesh;BGD;771,00;Bangladesh 1982;BGD82;-7,00
50,00;Bangladesh;1983;50;Bangladesh;BGD;771,00;Bangladesh 1983;BGD83;-7,00
50,00;Bangladesh;1984;50;Bangladesh;BGD;771,00;Bangladesh 1984;BGD84;-7,00
50,00;Bangladesh;1985;50;Bangladesh;BGD;771,00;Bangladesh 1985;BGD85;-7,00
50,00;Bangladesh;1986;50;Bangladesh;BGD;771,00;Bangladesh 1986;BGD86;-5,00
50,00;Bangladesh;1987;50;Bangladesh;BGD;771,00;Bangladesh 1987;BGD87;-5,00
50,00;Bangladesh;1988;50;Bangladesh;BGD;771,00;Bangladesh 1988;BGD88;-5,00
50,00;Bangladesh;1989;50;Bangladesh;BGD;771,00;Bangladesh 1989;BGD89;-5,00
50,00;Bangladesh;1990;50;Bangladesh;BGD;771,00;Bangladesh 1990;BGD90;-5,00
50,00;Bangladesh;1991;50;Bangladesh;BGD;771,00;Bangladesh 1991;BGD91;6,00
50,00;Bangladesh;1992;50;Bangladesh;BGD;771,00;Bangladesh 1992;BGD92;6,00
50,00;Bangladesh;1993;50;Bangladesh;BGD;771,00;Bangladesh 1993;BGD93;6,00
50,00;Bangladesh;1994;50;Bangladesh;BGD;771,00;Bangladesh 1994;BGD94;6,00
50,00;Bangladesh;1995;50;Bangladesh;BGD;771,00;Bangladesh 1995;BGD95;6,00
50,00;Bangladesh;1996;50;Bangladesh;BGD;771,00;Bangladesh 1996;BGD96;6,00
50,00;Bangladesh;1997;50;Bangladesh;BGD;771,00;Bangladesh 1997;BGD97;6,00
50,00;Bangladesh;1998;50;Bangladesh;BGD;771,00;Bangladesh 1998;BGD98;6,00
50,00;Bangladesh;1999;50;Bangladesh;BGD;771,00;Bangladesh 1999;BGD99;6,00
50,00;Bangladesh;2000;50;Bangladesh;BGD;771,00;Bangladesh 2000;BGD00;6,00
50,00;Bangladesh;2001;50;Bangladesh;BGD;771,00;Bangladesh 2001;BGD01;6,00
50,00;Bangladesh;2002;50;Bangladesh;BGD;771,00;Bangladesh 2002;BGD02;6,00
50,00;Bangladesh;2003;50;Bangladesh;BGD;771,00;Bangladesh 2003;BGD03;6,00
50,00;Bangladesh;2004;50;Bangladesh;BGD;771,00;Bangladesh 2004;BGD04;6,00
50,00;Bangladesh;2005;50;Bangladesh;BGD;771,00;Bangladesh 2005;BGD05;6,00
50,00;Bangladesh;2006;50;Bangladesh;BGD;771,00;Bangladesh 2006;BGD06;6,00
50,00;Bangladesh;2007;50;Bangladesh;BGD;771,00;Bangladesh 2007;BGD07;-6,00
50,00;Bangladesh;2008;50;Bangladesh;BGD;771,00;Bangladesh 2008;BGD08;-6,00
50,00;Bangladesh;2009;50;Bangladesh;BGD;771,00;Bangladesh 2009;BGD09;5,00
50,00;Bangladesh;2010;50;Bangladesh;BGD;771,00;Bangladesh 2010;BGD10;5,00
50,00;Bangladesh;2011;50;Bangladesh;BGD;771,00;Bangladesh 2011;BGD11;5,00
50,00;Bangladesh;2012;50;Bangladesh;BGD;771,00;Bangladesh 2012;BGD12;5,00
50,00;Bangladesh;2013;50;Bangladesh;BGD;771,00;Bangladesh 2013;BGD13;4,00
50,00;Bangladesh;2014;50;Bangladesh;BGD;771,00;Bangladesh 2014;BGD14;1,00
50,00;Bangladesh;2015;50;Bangladesh;BGD;771,00;Bangladesh 2015;BGD15;1,00
50,00;Bangladesh;2016;50;Bangladesh;BGD;771,00;Bangladesh 2016;BGD16;1,00
50,00;Bangladesh;2017;50;Bangladesh;BGD;771,00;Bangladesh 2017;BGD17;1,00
50,00;Bangladesh;2018;50;Bangladesh;BGD;771,00;Bangladesh 2018;BGD18;-6,00
51,00;Armenia;1992;51;Armenia;ARM;371,00;Armenia 1992;ARM92;6,00
51,00;Armenia;1993;51;Armenia;ARM;371,00;Armenia 1993;ARM93;6,00
51,00;Armenia;1994;51;Armenia;ARM;371,00;Armenia 1994;ARM94;6,00
51,00;Armenia;1995;51;Armenia;ARM;371,00;Armenia 1995;ARM95;1,00
51,00;Armenia;1996;51;Armenia;ARM;371,00;Armenia 1996;ARM96;-6,00
51,00;Armenia;1997;51;Armenia;ARM;371,00;Armenia 1997;ARM97;-6,00
51,00;Armenia;1998;51;Armenia;ARM;371,00;Armenia 1998;ARM98;5,00
51,00;Armenia;1999;51;Armenia;ARM;371,00;Armenia 1999;ARM99;5,00
51,00;Armenia;2000;51;Armenia;ARM;371,00;Armenia 2000;ARM00;5,00
51,00;Armenia;2001;51;Armenia;ARM;371,00;Armenia 2001;ARM01;5,00
51,00;Armenia;2002;51;Armenia;ARM;371,00;Armenia 2002;ARM02;5,00
51,00;Armenia;2003;51;Armenia;ARM;371,00;Armenia 2003;ARM03;5,00
51,00;Armenia;2004;51;Armenia;ARM;371,00;Armenia 2004;ARM04;5,00
51,00;Armenia;2005;51;Armenia;ARM;371,00;Armenia 2005;ARM05;5,00
51,00;Armenia;2006;51;Armenia;ARM;371,00;Armenia 2006;ARM06;5,00
51,00;Armenia;2007;51;Armenia;ARM;371,00;Armenia 2007;ARM07;5,00
51,00;Armenia;2008;51;Armenia;ARM;371,00;Armenia 2008;ARM08;5,00
51,00;Armenia;2009;51;Armenia;ARM;371,00;Armenia 2009;ARM09;5,00
51,00;Armenia;2010;51;Armenia;ARM;371,00;Armenia 2010;ARM10;5,00
51,00;Armenia;2011;51;Armenia;ARM;371,00;Armenia 2011;ARM11;5,00
51,00;Armenia;2012;51;Armenia;ARM;371,00;Armenia 2012;ARM12;5,00
51,00;Armenia;2013;51;Armenia;ARM;371,00;Armenia 2013;ARM13;5,00
51,00;Armenia;2014;51;Armenia;ARM;371,00;Armenia 2014;ARM14;5,00
51,00;Armenia;2015;51;Armenia;ARM;371,00;Armenia 2015;ARM15;5,00
51,00;Armenia;2016;51;Armenia;ARM;371,00;Armenia 2016;ARM16;5,00
51,00;Armenia;2017;51;Armenia;ARM;371,00;Armenia 2017;ARM17;5,00
51,00;Armenia;2018;51;Armenia;ARM;371,00;Armenia 2018;ARM18;7,00
56,00;Belgium;1946;56;Belgium;BEL;211,00;Belgium 1946;BEL46;8,00
56,00;Belgium;1947;56;Belgium;BEL;211,00;Belgium 1947;BEL47;8,00
56,00;Belgium;1948;56;Belgium;BEL;211,00;Belgium 1948;BEL48;8,00
56,00;Belgium;1949;56;Belgium;BEL;211,00;Belgium 1949;BEL49;8,00
56,00;Belgium;1950;56;Belgium;BEL;211,00;Belgium 1950;BEL50;8,00
56,00;Belgium;1951;56;Belgium;BEL;211,00;Belgium 1951;BEL51;9,00
56,00;Belgium;1952;56;Belgium;BEL;211,00;Belgium 1952;BEL52;9,00
56,00;Belgium;1953;56;Belgium;BEL;211,00;Belgium 1953;BEL53;9,00
56,00;Belgium;1954;56;Belgium;BEL;211,00;Belgium 1954;BEL54;9,00
56,00;Belgium;1955;56;Belgium;BEL;211,00;Belgium 1955;BEL55;9,00
56,00;Belgium;1956;56;Belgium;BEL;211,00;Belgium 1956;BEL56;9,00
56,00;Belgium;1957;56;Belgium;BEL;211,00;Belgium 1957;BEL57;9,00
56,00;Belgium;1958;56;Belgium;BEL;211,00;Belgium 1958;BEL58;9,00
56,00;Belgium;1959;56;Belgium;BEL;211,00;Belgium 1959;BEL59;9,00
56,00;Belgium;1960;56;Belgium;BEL;211,00;Belgium 1960;BEL60;9,00
56,00;Belgium;1961;56;Belgium;BEL;211,00;Belgium 1961;BEL61;9,00
56,00;Belgium;1962;56;Belgium;BEL;211,00;Belgium 1962;BEL62;9,00
56,00;Belgium;1963;56;Belgium;BEL;211,00;Belgium 1963;BEL63;9,00
56,00;Belgium;1964;56;Belgium;BEL;211,00;Belgium 1964;BEL64;9,00
56,00;Belgium;1965;56;Belgium;BEL;211,00;Belgium 1965;BEL65;9,00
56,00;Belgium;1966;56;Belgium;BEL;211,00;Belgium 1966;BEL66;9,00
56,00;Belgium;1967;56;Belgium;BEL;211,00;Belgium 1967;BEL67;9,00
56,00;Belgium;1968;56;Belgium;BEL;211,00;Belgium 1968;BEL68;9,00
56,00;Belgium;1969;56;Belgium;BEL;211,00;Belgium 1969;BEL69;9,00
56,00;Belgium;1970;56;Belgium;BEL;211,00;Belgium 1970;BEL70;10,00
56,00;Belgium;1971;56;Belgium;BEL;211,00;Belgium 1971;BEL71;10,00
56,00;Belgium;1972;56;Belgium;BEL;211,00;Belgium 1972;BEL72;10,00
56,00;Belgium;1973;56;Belgium;BEL;211,00;Belgium 1973;BEL73;10,00
56,00;Belgium;1974;56;Belgium;BEL;211,00;Belgium 1974;BEL74;10,00
56,00;Belgium;1975;56;Belgium;BEL;211,00;Belgium 1975;BEL75;10,00
56,00;Belgium;1976;56;Belgium;BEL;211,00;Belgium 1976;BEL76;10,00
56,00;Belgium;1977;56;Belgium;BEL;211,00;Belgium 1977;BEL77;10,00
56,00;Belgium;1978;56;Belgium;BEL;211,00;Belgium 1978;BEL78;10,00
56,00;Belgium;1979;56;Belgium;BEL;211,00;Belgium 1979;BEL79;10,00
56,00;Belgium;1980;56;Belgium;BEL;211,00;Belgium 1980;BEL80;10,00
56,00;Belgium;1981;56;Belgium;BEL;211,00;Belgium 1981;BEL81;10,00
56,00;Belgium;1982;56;Belgium;BEL;211,00;Belgium 1982;BEL82;10,00
56,00;Belgium;1983;56;Belgium;BEL;211,00;Belgium 1983;BEL83;10,00
56,00;Belgium;1984;56;Belgium;BEL;211,00;Belgium 1984;BEL84;10,00
56,00;Belgium;1985;56;Belgium;BEL;211,00;Belgium 1985;BEL85;10,00
56,00;Belgium;1986;56;Belgium;BEL;211,00;Belgium 1986;BEL86;10,00
56,00;Belgium;1987;56;Belgium;BEL;211,00;Belgium 1987;BEL87;10,00
56,00;Belgium;1988;56;Belgium;BEL;211,00;Belgium 1988;BEL88;10,00
56,00;Belgium;1989;56;Belgium;BEL;211,00;Belgium 1989;BEL89;10,00
56,00;Belgium;1990;56;Belgium;BEL;211,00;Belgium 1990;BEL90;10,00
56,00;Belgium;1991;56;Belgium;BEL;211,00;Belgium 1991;BEL91;10,00
56,00;Belgium;1992;56;Belgium;BEL;211,00;Belgium 1992;BEL92;10,00
56,00;Belgium;1993;56;Belgium;BEL;211,00;Belgium 1993;BEL93;10,00
56,00;Belgium;1994;56;Belgium;BEL;211,00;Belgium 1994;BEL94;10,00
56,00;Belgium;1995;56;Belgium;BEL;211,00;Belgium 1995;BEL95;10,00
56,00;Belgium;1996;56;Belgium;BEL;211,00;Belgium 1996;BEL96;10,00
56,00;Belgium;1997;56;Belgium;BEL;211,00;Belgium 1997;BEL97;10,00
56,00;Belgium;1998;56;Belgium;BEL;211,00;Belgium 1998;BEL98;10,00
56,00;Belgium;1999;56;Belgium;BEL;211,00;Belgium 1999;BEL99;10,00
56,00;Belgium;2000;56;Belgium;BEL;211,00;Belgium 2000;BEL00;10,00
56,00;Belgium;2001;56;Belgium;BEL;211,00;Belgium 2001;BEL01;10,00
56,00;Belgium;2002;56;Belgium;BEL;211,00;Belgium 2002;BEL02;10,00
56,00;Belgium;2003;56;Belgium;BEL;211,00;Belgium 2003;BEL03;10,00
56,00;Belgium;2004;56;Belgium;BEL;211,00;Belgium 2004;BEL04;10,00
56,00;Belgium;2005;56;Belgium;BEL;211,00;Belgium 2005;BEL05;10,00
56,00;Belgium;2006;56;Belgium;BEL;211,00;Belgium 2006;BEL06;10,00
56,00;Belgium;2007;56;Belgium;BEL;211,00;Belgium 2007;BEL07;8,00
56,00;Belgium;2008;56;Belgium;BEL;211,00;Belgium 2008;BEL08;8,00
56,00;Belgium;2009;56;Belgium;BEL;211,00;Belgium 2009;BEL09;8,00
56,00;Belgium;2010;56;Belgium;BEL;211,00;Belgium 2010;BEL10;8,00
56,00;Belgium;2011;56;Belgium;BEL;211,00;Belgium 2011;BEL11;8,00
56,00;Belgium;2012;56;Belgium;BEL;211,00;Belgium 2012;BEL12;8,00
56,00;Belgium;2013;56;Belgium;BEL;211,00;Belgium 2013;BEL13;8,00
56,00;Belgium;2014;56;Belgium;BEL;211,00;Belgium 2014;BEL14;8,00
56,00;Belgium;2015;56;Belgium;BEL;211,00;Belgium 2015;BEL15;8,00
56,00;Belgium;2016;56;Belgium;BEL;211,00;Belgium 2016;BEL16;8,00
56,00;Belgium;2017;56;Belgium;BEL;211,00;Belgium 2017;BEL17;8,00
56,00;Belgium;2018;56;Belgium;BEL;211,00;Belgium 2018;BEL18;8,00
64,00;Bhutan;1946;64;Bhutan;BTN;760,00;Bhutan 1946;BTN46;-10,00
64,00;Bhutan;1947;64;Bhutan;BTN;760,00;Bhutan 1947;BTN47;-10,00
64,00;Bhutan;1948;64;Bhutan;BTN;760,00;Bhutan 1948;BTN48;-10,00
64,00;Bhutan;1949;64;Bhutan;BTN;760,00;Bhutan 1949;BTN49;-10,00
64,00;Bhutan;1950;64;Bhutan;BTN;760,00;Bhutan 1950;BTN50;-10,00
64,00;Bhutan;1951;64;Bhutan;BTN;760,00;Bhutan 1951;BTN51;-10,00
64,00;Bhutan;1952;64;Bhutan;BTN;760,00;Bhutan 1952;BTN52;-10,00
64,00;Bhutan;1953;64;Bhutan;BTN;760,00;Bhutan 1953;BTN53;-10,00
64,00;Bhutan;1954;64;Bhutan;BTN;760,00;Bhutan 1954;BTN54;-10,00
64,00;Bhutan;1955;64;Bhutan;BTN;760,00;Bhutan 1955;BTN55;-10,00
64,00;Bhutan;1956;64;Bhutan;BTN;760,00;Bhutan 1956;BTN56;-10,00
64,00;Bhutan;1957;64;Bhutan;BTN;760,00;Bhutan 1957;BTN57;-10,00
64,00;Bhutan;1958;64;Bhutan;BTN;760,00;Bhutan 1958;BTN58;-10,00
64,00;Bhutan;1959;64;Bhutan;BTN;760,00;Bhutan 1959;BTN59;-10,00
64,00;Bhutan;1960;64;Bhutan;BTN;760,00;Bhutan 1960;BTN60;-10,00
64,00;Bhutan;1961;64;Bhutan;BTN;760,00;Bhutan 1961;BTN61;-10,00
64,00;Bhutan;1962;64;Bhutan;BTN;760,00;Bhutan 1962;BTN62;-10,00
64,00;Bhutan;1963;64;Bhutan;BTN;760,00;Bhutan 1963;BTN63;-10,00
64,00;Bhutan;1964;64;Bhutan;BTN;760,00;Bhutan 1964;BTN64;-10,00
64,00;Bhutan;1965;64;Bhutan;BTN;760,00;Bhutan 1965;BTN65;-10,00
64,00;Bhutan;1966;64;Bhutan;BTN;760,00;Bhutan 1966;BTN66;-10,00
64,00;Bhutan;1967;64;Bhutan;BTN;760,00;Bhutan 1967;BTN67;-10,00
64,00;Bhutan;1968;64;Bhutan;BTN;760,00;Bhutan 1968;BTN68;-10,00
64,00;Bhutan;1969;64;Bhutan;BTN;760,00;Bhutan 1969;BTN69;-10,00
64,00;Bhutan;1970;64;Bhutan;BTN;760,00;Bhutan 1970;BTN70;-10,00
64,00;Bhutan;1971;64;Bhutan;BTN;760,00;Bhutan 1971;BTN71;-10,00
64,00;Bhutan;1972;64;Bhutan;BTN;760,00;Bhutan 1972;BTN72;-10,00
64,00;Bhutan;1973;64;Bhutan;BTN;760,00;Bhutan 1973;BTN73;-10,00
64,00;Bhutan;1974;64;Bhutan;BTN;760,00;Bhutan 1974;BTN74;-10,00
64,00;Bhutan;1975;64;Bhutan;BTN;760,00;Bhutan 1975;BTN75;-10,00
64,00;Bhutan;1976;64;Bhutan;BTN;760,00;Bhutan 1976;BTN76;-10,00
64,00;Bhutan;1977;64;Bhutan;BTN;760,00;Bhutan 1977;BTN77;-10,00
64,00;Bhutan;1978;64;Bhutan;BTN;760,00;Bhutan 1978;BTN78;-10,00
64,00;Bhutan;1979;64;Bhutan;BTN;760,00;Bhutan 1979;BTN79;-10,00
64,00;Bhutan;1980;64;Bhutan;BTN;760,00;Bhutan 1980;BTN80;-10,00
64,00;Bhutan;1981;64;Bhutan;BTN;760,00;Bhutan 1981;BTN81;-10,00
64,00;Bhutan;1982;64;Bhutan;BTN;760,00;Bhutan 1982;BTN82;-10,00
64,00;Bhutan;1983;64;Bhutan;BTN;760,00;Bhutan 1983;BTN83;-10,00
64,00;Bhutan;1984;64;Bhutan;BTN;760,00;Bhutan 1984;BTN84;-10,00
64,00;Bhutan;1985;64;Bhutan;BTN;760,00;Bhutan 1985;BTN85;-10,00
64,00;Bhutan;1986;64;Bhutan;BTN;760,00;Bhutan 1986;BTN86;-10,00
64,00;Bhutan;1987;64;Bhutan;BTN;760,00;Bhutan 1987;BTN87;-10,00
64,00;Bhutan;1988;64;Bhutan;BTN;760,00;Bhutan 1988;BTN88;-10,00
64,00;Bhutan;1989;64;Bhutan;BTN;760,00;Bhutan 1989;BTN89;-10,00
64,00;Bhutan;1990;64;Bhutan;BTN;760,00;Bhutan 1990;BTN90;-10,00
64,00;Bhutan;1991;64;Bhutan;BTN;760,00;Bhutan 1991;BTN91;-10,00
64,00;Bhutan;1992;64;Bhutan;BTN;760,00;Bhutan 1992;BTN92;-10,00
64,00;Bhutan;1993;64;Bhutan;BTN;760,00;Bhutan 1993;BTN93;-10,00
64,00;Bhutan;1994;64;Bhutan;BTN;760,00;Bhutan 1994;BTN94;-10,00
64,00;Bhutan;1995;64;Bhutan;BTN;760,00;Bhutan 1995;BTN95;-10,00
64,00;Bhutan;1996;64;Bhutan;BTN;760,00;Bhutan 1996;BTN96;-10,00
64,00;Bhutan;1997;64;Bhutan;BTN;760,00;Bhutan 1997;BTN97;-10,00
64,00;Bhutan;1998;64;Bhutan;BTN;760,00;Bhutan 1998;BTN98;-10,00
64,00;Bhutan;1999;64;Bhutan;BTN;760,00;Bhutan 1999;BTN99;-10,00
64,00;Bhutan;2000;64;Bhutan;BTN;760,00;Bhutan 2000;BTN00;-10,00
64,00;Bhutan;2001;64;Bhutan;BTN;760,00;Bhutan 2001;BTN01;-10,00
64,00;Bhutan;2002;64;Bhutan;BTN;760,00;Bhutan 2002;BTN02;-10,00
64,00;Bhutan;2003;64;Bhutan;BTN;760,00;Bhutan 2003;BTN03;-10,00
64,00;Bhutan;2004;64;Bhutan;BTN;760,00;Bhutan 2004;BTN04;-10,00
64,00;Bhutan;2005;64;Bhutan;BTN;760,00;Bhutan 2005;BTN05;-5,00
64,00;Bhutan;2006;64;Bhutan;BTN;760,00;Bhutan 2006;BTN06;-5,00
64,00;Bhutan;2007;64;Bhutan;BTN;760,00;Bhutan 2007;BTN07;-5,00
64,00;Bhutan;2008;64;Bhutan;BTN;760,00;Bhutan 2008;BTN08;3,00
64,00;Bhutan;2009;64;Bhutan;BTN;760,00;Bhutan 2009;BTN09;3,00
64,00;Bhutan;2010;64;Bhutan;BTN;760,00;Bhutan 2010;BTN10;3,00
64,00;Bhutan;2011;64;Bhutan;BTN;760,00;Bhutan 2011;BTN11;3,00
64,00;Bhutan;2012;64;Bhutan;BTN;760,00;Bhutan 2012;BTN12;3,00
64,00;Bhutan;2013;64;Bhutan;BTN;760,00;Bhutan 2013;BTN13;5,00
64,00;Bhutan;2014;64;Bhutan;BTN;760,00;Bhutan 2014;BTN14;5,00
64,00;Bhutan;2015;64;Bhutan;BTN;760,00;Bhutan 2015;BTN15;5,00
64,00;Bhutan;2016;64;Bhutan;BTN;760,00;Bhutan 2016;BTN16;5,00
64,00;Bhutan;2017;64;Bhutan;BTN;760,00;Bhutan 2017;BTN17;5,00
64,00;Bhutan;2018;64;Bhutan;BTN;760,00;Bhutan 2018;BTN18;7,00
68,00;Bolivia (Plurinational State of);1946;68;Bolivia;BOL;145,00;Bolivia 1946;BOL46;-5,00
68,00;Bolivia (Plurinational State of);1947;68;Bolivia;BOL;145,00;Bolivia 1947;BOL47;-5,00
68,00;Bolivia (Plurinational State of);1948;68;Bolivia;BOL;145,00;Bolivia 1948;BOL48;-5,00
68,00;Bolivia (Plurinational State of);1949;68;Bolivia;BOL;145,00;Bolivia 1949;BOL49;-5,00
68,00;Bolivia (Plurinational State of);1950;68;Bolivia;BOL;145,00;Bolivia 1950;BOL50;-5,00
68,00;Bolivia (Plurinational State of);1951;68;Bolivia;BOL;145,00;Bolivia 1951;BOL51;-5,00
68,00;Bolivia (Plurinational State of);1952;68;Bolivia;BOL;145,00;Bolivia 1952;BOL52;4,00
68,00;Bolivia (Plurinational State of);1953;68;Bolivia;BOL;145,00;Bolivia 1953;BOL53;4,00
68,00;Bolivia (Plurinational State of);1954;68;Bolivia;BOL;145,00;Bolivia 1954;BOL54;4,00
68,00;Bolivia (Plurinational State of);1955;68;Bolivia;BOL;145,00;Bolivia 1955;BOL55;4,00
68,00;Bolivia (Plurinational State of);1956;68;Bolivia;BOL;145,00;Bolivia 1956;BOL56;4,00
68,00;Bolivia (Plurinational State of);1957;68;Bolivia;BOL;145,00;Bolivia 1957;BOL57;4,00
68,00;Bolivia (Plurinational State of);1958;68;Bolivia;BOL;145,00;Bolivia 1958;BOL58;4,00
68,00;Bolivia (Plurinational State of);1959;68;Bolivia;BOL;145,00;Bolivia 1959;BOL59;4,00
68,00;Bolivia (Plurinational State of);1960;68;Bolivia;BOL;145,00;Bolivia 1960;BOL60;4,00
68,00;Bolivia (Plurinational State of);1961;68;Bolivia;BOL;145,00;Bolivia 1961;BOL61;4,00
68,00;Bolivia (Plurinational State of);1962;68;Bolivia;BOL;145,00;Bolivia 1962;BOL62;4,00
68,00;Bolivia (Plurinational State of);1963;68;Bolivia;BOL;145,00;Bolivia 1963;BOL63;4,00
68,00;Bolivia (Plurinational State of);1964;68;Bolivia;BOL;145,00;Bolivia 1964;BOL64;-4,00
68,00;Bolivia (Plurinational State of);1965;68;Bolivia;BOL;145,00;Bolivia 1965;BOL65;-4,00
68,00;Bolivia (Plurinational State of);1966;68;Bolivia;BOL;145,00;Bolivia 1966;BOL66;-4,00
68,00;Bolivia (Plurinational State of);1967;68;Bolivia;BOL;145,00;Bolivia 1967;BOL67;-4,00
68,00;Bolivia (Plurinational State of);1968;68;Bolivia;BOL;145,00;Bolivia 1968;BOL68;-4,00
68,00;Bolivia (Plurinational State of);1969;68;Bolivia;BOL;145,00;Bolivia 1969;BOL69;-4,00
68,00;Bolivia (Plurinational State of);1970;68;Bolivia;BOL;145,00;Bolivia 1970;BOL70;-5,00
68,00;Bolivia (Plurinational State of);1971;68;Bolivia;BOL;145,00;Bolivia 1971;BOL71;-7,00
68,00;Bolivia (Plurinational State of);1972;68;Bolivia;BOL;145,00;Bolivia 1972;BOL72;-7,00
68,00;Bolivia (Plurinational State of);1973;68;Bolivia;BOL;145,00;Bolivia 1973;BOL73;-7,00
68,00;Bolivia (Plurinational State of);1974;68;Bolivia;BOL;145,00;Bolivia 1974;BOL74;-7,00
68,00;Bolivia (Plurinational State of);1975;68;Bolivia;BOL;145,00;Bolivia 1975;BOL75;-7,00
68,00;Bolivia (Plurinational State of);1976;68;Bolivia;BOL;145,00;Bolivia 1976;BOL76;-7,00
68,00;Bolivia (Plurinational State of);1977;68;Bolivia;BOL;145,00;Bolivia 1977;BOL77;-7,00
68,00;Bolivia (Plurinational State of);1978;68;Bolivia;BOL;145,00;Bolivia 1978;BOL78;-4,00
68,00;Bolivia (Plurinational State of);1979;68;Bolivia;BOL;145,00;Bolivia 1979;BOL79;-4,00
68,00;Bolivia (Plurinational State of);1980;68;Bolivia;BOL;145,00;Bolivia 1980;BOL80;-7,00
68,00;Bolivia (Plurinational State of);1981;68;Bolivia;BOL;145,00;Bolivia 1981;BOL81;-7,00
68,00;Bolivia (Plurinational State of);1982;68;Bolivia;BOL;145,00;Bolivia 1982;BOL82;7,00
68,00;Bolivia (Plurinational State of);1983;68;Bolivia;BOL;145,00;Bolivia 1983;BOL83;7,00
68,00;Bolivia (Plurinational State of);1984;68;Bolivia;BOL;145,00;Bolivia 1984;BOL84;7,00
68,00;Bolivia (Plurinational State of);1985;68;Bolivia;BOL;145,00;Bolivia 1985;BOL85;9,00
68,00;Bolivia (Plurinational State of);1986;68;Bolivia;BOL;145,00;Bolivia 1986;BOL86;9,00
68,00;Bolivia (Plurinational State of);1987;68;Bolivia;BOL;145,00;Bolivia 1987;BOL87;9,00
68,00;Bolivia (Plurinational State of);1988;68;Bolivia;BOL;145,00;Bolivia 1988;BOL88;9,00
68,00;Bolivia (Plurinational State of);1989;68;Bolivia;BOL;145,00;Bolivia 1989;BOL89;9,00
68,00;Bolivia (Plurinational State of);1990;68;Bolivia;BOL;145,00;Bolivia 1990;BOL90;9,00
68,00;Bolivia (Plurinational State of);1991;68;Bolivia;BOL;145,00;Bolivia 1991;BOL91;9,00
68,00;Bolivia (Plurinational State of);1992;68;Bolivia;BOL;145,00;Bolivia 1992;BOL92;9,00
68,00;Bolivia (Plurinational State of);1993;68;Bolivia;BOL;145,00;Bolivia 1993;BOL93;9,00
68,00;Bolivia (Plurinational State of);1994;68;Bolivia;BOL;145,00;Bolivia 1994;BOL94;9,00
68,00;Bolivia (Plurinational State of);1995;68;Bolivia;BOL;145,00;Bolivia 1995;BOL95;9,00
68,00;Bolivia (Plurinational State of);1996;68;Bolivia;BOL;145,00;Bolivia 1996;BOL96;9,00
68,00;Bolivia (Plurinational State of);1997;68;Bolivia;BOL;145,00;Bolivia 1997;BOL97;9,00
68,00;Bolivia (Plurinational State of);1998;68;Bolivia;BOL;145,00;Bolivia 1998;BOL98;9,00
68,00;Bolivia (Plurinational State of);1999;68;Bolivia;BOL;145,00;Bolivia 1999;BOL99;9,00
68,00;Bolivia (Plurinational State of);2000;68;Bolivia;BOL;145,00;Bolivia 2000;BOL00;9,00
68,00;Bolivia (Plurinational State of);2001;68;Bolivia;BOL;145,00;Bolivia 2001;BOL01;9,00
68,00;Bolivia (Plurinational State of);2002;68;Bolivia;BOL;145,00;Bolivia 2002;BOL02;9,00
68,00;Bolivia (Plurinational State of);2003;68;Bolivia;BOL;145,00;Bolivia 2003;BOL03;8,00
68,00;Bolivia (Plurinational State of);2004;68;Bolivia;BOL;145,00;Bolivia 2004;BOL04;8,00
68,00;Bolivia (Plurinational State of);2005;68;Bolivia;BOL;145,00;Bolivia 2005;BOL05;8,00
68,00;Bolivia (Plurinational State of);2006;68;Bolivia;BOL;145,00;Bolivia 2006;BOL06;8,00
68,00;Bolivia (Plurinational State of);2007;68;Bolivia;BOL;145,00;Bolivia 2007;BOL07;8,00
68,00;Bolivia (Plurinational State of);2008;68;Bolivia;BOL;145,00;Bolivia 2008;BOL08;8,00
68,00;Bolivia (Plurinational State of);2009;68;Bolivia;BOL;145,00;Bolivia 2009;BOL09;7,00
68,00;Bolivia (Plurinational State of);2010;68;Bolivia;BOL;145,00;Bolivia 2010;BOL10;7,00
68,00;Bolivia (Plurinational State of);2011;68;Bolivia;BOL;145,00;Bolivia 2011;BOL11;7,00
68,00;Bolivia (Plurinational State of);2012;68;Bolivia;BOL;145,00;Bolivia 2012;BOL12;7,00
68,00;Bolivia (Plurinational State of);2013;68;Bolivia;BOL;145,00;Bolivia 2013;BOL13;7,00
68,00;Bolivia (Plurinational State of);2014;68;Bolivia;BOL;145,00;Bolivia 2014;BOL14;7,00
68,00;Bolivia (Plurinational State of);2015;68;Bolivia;BOL;145,00;Bolivia 2015;BOL15;7,00
68,00;Bolivia (Plurinational State of);2016;68;Bolivia;BOL;145,00;Bolivia 2016;BOL16;7,00
68,00;Bolivia (Plurinational State of);2017;68;Bolivia;BOL;145,00;Bolivia 2017;BOL17;7,00
68,00;Bolivia (Plurinational State of);2018;68;Bolivia;BOL;145,00;Bolivia 2018;BOL18;7,00
70,00;Bosnia and Herzegovina;1992;70;Bosnia and Herzegovina;BIH;346,00;Bosnia and Herzegovina 1992;BIH92;0,00
70,00;Bosnia and Herzegovina;1993;70;Bosnia and Herzegovina;BIH;346,00;Bosnia and Herzegovina 1993;BIH93;0,00
70,00;Bosnia and Herzegovina;1994;70;Bosnia and Herzegovina;BIH;346,00;Bosnia and Herzegovina 1994;BIH94;0,00
72,00;Botswana;1967;72;Botswana;BWA;571,00;Botswana 1967;BWA67;6,00
72,00;Botswana;1968;72;Botswana;BWA;571,00;Botswana 1968;BWA68;6,00
72,00;Botswana;1969;72;Botswana;BWA;571,00;Botswana 1969;BWA69;6,00
72,00;Botswana;1970;72;Botswana;BWA;571,00;Botswana 1970;BWA70;6,00
72,00;Botswana;1971;72;Botswana;BWA;571,00;Botswana 1971;BWA71;6,00
72,00;Botswana;1972;72;Botswana;BWA;571,00;Botswana 1972;BWA72;6,00
72,00;Botswana;1973;72;Botswana;BWA;571,00;Botswana 1973;BWA73;6,00
72,00;Botswana;1974;72;Botswana;BWA;571,00;Botswana 1974;BWA74;6,00
72,00;Botswana;1975;72;Botswana;BWA;571,00;Botswana 1975;BWA75;6,00
72,00;Botswana;1976;72;Botswana;BWA;571,00;Botswana 1976;BWA76;6,00
72,00;Botswana;1977;72;Botswana;BWA;571,00;Botswana 1977;BWA77;6,00
72,00;Botswana;1978;72;Botswana;BWA;571,00;Botswana 1978;BWA78;6,00
72,00;Botswana;1979;72;Botswana;BWA;571,00;Botswana 1979;BWA79;6,00
72,00;Botswana;1980;72;Botswana;BWA;571,00;Botswana 1980;BWA80;6,00
72,00;Botswana;1981;72;Botswana;BWA;571,00;Botswana 1981;BWA81;6,00
72,00;Botswana;1982;72;Botswana;BWA;571,00;Botswana 1982;BWA82;6,00
72,00;Botswana;1983;72;Botswana;BWA;571,00;Botswana 1983;BWA83;6,00
72,00;Botswana;1984;72;Botswana;BWA;571,00;Botswana 1984;BWA84;6,00
72,00;Botswana;1985;72;Botswana;BWA;571,00;Botswana 1985;BWA85;6,00
72,00;Botswana;1986;72;Botswana;BWA;571,00;Botswana 1986;BWA86;6,00
72,00;Botswana;1987;72;Botswana;BWA;571,00;Botswana 1987;BWA87;7,00
72,00;Botswana;1988;72;Botswana;BWA;571,00;Botswana 1988;BWA88;7,00
72,00;Botswana;1989;72;Botswana;BWA;571,00;Botswana 1989;BWA89;7,00
72,00;Botswana;1990;72;Botswana;BWA;571,00;Botswana 1990;BWA90;7,00
72,00;Botswana;1991;72;Botswana;BWA;571,00;Botswana 1991;BWA91;7,00
72,00;Botswana;1992;72;Botswana;BWA;571,00;Botswana 1992;BWA92;7,00
72,00;Botswana;1993;72;Botswana;BWA;571,00;Botswana 1993;BWA93;7,00
72,00;Botswana;1994;72;Botswana;BWA;571,00;Botswana 1994;BWA94;7,00
72,00;Botswana;1995;72;Botswana;BWA;571,00;Botswana 1995;BWA95;7,00
72,00;Botswana;1996;72;Botswana;BWA;571,00;Botswana 1996;BWA96;7,00
72,00;Botswana;1997;72;Botswana;BWA;571,00;Botswana 1997;BWA97;8,00
72,00;Botswana;1998;72;Botswana;BWA;571,00;Botswana 1998;BWA98;8,00
72,00;Botswana;1999;72;Botswana;BWA;571,00;Botswana 1999;BWA99;8,00
72,00;Botswana;2000;72;Botswana;BWA;571,00;Botswana 2000;BWA00;8,00
72,00;Botswana;2001;72;Botswana;BWA;571,00;Botswana 2001;BWA01;8,00
72,00;Botswana;2002;72;Botswana;BWA;571,00;Botswana 2002;BWA02;8,00
72,00;Botswana;2003;72;Botswana;BWA;571,00;Botswana 2003;BWA03;8,00
72,00;Botswana;2004;72;Botswana;BWA;571,00;Botswana 2004;BWA04;8,00
72,00;Botswana;2005;72;Botswana;BWA;571,00;Botswana 2005;BWA05;8,00
72,00;Botswana;2006;72;Botswana;BWA;571,00;Botswana 2006;BWA06;8,00
72,00;Botswana;2007;72;Botswana;BWA;571,00;Botswana 2007;BWA07;8,00
72,00;Botswana;2008;72;Botswana;BWA;571,00;Botswana 2008;BWA08;8,00
72,00;Botswana;2009;72;Botswana;BWA;571,00;Botswana 2009;BWA09;8,00
72,00;Botswana;2010;72;Botswana;BWA;571,00;Botswana 2010;BWA10;8,00
72,00;Botswana;2011;72;Botswana;BWA;571,00;Botswana 2011;BWA11;8,00
72,00;Botswana;2012;72;Botswana;BWA;571,00;Botswana 2012;BWA12;8,00
72,00;Botswana;2013;72;Botswana;BWA;571,00;Botswana 2013;BWA13;8,00
72,00;Botswana;2014;72;Botswana;BWA;571,00;Botswana 2014;BWA14;8,00
72,00;Botswana;2015;72;Botswana;BWA;571,00;Botswana 2015;BWA15;8,00
72,00;Botswana;2016;72;Botswana;BWA;571,00;Botswana 2016;BWA16;8,00
72,00;Botswana;2017;72;Botswana;BWA;571,00;Botswana 2017;BWA17;8,00
72,00;Botswana;2018;72;Botswana;BWA;571,00;Botswana 2018;BWA18;8,00
76,00;Brazil;1946;76;Brazil;BRA;140,00;Brazil 1946;BRA46;7,00
76,00;Brazil;1947;76;Brazil;BRA;140,00;Brazil 1947;BRA47;5,00
76,00;Brazil;1948;76;Brazil;BRA;140,00;Brazil 1948;BRA48;5,00
76,00;Brazil;1949;76;Brazil;BRA;140,00;Brazil 1949;BRA49;5,00
76,00;Brazil;1950;76;Brazil;BRA;140,00;Brazil 1950;BRA50;5,00
76,00;Brazil;1951;76;Brazil;BRA;140,00;Brazil 1951;BRA51;5,00
76,00;Brazil;1952;76;Brazil;BRA;140,00;Brazil 1952;BRA52;5,00
76,00;Brazil;1953;76;Brazil;BRA;140,00;Brazil 1953;BRA53;5,00
76,00;Brazil;1954;76;Brazil;BRA;140,00;Brazil 1954;BRA54;5,00
76,00;Brazil;1955;76;Brazil;BRA;140,00;Brazil 1955;BRA55;5,00
76,00;Brazil;1956;76;Brazil;BRA;140,00;Brazil 1956;BRA56;5,00
76,00;Brazil;1957;76;Brazil;BRA;140,00;Brazil 1957;BRA57;5,00
76,00;Brazil;1958;76;Brazil;BRA;140,00;Brazil 1958;BRA58;6,00
76,00;Brazil;1959;76;Brazil;BRA;140,00;Brazil 1959;BRA59;6,00
76,00;Brazil;1960;76;Brazil;BRA;140,00;Brazil 1960;BRA60;6,00
76,00;Brazil;1961;76;Brazil;BRA;140,00;Brazil 1961;BRA61;5,00
76,00;Brazil;1962;76;Brazil;BRA;140,00;Brazil 1962;BRA62;5,00
76,00;Brazil;1963;76;Brazil;BRA;140,00;Brazil 1963;BRA63;3,00
76,00;Brazil;1964;76;Brazil;BRA;140,00;Brazil 1964;BRA64;-3,00
76,00;Brazil;1965;76;Brazil;BRA;140,00;Brazil 1965;BRA65;-9,00
76,00;Brazil;1966;76;Brazil;BRA;140,00;Brazil 1966;BRA66;-9,00
76,00;Brazil;1967;76;Brazil;BRA;140,00;Brazil 1967;BRA67;-9,00
76,00;Brazil;1968;76;Brazil;BRA;140,00;Brazil 1968;BRA68;-9,00
76,00;Brazil;1969;76;Brazil;BRA;140,00;Brazil 1969;BRA69;-9,00
76,00;Brazil;1970;76;Brazil;BRA;140,00;Brazil 1970;BRA70;-9,00
76,00;Brazil;1971;76;Brazil;BRA;140,00;Brazil 1971;BRA71;-9,00
76,00;Brazil;1972;76;Brazil;BRA;140,00;Brazil 1972;BRA72;-9,00
76,00;Brazil;1973;76;Brazil;BRA;140,00;Brazil 1973;BRA73;-9,00
76,00;Brazil;1974;76;Brazil;BRA;140,00;Brazil 1974;BRA74;-4,00
76,00;Brazil;1975;76;Brazil;BRA;140,00;Brazil 1975;BRA75;-4,00
76,00;Brazil;1976;76;Brazil;BRA;140,00;Brazil 1976;BRA76;-4,00
76,00;Brazil;1977;76;Brazil;BRA;140,00;Brazil 1977;BRA77;-4,00
76,00;Brazil;1978;76;Brazil;BRA;140,00;Brazil 1978;BRA78;-4,00
76,00;Brazil;1979;76;Brazil;BRA;140,00;Brazil 1979;BRA79;-4,00
76,00;Brazil;1980;76;Brazil;BRA;140,00;Brazil 1980;BRA80;-4,00
76,00;Brazil;1981;76;Brazil;BRA;140,00;Brazil 1981;BRA81;-4,00
76,00;Brazil;1982;76;Brazil;BRA;140,00;Brazil 1982;BRA82;-3,00
76,00;Brazil;1983;76;Brazil;BRA;140,00;Brazil 1983;BRA83;-3,00
76,00;Brazil;1984;76;Brazil;BRA;140,00;Brazil 1984;BRA84;-3,00
76,00;Brazil;1985;76;Brazil;BRA;140,00;Brazil 1985;BRA85;7,00
76,00;Brazil;1986;76;Brazil;BRA;140,00;Brazil 1986;BRA86;7,00
76,00;Brazil;1987;76;Brazil;BRA;140,00;Brazil 1987;BRA87;7,00
76,00;Brazil;1988;76;Brazil;BRA;140,00;Brazil 1988;BRA88;8,00
76,00;Brazil;1989;76;Brazil;BRA;140,00;Brazil 1989;BRA89;8,00
76,00;Brazil;1990;76;Brazil;BRA;140,00;Brazil 1990;BRA90;8,00
76,00;Brazil;1991;76;Brazil;BRA;140,00;Brazil 1991;BRA91;8,00
76,00;Brazil;1992;76;Brazil;BRA;140,00;Brazil 1992;BRA92;8,00
76,00;Brazil;1993;76;Brazil;BRA;140,00;Brazil 1993;BRA93;8,00
76,00;Brazil;1994;76;Brazil;BRA;140,00;Brazil 1994;BRA94;8,00
76,00;Brazil;1995;76;Brazil;BRA;140,00;Brazil 1995;BRA95;8,00
76,00;Brazil;1996;76;Brazil;BRA;140,00;Brazil 1996;BRA96;8,00
76,00;Brazil;1997;76;Brazil;BRA;140,00;Brazil 1997;BRA97;8,00
76,00;Brazil;1998;76;Brazil;BRA;140,00;Brazil 1998;BRA98;8,00
76,00;Brazil;1999;76;Brazil;BRA;140,00;Brazil 1999;BRA99;8,00
76,00;Brazil;2000;76;Brazil;BRA;140,00;Brazil 2000;BRA00;8,00
76,00;Brazil;2001;76;Brazil;BRA;140,00;Brazil 2001;BRA01;8,00
76,00;Brazil;2002;76;Brazil;BRA;140,00;Brazil 2002;BRA02;8,00
76,00;Brazil;2003;76;Brazil;BRA;140,00;Brazil 2003;BRA03;8,00
76,00;Brazil;2004;76;Brazil;BRA;140,00;Brazil 2004;BRA04;8,00
76,00;Brazil;2005;76;Brazil;BRA;140,00;Brazil 2005;BRA05;8,00
76,00;Brazil;2006;76;Brazil;BRA;140,00;Brazil 2006;BRA06;8,00
76,00;Brazil;2007;76;Brazil;BRA;140,00;Brazil 2007;BRA07;8,00
76,00;Brazil;2008;76;Brazil;BRA;140,00;Brazil 2008;BRA08;8,00
76,00;Brazil;2009;76;Brazil;BRA;140,00;Brazil 2009;BRA09;8,00
76,00;Brazil;2010;76;Brazil;BRA;140,00;Brazil 2010;BRA10;8,00
76,00;Brazil;2011;76;Brazil;BRA;140,00;Brazil 2011;BRA11;8,00
76,00;Brazil;2012;76;Brazil;BRA;140,00;Brazil 2012;BRA12;8,00
76,00;Brazil;2013;76;Brazil;BRA;140,00;Brazil 2013;BRA13;8,00
76,00;Brazil;2014;76;Brazil;BRA;140,00;Brazil 2014;BRA14;8,00
76,00;Brazil;2015;76;Brazil;BRA;140,00;Brazil 2015;BRA15;8,00
76,00;Brazil;2016;76;Brazil;BRA;140,00;Brazil 2016;BRA16;8,00
76,00;Brazil;2017;76;Brazil;BRA;140,00;Brazil 2017;BRA17;8,00
76,00;Brazil;2018;76;Brazil;BRA;140,00;Brazil 2018;BRA18;8,00
90,00;Solomon Islands;1979;90;Solomon Islands;SLB;940,00;Solomon Islands 1979;SLB79;7,00
90,00;Solomon Islands;1980;90;Solomon Islands;SLB;940,00;Solomon Islands 1980;SLB80;7,00
90,00;Solomon Islands;1981;90;Solomon Islands;SLB;940,00;Solomon Islands 1981;SLB81;7,00
90,00;Solomon Islands;1982;90;Solomon Islands;SLB;940,00;Solomon Islands 1982;SLB82;7,00
90,00;Solomon Islands;1983;90;Solomon Islands;SLB;940,00;Solomon Islands 1983;SLB83;7,00
90,00;Solomon Islands;1984;90;Solomon Islands;SLB;940,00;Solomon Islands 1984;SLB84;7,00
90,00;Solomon Islands;1985;90;Solomon Islands;SLB;940,00;Solomon Islands 1985;SLB85;7,00
90,00;Solomon Islands;1986;90;Solomon Islands;SLB;940,00;Solomon Islands 1986;SLB86;7,00
90,00;Solomon Islands;1987;90;Solomon Islands;SLB;940,00;Solomon Islands 1987;SLB87;7,00
90,00;Solomon Islands;1988;90;Solomon Islands;SLB;940,00;Solomon Islands 1988;SLB88;7,00
90,00;Solomon Islands;1989;90;Solomon Islands;SLB;940,00;Solomon Islands 1989;SLB89;7,00
90,00;Solomon Islands;1990;90;Solomon Islands;SLB;940,00;Solomon Islands 1990;SLB90;8,00
90,00;Solomon Islands;1991;90;Solomon Islands;SLB;940,00;Solomon Islands 1991;SLB91;8,00
90,00;Solomon Islands;1992;90;Solomon Islands;SLB;940,00;Solomon Islands 1992;SLB92;8,00
90,00;Solomon Islands;1993;90;Solomon Islands;SLB;940,00;Solomon Islands 1993;SLB93;8,00
90,00;Solomon Islands;1994;90;Solomon Islands;SLB;940,00;Solomon Islands 1994;SLB94;8,00
90,00;Solomon Islands;1995;90;Solomon Islands;SLB;940,00;Solomon Islands 1995;SLB95;8,00
90,00;Solomon Islands;1996;90;Solomon Islands;SLB;940,00;Solomon Islands 1996;SLB96;8,00
90,00;Solomon Islands;1997;90;Solomon Islands;SLB;940,00;Solomon Islands 1997;SLB97;8,00
90,00;Solomon Islands;1998;90;Solomon Islands;SLB;940,00;Solomon Islands 1998;SLB98;8,00
90,00;Solomon Islands;1999;90;Solomon Islands;SLB;940,00;Solomon Islands 1999;SLB99;8,00
90,00;Solomon Islands;2000;90;Solomon Islands;SLB;940,00;Solomon Islands 2000;SLB00;0,00
90,00;Solomon Islands;2001;90;Solomon Islands;SLB;940,00;Solomon Islands 2001;SLB01;0,00
90,00;Solomon Islands;2002;90;Solomon Islands;SLB;940,00;Solomon Islands 2002;SLB02;0,00
90,00;Solomon Islands;2004;90;Solomon Islands;SLB;940,00;Solomon Islands 2004;SLB04;8,00
90,00;Solomon Islands;2005;90;Solomon Islands;SLB;940,00;Solomon Islands 2005;SLB05;8,00
90,00;Solomon Islands;2006;90;Solomon Islands;SLB;940,00;Solomon Islands 2006;SLB06;8,00
90,00;Solomon Islands;2007;90;Solomon Islands;SLB;940,00;Solomon Islands 2007;SLB07;8,00
90,00;Solomon Islands;2008;90;Solomon Islands;SLB;940,00;Solomon Islands 2008;SLB08;8,00
90,00;Solomon Islands;2009;90;Solomon Islands;SLB;940,00;Solomon Islands 2009;SLB09;8,00
90,00;Solomon Islands;2010;90;Solomon Islands;SLB;940,00;Solomon Islands 2010;SLB10;8,00
90,00;Solomon Islands;2011;90;Solomon Islands;SLB;940,00;Solomon Islands 2011;SLB11;8,00
90,00;Solomon Islands;2012;90;Solomon Islands;SLB;940,00;Solomon Islands 2012;SLB12;8,00
90,00;Solomon Islands;2013;90;Solomon Islands;SLB;940,00;Solomon Islands 2013;SLB13;8,00
90,00;Solomon Islands;2014;90;Solomon Islands;SLB;940,00;Solomon Islands 2014;SLB14;8,00
90,00;Solomon Islands;2015;90;Solomon Islands;SLB;940,00;Solomon Islands 2015;SLB15;8,00
90,00;Solomon Islands;2016;90;Solomon Islands;SLB;940,00;Solomon Islands 2016;SLB16;8,00
90,00;Solomon Islands;2017;90;Solomon Islands;SLB;940,00;Solomon Islands 2017;SLB17;8,00
90,00;Solomon Islands;2018;90;Solomon Islands;SLB;940,00;Solomon Islands 2018;SLB18;8,00
100,00;Bulgaria;1946;100;Bulgaria;BGR;355,00;Bulgaria 1946;BGR46;-6,00
100,00;Bulgaria;1947;100;Bulgaria;BGR;355,00;Bulgaria 1947;BGR47;-7,00
100,00;Bulgaria;1948;100;Bulgaria;BGR;355,00;Bulgaria 1948;BGR48;-7,00
100,00;Bulgaria;1949;100;Bulgaria;BGR;355,00;Bulgaria 1949;BGR49;-7,00
100,00;Bulgaria;1950;100;Bulgaria;BGR;355,00;Bulgaria 1950;BGR50;-7,00
100,00;Bulgaria;1951;100;Bulgaria;BGR;355,00;Bulgaria 1951;BGR51;-7,00
100,00;Bulgaria;1952;100;Bulgaria;BGR;355,00;Bulgaria 1952;BGR52;-7,00
100,00;Bulgaria;1953;100;Bulgaria;BGR;355,00;Bulgaria 1953;BGR53;-7,00
100,00;Bulgaria;1954;100;Bulgaria;BGR;355,00;Bulgaria 1954;BGR54;-7,00
100,00;Bulgaria;1955;100;Bulgaria;BGR;355,00;Bulgaria 1955;BGR55;-7,00
100,00;Bulgaria;1956;100;Bulgaria;BGR;355,00;Bulgaria 1956;BGR56;-7,00
100,00;Bulgaria;1957;100;Bulgaria;BGR;355,00;Bulgaria 1957;BGR57;-7,00
100,00;Bulgaria;1958;100;Bulgaria;BGR;355,00;Bulgaria 1958;BGR58;-7,00
100,00;Bulgaria;1959;100;Bulgaria;BGR;355,00;Bulgaria 1959;BGR59;-7,00
100,00;Bulgaria;1960;100;Bulgaria;BGR;355,00;Bulgaria 1960;BGR60;-7,00
100,00;Bulgaria;1961;100;Bulgaria;BGR;355,00;Bulgaria 1961;BGR61;-7,00
100,00;Bulgaria;1962;100;Bulgaria;BGR;355,00;Bulgaria 1962;BGR62;-7,00
100,00;Bulgaria;1963;100;Bulgaria;BGR;355,00;Bulgaria 1963;BGR63;-7,00
100,00;Bulgaria;1964;100;Bulgaria;BGR;355,00;Bulgaria 1964;BGR64;-7,00
100,00;Bulgaria;1965;100;Bulgaria;BGR;355,00;Bulgaria 1965;BGR65;-7,00
100,00;Bulgaria;1966;100;Bulgaria;BGR;355,00;Bulgaria 1966;BGR66;-7,00
100,00;Bulgaria;1967;100;Bulgaria;BGR;355,00;Bulgaria 1967;BGR67;-7,00
100,00;Bulgaria;1968;100;Bulgaria;BGR;355,00;Bulgaria 1968;BGR68;-7,00
100,00;Bulgaria;1969;100;Bulgaria;BGR;355,00;Bulgaria 1969;BGR69;-7,00
100,00;Bulgaria;1970;100;Bulgaria;BGR;355,00;Bulgaria 1970;BGR70;-7,00
100,00;Bulgaria;1971;100;Bulgaria;BGR;355,00;Bulgaria 1971;BGR71;-7,00
100,00;Bulgaria;1972;100;Bulgaria;BGR;355,00;Bulgaria 1972;BGR72;-7,00
100,00;Bulgaria;1973;100;Bulgaria;BGR;355,00;Bulgaria 1973;BGR73;-7,00
100,00;Bulgaria;1974;100;Bulgaria;BGR;355,00;Bulgaria 1974;BGR74;-7,00
100,00;Bulgaria;1975;100;Bulgaria;BGR;355,00;Bulgaria 1975;BGR75;-7,00
100,00;Bulgaria;1976;100;Bulgaria;BGR;355,00;Bulgaria 1976;BGR76;-7,00
100,00;Bulgaria;1977;100;Bulgaria;BGR;355,00;Bulgaria 1977;BGR77;-7,00
100,00;Bulgaria;1978;100;Bulgaria;BGR;355,00;Bulgaria 1978;BGR78;-7,00
100,00;Bulgaria;1979;100;Bulgaria;BGR;355,00;Bulgaria 1979;BGR79;-7,00
100,00;Bulgaria;1980;100;Bulgaria;BGR;355,00;Bulgaria 1980;BGR80;-7,00
100,00;Bulgaria;1981;100;Bulgaria;BGR;355,00;Bulgaria 1981;BGR81;-7,00
100,00;Bulgaria;1982;100;Bulgaria;BGR;355,00;Bulgaria 1982;BGR82;-7,00
100,00;Bulgaria;1983;100;Bulgaria;BGR;355,00;Bulgaria 1983;BGR83;-7,00
100,00;Bulgaria;1984;100;Bulgaria;BGR;355,00;Bulgaria 1984;BGR84;-7,00
100,00;Bulgaria;1985;100;Bulgaria;BGR;355,00;Bulgaria 1985;BGR85;-7,00
100,00;Bulgaria;1986;100;Bulgaria;BGR;355,00;Bulgaria 1986;BGR86;-7,00
100,00;Bulgaria;1987;100;Bulgaria;BGR;355,00;Bulgaria 1987;BGR87;-7,00
100,00;Bulgaria;1988;100;Bulgaria;BGR;355,00;Bulgaria 1988;BGR88;-7,00
100,00;Bulgaria;1989;100;Bulgaria;BGR;355,00;Bulgaria 1989;BGR89;1,00
100,00;Bulgaria;1990;100;Bulgaria;BGR;355,00;Bulgaria 1990;BGR90;7,00
100,00;Bulgaria;1991;100;Bulgaria;BGR;355,00;Bulgaria 1991;BGR91;7,00
100,00;Bulgaria;1992;100;Bulgaria;BGR;355,00;Bulgaria 1992;BGR92;8,00
100,00;Bulgaria;1993;100;Bulgaria;BGR;355,00;Bulgaria 1993;BGR93;8,00
100,00;Bulgaria;1994;100;Bulgaria;BGR;355,00;Bulgaria 1994;BGR94;8,00
100,00;Bulgaria;1995;100;Bulgaria;BGR;355,00;Bulgaria 1995;BGR95;8,00
100,00;Bulgaria;1996;100;Bulgaria;BGR;355,00;Bulgaria 1996;BGR96;8,00
100,00;Bulgaria;1997;100;Bulgaria;BGR;355,00;Bulgaria 1997;BGR97;8,00
100,00;Bulgaria;1998;100;Bulgaria;BGR;355,00;Bulgaria 1998;BGR98;8,00
100,00;Bulgaria;1999;100;Bulgaria;BGR;355,00;Bulgaria 1999;BGR99;8,00
100,00;Bulgaria;2000;100;Bulgaria;BGR;355,00;Bulgaria 2000;BGR00;8,00
100,00;Bulgaria;2001;100;Bulgaria;BGR;355,00;Bulgaria 2001;BGR01;9,00
100,00;Bulgaria;2002;100;Bulgaria;BGR;355,00;Bulgaria 2002;BGR02;9,00
100,00;Bulgaria;2003;100;Bulgaria;BGR;355,00;Bulgaria 2003;BGR03;9,00
100,00;Bulgaria;2004;100;Bulgaria;BGR;355,00;Bulgaria 2004;BGR04;9,00
100,00;Bulgaria;2005;100;Bulgaria;BGR;355,00;Bulgaria 2005;BGR05;9,00
100,00;Bulgaria;2006;100;Bulgaria;BGR;355,00;Bulgaria 2006;BGR06;9,00
100,00;Bulgaria;2007;100;Bulgaria;BGR;355,00;Bulgaria 2007;BGR07;9,00
100,00;Bulgaria;2008;100;Bulgaria;BGR;355,00;Bulgaria 2008;BGR08;9,00
100,00;Bulgaria;2009;100;Bulgaria;BGR;355,00;Bulgaria 2009;BGR09;9,00
100,00;Bulgaria;2010;100;Bulgaria;BGR;355,00;Bulgaria 2010;BGR10;9,00
100,00;Bulgaria;2011;100;Bulgaria;BGR;355,00;Bulgaria 2011;BGR11;9,00
100,00;Bulgaria;2012;100;Bulgaria;BGR;355,00;Bulgaria 2012;BGR12;9,00
100,00;Bulgaria;2013;100;Bulgaria;BGR;355,00;Bulgaria 2013;BGR13;9,00
100,00;Bulgaria;2014;100;Bulgaria;BGR;355,00;Bulgaria 2014;BGR14;9,00
100,00;Bulgaria;2015;100;Bulgaria;BGR;355,00;Bulgaria 2015;BGR15;9,00
100,00;Bulgaria;2016;100;Bulgaria;BGR;355,00;Bulgaria 2016;BGR16;9,00
100,00;Bulgaria;2017;100;Bulgaria;BGR;355,00;Bulgaria 2017;BGR17;9,00
100,00;Bulgaria;2018;100;Bulgaria;BGR;355,00;Bulgaria 2018;BGR18;9,00
104,00;Myanmar;1948;104;Myanmar;MMR;775,00;Myanmar 1948;MMR48;6,00
104,00;Myanmar;1949;104;Myanmar;MMR;775,00;Myanmar 1949;MMR49;6,00
104,00;Myanmar;1950;104;Myanmar;MMR;775,00;Myanmar 1950;MMR50;6,00
104,00;Myanmar;1951;104;Myanmar;MMR;775,00;Myanmar 1951;MMR51;6,00
104,00;Myanmar;1952;104;Myanmar;MMR;775,00;Myanmar 1952;MMR52;6,00
104,00;Myanmar;1953;104;Myanmar;MMR;775,00;Myanmar 1953;MMR53;6,00
104,00;Myanmar;1954;104;Myanmar;MMR;775,00;Myanmar 1954;MMR54;6,00
104,00;Myanmar;1955;104;Myanmar;MMR;775,00;Myanmar 1955;MMR55;6,00
104,00;Myanmar;1956;104;Myanmar;MMR;775,00;Myanmar 1956;MMR56;6,00
104,00;Myanmar;1957;104;Myanmar;MMR;775,00;Myanmar 1957;MMR57;6,00
104,00;Myanmar;1958;104;Myanmar;MMR;775,00;Myanmar 1958;MMR58;1,00
104,00;Myanmar;1959;104;Myanmar;MMR;775,00;Myanmar 1959;MMR59;1,00
104,00;Myanmar;1960;104;Myanmar;MMR;775,00;Myanmar 1960;MMR60;5,00
104,00;Myanmar;1961;104;Myanmar;MMR;775,00;Myanmar 1961;MMR61;5,00
104,00;Myanmar;1962;104;Myanmar;MMR;775,00;Myanmar 1962;MMR62;-6,00
104,00;Myanmar;1963;104;Myanmar;MMR;775,00;Myanmar 1963;MMR63;-6,00
104,00;Myanmar;1964;104;Myanmar;MMR;775,00;Myanmar 1964;MMR64;-7,00
104,00;Myanmar;1965;104;Myanmar;MMR;775,00;Myanmar 1965;MMR65;-7,00
104,00;Myanmar;1966;104;Myanmar;MMR;775,00;Myanmar 1966;MMR66;-7,00
104,00;Myanmar;1967;104;Myanmar;MMR;775,00;Myanmar 1967;MMR67;-7,00
104,00;Myanmar;1968;104;Myanmar;MMR;775,00;Myanmar 1968;MMR68;-7,00
104,00;Myanmar;1969;104;Myanmar;MMR;775,00;Myanmar 1969;MMR69;-7,00
104,00;Myanmar;1970;104;Myanmar;MMR;775,00;Myanmar 1970;MMR70;-7,00
104,00;Myanmar;1971;104;Myanmar;MMR;775,00;Myanmar 1971;MMR71;-7,00
104,00;Myanmar;1972;104;Myanmar;MMR;775,00;Myanmar 1972;MMR72;-7,00
104,00;Myanmar;1973;104;Myanmar;MMR;775,00;Myanmar 1973;MMR73;-7,00
104,00;Myanmar;1974;104;Myanmar;MMR;775,00;Myanmar 1974;MMR74;-9,00
104,00;Myanmar;1975;104;Myanmar;MMR;775,00;Myanmar 1975;MMR75;-9,00
104,00;Myanmar;1976;104;Myanmar;MMR;775,00;Myanmar 1976;MMR76;-9,00
104,00;Myanmar;1977;104;Myanmar;MMR;775,00;Myanmar 1977;MMR77;-9,00
104,00;Myanmar;1978;104;Myanmar;MMR;775,00;Myanmar 1978;MMR78;-9,00
104,00;Myanmar;1979;104;Myanmar;MMR;775,00;Myanmar 1979;MMR79;-9,00
104,00;Myanmar;1980;104;Myanmar;MMR;775,00;Myanmar 1980;MMR80;-9,00
104,00;Myanmar;1981;104;Myanmar;MMR;775,00;Myanmar 1981;MMR81;-9,00
104,00;Myanmar;1982;104;Myanmar;MMR;775,00;Myanmar 1982;MMR82;-9,00
104,00;Myanmar;1983;104;Myanmar;MMR;775,00;Myanmar 1983;MMR83;-9,00
104,00;Myanmar;1984;104;Myanmar;MMR;775,00;Myanmar 1984;MMR84;-9,00
104,00;Myanmar;1985;104;Myanmar;MMR;775,00;Myanmar 1985;MMR85;-9,00
104,00;Myanmar;1986;104;Myanmar;MMR;775,00;Myanmar 1986;MMR86;-9,00
104,00;Myanmar;1987;104;Myanmar;MMR;775,00;Myanmar 1987;MMR87;-9,00
104,00;Myanmar;1988;104;Myanmar;MMR;775,00;Myanmar 1988;MMR88;-4,00
104,00;Myanmar;1989;104;Myanmar;MMR;775,00;Myanmar 1989;MMR89;-4,00
104,00;Myanmar;1990;104;Myanmar;MMR;775,00;Myanmar 1990;MMR90;-5,00
104,00;Myanmar;1991;104;Myanmar;MMR;775,00;Myanmar 1991;MMR91;-5,00
104,00;Myanmar;1992;104;Myanmar;MMR;775,00;Myanmar 1992;MMR92;-5,00
104,00;Myanmar;1993;104;Myanmar;MMR;775,00;Myanmar 1993;MMR93;-5,00
104,00;Myanmar;1994;104;Myanmar;MMR;775,00;Myanmar 1994;MMR94;-5,00
104,00;Myanmar;1995;104;Myanmar;MMR;775,00;Myanmar 1995;MMR95;-5,00
104,00;Myanmar;1996;104;Myanmar;MMR;775,00;Myanmar 1996;MMR96;-5,00
104,00;Myanmar;1997;104;Myanmar;MMR;775,00;Myanmar 1997;MMR97;-5,00
104,00;Myanmar;1998;104;Myanmar;MMR;775,00;Myanmar 1998;MMR98;-5,00
104,00;Myanmar;1999;104;Myanmar;MMR;775,00;Myanmar 1999;MMR99;-5,00
104,00;Myanmar;2000;104;Myanmar;MMR;775,00;Myanmar 2000;MMR00;-5,00
104,00;Myanmar;2001;104;Myanmar;MMR;775,00;Myanmar 2001;MMR01;-5,00
104,00;Myanmar;2002;104;Myanmar;MMR;775,00;Myanmar 2002;MMR02;-5,00
104,00;Myanmar;2003;104;Myanmar;MMR;775,00;Myanmar 2003;MMR03;-5,00
104,00;Myanmar;2004;104;Myanmar;MMR;775,00;Myanmar 2004;MMR04;-6,00
104,00;Myanmar;2005;104;Myanmar;MMR;775,00;Myanmar 2005;MMR05;-6,00
104,00;Myanmar;2006;104;Myanmar;MMR;775,00;Myanmar 2006;MMR06;-6,00
104,00;Myanmar;2007;104;Myanmar;MMR;775,00;Myanmar 2007;MMR07;-6,00
104,00;Myanmar;2008;104;Myanmar;MMR;775,00;Myanmar 2008;MMR08;-6,00
104,00;Myanmar;2009;104;Myanmar;MMR;775,00;Myanmar 2009;MMR09;-6,00
104,00;Myanmar;2010;104;Myanmar;MMR;775,00;Myanmar 2010;MMR10;-6,00
104,00;Myanmar;2011;104;Myanmar;MMR;775,00;Myanmar 2011;MMR11;-3,00
104,00;Myanmar;2012;104;Myanmar;MMR;775,00;Myanmar 2012;MMR12;-3,00
104,00;Myanmar;2013;104;Myanmar;MMR;775,00;Myanmar 2013;MMR13;-3,00
104,00;Myanmar;2014;104;Myanmar;MMR;775,00;Myanmar 2014;MMR14;-3,00
104,00;Myanmar;2015;104;Myanmar;MMR;775,00;Myanmar 2015;MMR15;2,00
104,00;Myanmar;2016;104;Myanmar;MMR;775,00;Myanmar 2016;MMR16;8,00
104,00;Myanmar;2017;104;Myanmar;MMR;775,00;Myanmar 2017;MMR17;8,00
104,00;Myanmar;2018;104;Myanmar;MMR;775,00;Myanmar 2018;MMR18;8,00
108,00;Burundi;1963;108;Burundi;BDI;516,00;Burundi 1963;BDI63;5,00
108,00;Burundi;1964;108;Burundi;BDI;516,00;Burundi 1964;BDI64;5,00
108,00;Burundi;1965;108;Burundi;BDI;516,00;Burundi 1965;BDI65;5,00
108,00;Burundi;1966;108;Burundi;BDI;516,00;Burundi 1966;BDI66;-7,00
108,00;Burundi;1967;108;Burundi;BDI;516,00;Burundi 1967;BDI67;-7,00
108,00;Burundi;1968;108;Burundi;BDI;516,00;Burundi 1968;BDI68;-7,00
108,00;Burundi;1969;108;Burundi;BDI;516,00;Burundi 1969;BDI69;-7,00
108,00;Burundi;1970;108;Burundi;BDI;516,00;Burundi 1970;BDI70;-7,00
108,00;Burundi;1971;108;Burundi;BDI;516,00;Burundi 1971;BDI71;-7,00
108,00;Burundi;1972;108;Burundi;BDI;516,00;Burundi 1972;BDI72;-7,00
108,00;Burundi;1973;108;Burundi;BDI;516,00;Burundi 1973;BDI73;-7,00
108,00;Burundi;1974;108;Burundi;BDI;516,00;Burundi 1974;BDI74;-7,00
108,00;Burundi;1975;108;Burundi;BDI;516,00;Burundi 1975;BDI75;-7,00
108,00;Burundi;1976;108;Burundi;BDI;516,00;Burundi 1976;BDI76;-7,00
108,00;Burundi;1977;108;Burundi;BDI;516,00;Burundi 1977;BDI77;-7,00
108,00;Burundi;1978;108;Burundi;BDI;516,00;Burundi 1978;BDI78;-7,00
108,00;Burundi;1979;108;Burundi;BDI;516,00;Burundi 1979;BDI79;-7,00
108,00;Burundi;1980;108;Burundi;BDI;516,00;Burundi 1980;BDI80;-7,00
108,00;Burundi;1981;108;Burundi;BDI;516,00;Burundi 1981;BDI81;-7,00
108,00;Burundi;1982;108;Burundi;BDI;516,00;Burundi 1982;BDI82;-7,00
108,00;Burundi;1983;108;Burundi;BDI;516,00;Burundi 1983;BDI83;-7,00
108,00;Burundi;1984;108;Burundi;BDI;516,00;Burundi 1984;BDI84;-7,00
108,00;Burundi;1985;108;Burundi;BDI;516,00;Burundi 1985;BDI85;-7,00
108,00;Burundi;1986;108;Burundi;BDI;516,00;Burundi 1986;BDI86;-7,00
108,00;Burundi;1987;108;Burundi;BDI;516,00;Burundi 1987;BDI87;-6,00
108,00;Burundi;1988;108;Burundi;BDI;516,00;Burundi 1988;BDI88;-6,00
108,00;Burundi;1989;108;Burundi;BDI;516,00;Burundi 1989;BDI89;-6,00
108,00;Burundi;1990;108;Burundi;BDI;516,00;Burundi 1990;BDI90;-6,00
108,00;Burundi;1991;108;Burundi;BDI;516,00;Burundi 1991;BDI91;-6,00
108,00;Burundi;1992;108;Burundi;BDI;516,00;Burundi 1992;BDI92;-3,00
108,00;Burundi;1993;108;Burundi;BDI;516,00;Burundi 1993;BDI93;0,00
108,00;Burundi;1994;108;Burundi;BDI;516,00;Burundi 1994;BDI94;0,00
108,00;Burundi;1995;108;Burundi;BDI;516,00;Burundi 1995;BDI95;0,00
108,00;Burundi;1996;108;Burundi;BDI;516,00;Burundi 1996;BDI96;-5,00
108,00;Burundi;1997;108;Burundi;BDI;516,00;Burundi 1997;BDI97;-5,00
108,00;Burundi;1998;108;Burundi;BDI;516,00;Burundi 1998;BDI98;-1,00
108,00;Burundi;1999;108;Burundi;BDI;516,00;Burundi 1999;BDI99;-1,00
108,00;Burundi;2000;108;Burundi;BDI;516,00;Burundi 2000;BDI00;-1,00
108,00;Burundi;2001;108;Burundi;BDI;516,00;Burundi 2001;BDI01;0,00
108,00;Burundi;2002;108;Burundi;BDI;516,00;Burundi 2002;BDI02;2,00
108,00;Burundi;2003;108;Burundi;BDI;516,00;Burundi 2003;BDI03;3,00
108,00;Burundi;2004;108;Burundi;BDI;516,00;Burundi 2004;BDI04;5,00
108,00;Burundi;2005;108;Burundi;BDI;516,00;Burundi 2005;BDI05;6,00
108,00;Burundi;2006;108;Burundi;BDI;516,00;Burundi 2006;BDI06;6,00
108,00;Burundi;2007;108;Burundi;BDI;516,00;Burundi 2007;BDI07;6,00
108,00;Burundi;2008;108;Burundi;BDI;516,00;Burundi 2008;BDI08;6,00
108,00;Burundi;2009;108;Burundi;BDI;516,00;Burundi 2009;BDI09;6,00
108,00;Burundi;2010;108;Burundi;BDI;516,00;Burundi 2010;BDI10;6,00
108,00;Burundi;2011;108;Burundi;BDI;516,00;Burundi 2011;BDI11;6,00
108,00;Burundi;2012;108;Burundi;BDI;516,00;Burundi 2012;BDI12;6,00
108,00;Burundi;2013;108;Burundi;BDI;516,00;Burundi 2013;BDI13;6,00
108,00;Burundi;2014;108;Burundi;BDI;516,00;Burundi 2014;BDI14;6,00
108,00;Burundi;2015;108;Burundi;BDI;516,00;Burundi 2015;BDI15;-1,00
108,00;Burundi;2016;108;Burundi;BDI;516,00;Burundi 2016;BDI16;-1,00
108,00;Burundi;2017;108;Burundi;BDI;516,00;Burundi 2017;BDI17;-1,00
108,00;Burundi;2018;108;Burundi;BDI;516,00;Burundi 2018;BDI18;-1,00
112,00;Belarus;1992;112;Belarus;BLR;370,00;Belarus 1992;BLR92;6,00
112,00;Belarus;1993;112;Belarus;BLR;370,00;Belarus 1993;BLR93;6,00
112,00;Belarus;1994;112;Belarus;BLR;370,00;Belarus 1994;BLR94;8,00
112,00;Belarus;1995;112;Belarus;BLR;370,00;Belarus 1995;BLR95;0,00
112,00;Belarus;1996;112;Belarus;BLR;370,00;Belarus 1996;BLR96;-7,00
112,00;Belarus;1997;112;Belarus;BLR;370,00;Belarus 1997;BLR97;-7,00
112,00;Belarus;1998;112;Belarus;BLR;370,00;Belarus 1998;BLR98;-7,00
112,00;Belarus;1999;112;Belarus;BLR;370,00;Belarus 1999;BLR99;-7,00
112,00;Belarus;2000;112;Belarus;BLR;370,00;Belarus 2000;BLR00;-7,00
112,00;Belarus;2001;112;Belarus;BLR;370,00;Belarus 2001;BLR01;-7,00
112,00;Belarus;2002;112;Belarus;BLR;370,00;Belarus 2002;BLR02;-7,00
112,00;Belarus;2003;112;Belarus;BLR;370,00;Belarus 2003;BLR03;-7,00
112,00;Belarus;2004;112;Belarus;BLR;370,00;Belarus 2004;BLR04;-7,00
112,00;Belarus;2005;112;Belarus;BLR;370,00;Belarus 2005;BLR05;-7,00
112,00;Belarus;2006;112;Belarus;BLR;370,00;Belarus 2006;BLR06;-7,00
112,00;Belarus;2007;112;Belarus;BLR;370,00;Belarus 2007;BLR07;-7,00
112,00;Belarus;2008;112;Belarus;BLR;370,00;Belarus 2008;BLR08;-7,00
112,00;Belarus;2009;112;Belarus;BLR;370,00;Belarus 2009;BLR09;-7,00
112,00;Belarus;2010;112;Belarus;BLR;370,00;Belarus 2010;BLR10;-7,00
112,00;Belarus;2011;112;Belarus;BLR;370,00;Belarus 2011;BLR11;-7,00
112,00;Belarus;2012;112;Belarus;BLR;370,00;Belarus 2012;BLR12;-7,00
112,00;Belarus;2013;112;Belarus;BLR;370,00;Belarus 2013;BLR13;-7,00
112,00;Belarus;2014;112;Belarus;BLR;370,00;Belarus 2014;BLR14;-7,00
112,00;Belarus;2015;112;Belarus;BLR;370,00;Belarus 2015;BLR15;-7,00
112,00;Belarus;2016;112;Belarus;BLR;370,00;Belarus 2016;BLR16;-7,00
112,00;Belarus;2017;112;Belarus;BLR;370,00;Belarus 2017;BLR17;-7,00
112,00;Belarus;2018;112;Belarus;BLR;370,00;Belarus 2018;BLR18;-7,00
116,00;Cambodia;1954;116;Cambodia;KHM;811,00;Cambodia 1954;KHM54;-3,00
116,00;Cambodia;1955;116;Cambodia;KHM;811,00;Cambodia 1955;KHM55;-9,00
116,00;Cambodia;1956;116;Cambodia;KHM;811,00;Cambodia 1956;KHM56;-9,00
116,00;Cambodia;1957;116;Cambodia;KHM;811,00;Cambodia 1957;KHM57;-9,00
116,00;Cambodia;1958;116;Cambodia;KHM;811,00;Cambodia 1958;KHM58;-9,00
116,00;Cambodia;1959;116;Cambodia;KHM;811,00;Cambodia 1959;KHM59;-9,00
116,00;Cambodia;1960;116;Cambodia;KHM;811,00;Cambodia 1960;KHM60;-9,00
116,00;Cambodia;1961;116;Cambodia;KHM;811,00;Cambodia 1961;KHM61;-9,00
116,00;Cambodia;1962;116;Cambodia;KHM;811,00;Cambodia 1962;KHM62;-9,00
116,00;Cambodia;1963;116;Cambodia;KHM;811,00;Cambodia 1963;KHM63;-9,00
116,00;Cambodia;1964;116;Cambodia;KHM;811,00;Cambodia 1964;KHM64;-9,00
116,00;Cambodia;1965;116;Cambodia;KHM;811,00;Cambodia 1965;KHM65;-9,00
116,00;Cambodia;1966;116;Cambodia;KHM;811,00;Cambodia 1966;KHM66;-9,00
116,00;Cambodia;1967;116;Cambodia;KHM;811,00;Cambodia 1967;KHM67;-9,00
116,00;Cambodia;1968;116;Cambodia;KHM;811,00;Cambodia 1968;KHM68;-9,00
116,00;Cambodia;1969;116;Cambodia;KHM;811,00;Cambodia 1969;KHM69;-9,00
116,00;Cambodia;1970;116;Cambodia;KHM;811,00;Cambodia 1970;KHM70;-8,00
116,00;Cambodia;1971;116;Cambodia;KHM;811,00;Cambodia 1971;KHM71;-6,00
116,00;Cambodia;1972;116;Cambodia;KHM;811,00;Cambodia 1972;KHM72;-5,00
116,00;Cambodia;1973;116;Cambodia;KHM;811,00;Cambodia 1973;KHM73;-5,00
116,00;Cambodia;1974;116;Cambodia;KHM;811,00;Cambodia 1974;KHM74;-5,00
116,00;Cambodia;1975;116;Cambodia;KHM;811,00;Cambodia 1975;KHM75;0,00
116,00;Cambodia;1976;116;Cambodia;KHM;811,00;Cambodia 1976;KHM76;-7,00
116,00;Cambodia;1977;116;Cambodia;KHM;811,00;Cambodia 1977;KHM77;-7,00
116,00;Cambodia;1978;116;Cambodia;KHM;811,00;Cambodia 1978;KHM78;-7,00
116,00;Cambodia;1989;116;Cambodia;KHM;811,00;Cambodia 1989;KHM89;-7,00
116,00;Cambodia;1990;116;Cambodia;KHM;811,00;Cambodia 1990;KHM90;-5,00
116,00;Cambodia;1991;116;Cambodia;KHM;811,00;Cambodia 1991;KHM91;-3,00
116,00;Cambodia;1992;116;Cambodia;KHM;811,00;Cambodia 1992;KHM92;-1,00
116,00;Cambodia;1993;116;Cambodia;KHM;811,00;Cambodia 1993;KHM93;1,00
116,00;Cambodia;1994;116;Cambodia;KHM;811,00;Cambodia 1994;KHM94;1,00
116,00;Cambodia;1995;116;Cambodia;KHM;811,00;Cambodia 1995;KHM95;1,00
116,00;Cambodia;1996;116;Cambodia;KHM;811,00;Cambodia 1996;KHM96;1,00
116,00;Cambodia;1997;116;Cambodia;KHM;811,00;Cambodia 1997;KHM97;-7,00
116,00;Cambodia;1998;116;Cambodia;KHM;811,00;Cambodia 1998;KHM98;2,00
116,00;Cambodia;1999;116;Cambodia;KHM;811,00;Cambodia 1999;KHM99;2,00
116,00;Cambodia;2000;116;Cambodia;KHM;811,00;Cambodia 2000;KHM00;2,00
116,00;Cambodia;2001;116;Cambodia;KHM;811,00;Cambodia 2001;KHM01;2,00
116,00;Cambodia;2002;116;Cambodia;KHM;811,00;Cambodia 2002;KHM02;2,00
116,00;Cambodia;2003;116;Cambodia;KHM;811,00;Cambodia 2003;KHM03;2,00
116,00;Cambodia;2004;116;Cambodia;KHM;811,00;Cambodia 2004;KHM04;2,00
116,00;Cambodia;2005;116;Cambodia;KHM;811,00;Cambodia 2005;KHM05;2,00
116,00;Cambodia;2006;116;Cambodia;KHM;811,00;Cambodia 2006;KHM06;2,00
116,00;Cambodia;2007;116;Cambodia;KHM;811,00;Cambodia 2007;KHM07;2,00
116,00;Cambodia;2008;116;Cambodia;KHM;811,00;Cambodia 2008;KHM08;2,00
116,00;Cambodia;2009;116;Cambodia;KHM;811,00;Cambodia 2009;KHM09;2,00
116,00;Cambodia;2010;116;Cambodia;KHM;811,00;Cambodia 2010;KHM10;2,00
116,00;Cambodia;2011;116;Cambodia;KHM;811,00;Cambodia 2011;KHM11;2,00
116,00;Cambodia;2012;116;Cambodia;KHM;811,00;Cambodia 2012;KHM12;2,00
116,00;Cambodia;2013;116;Cambodia;KHM;811,00;Cambodia 2013;KHM13;2,00
116,00;Cambodia;2014;116;Cambodia;KHM;811,00;Cambodia 2014;KHM14;2,00
116,00;Cambodia;2015;116;Cambodia;KHM;811,00;Cambodia 2015;KHM15;2,00
116,00;Cambodia;2016;116;Cambodia;KHM;811,00;Cambodia 2016;KHM16;2,00
116,00;Cambodia;2017;116;Cambodia;KHM;811,00;Cambodia 2017;KHM17;-4,00
116,00;Cambodia;2018;116;Cambodia;KHM;811,00;Cambodia 2018;KHM18;-4,00
120,00;Cameroon;1960;120;Cameroon;CMR;471,00;Cameroon 1960;CMR60;4,00
120,00;Cameroon;1961;120;Cameroon;CMR;471,00;Cameroon 1961;CMR61;4,00
120,00;Cameroon;1962;120;Cameroon;CMR;471,00;Cameroon 1962;CMR62;4,00
120,00;Cameroon;1963;120;Cameroon;CMR;471,00;Cameroon 1963;CMR63;4,00
120,00;Cameroon;1964;120;Cameroon;CMR;471,00;Cameroon 1964;CMR64;4,00
120,00;Cameroon;1965;120;Cameroon;CMR;471,00;Cameroon 1965;CMR65;4,00
120,00;Cameroon;1966;120;Cameroon;CMR;471,00;Cameroon 1966;CMR66;-7,00
120,00;Cameroon;1967;120;Cameroon;CMR;471,00;Cameroon 1967;CMR67;-7,00
120,00;Cameroon;1968;120;Cameroon;CMR;471,00;Cameroon 1968;CMR68;-7,00
120,00;Cameroon;1969;120;Cameroon;CMR;471,00;Cameroon 1969;CMR69;-7,00
120,00;Cameroon;1970;120;Cameroon;CMR;471,00;Cameroon 1970;CMR70;-7,00
120,00;Cameroon;1971;120;Cameroon;CMR;471,00;Cameroon 1971;CMR71;-7,00
120,00;Cameroon;1972;120;Cameroon;CMR;471,00;Cameroon 1972;CMR72;-8,00
120,00;Cameroon;1973;120;Cameroon;CMR;471,00;Cameroon 1973;CMR73;-8,00
120,00;Cameroon;1974;120;Cameroon;CMR;471,00;Cameroon 1974;CMR74;-8,00
120,00;Cameroon;1975;120;Cameroon;CMR;471,00;Cameroon 1975;CMR75;-8,00
120,00;Cameroon;1976;120;Cameroon;CMR;471,00;Cameroon 1976;CMR76;-8,00
120,00;Cameroon;1977;120;Cameroon;CMR;471,00;Cameroon 1977;CMR77;-8,00
120,00;Cameroon;1978;120;Cameroon;CMR;471,00;Cameroon 1978;CMR78;-8,00
120,00;Cameroon;1979;120;Cameroon;CMR;471,00;Cameroon 1979;CMR79;-8,00
120,00;Cameroon;1980;120;Cameroon;CMR;471,00;Cameroon 1980;CMR80;-8,00
120,00;Cameroon;1981;120;Cameroon;CMR;471,00;Cameroon 1981;CMR81;-8,00
120,00;Cameroon;1982;120;Cameroon;CMR;471,00;Cameroon 1982;CMR82;-7,00
120,00;Cameroon;1983;120;Cameroon;CMR;471,00;Cameroon 1983;CMR83;-7,00
120,00;Cameroon;1984;120;Cameroon;CMR;471,00;Cameroon 1984;CMR84;-9,00
120,00;Cameroon;1985;120;Cameroon;CMR;471,00;Cameroon 1985;CMR85;-9,00
120,00;Cameroon;1986;120;Cameroon;CMR;471,00;Cameroon 1986;CMR86;-9,00
120,00;Cameroon;1987;120;Cameroon;CMR;471,00;Cameroon 1987;CMR87;-9,00
120,00;Cameroon;1988;120;Cameroon;CMR;471,00;Cameroon 1988;CMR88;-6,00
120,00;Cameroon;1989;120;Cameroon;CMR;471,00;Cameroon 1989;CMR89;-6,00
120,00;Cameroon;1990;120;Cameroon;CMR;471,00;Cameroon 1990;CMR90;-3,00
120,00;Cameroon;1991;120;Cameroon;CMR;471,00;Cameroon 1991;CMR91;-3,00
120,00;Cameroon;1992;120;Cameroon;CMR;471,00;Cameroon 1992;CMR92;-5,00
120,00;Cameroon;1993;120;Cameroon;CMR;471,00;Cameroon 1993;CMR93;-5,00
120,00;Cameroon;1994;120;Cameroon;CMR;471,00;Cameroon 1994;CMR94;-5,00
120,00;Cameroon;1995;120;Cameroon;CMR;471,00;Cameroon 1995;CMR95;-5,00
120,00;Cameroon;1996;120;Cameroon;CMR;471,00;Cameroon 1996;CMR96;-5,00
120,00;Cameroon;1997;120;Cameroon;CMR;471,00;Cameroon 1997;CMR97;-5,00
120,00;Cameroon;1998;120;Cameroon;CMR;471,00;Cameroon 1998;CMR98;-5,00
120,00;Cameroon;1999;120;Cameroon;CMR;471,00;Cameroon 1999;CMR99;-5,00
120,00;Cameroon;2000;120;Cameroon;CMR;471,00;Cameroon 2000;CMR00;-5,00
120,00;Cameroon;2001;120;Cameroon;CMR;471,00;Cameroon 2001;CMR01;-5,00
120,00;Cameroon;2002;120;Cameroon;CMR;471,00;Cameroon 2002;CMR02;-5,00
120,00;Cameroon;2003;120;Cameroon;CMR;471,00;Cameroon 2003;CMR03;-5,00
120,00;Cameroon;2004;120;Cameroon;CMR;471,00;Cameroon 2004;CMR04;-5,00
120,00;Cameroon;2005;120;Cameroon;CMR;471,00;Cameroon 2005;CMR05;-5,00
120,00;Cameroon;2006;120;Cameroon;CMR;471,00;Cameroon 2006;CMR06;-5,00
120,00;Cameroon;2007;120;Cameroon;CMR;471,00;Cameroon 2007;CMR07;-5,00
120,00;Cameroon;2008;120;Cameroon;CMR;471,00;Cameroon 2008;CMR08;-5,00
120,00;Cameroon;2009;120;Cameroon;CMR;471,00;Cameroon 2009;CMR09;-5,00
120,00;Cameroon;2010;120;Cameroon;CMR;471,00;Cameroon 2010;CMR10;-5,00
120,00;Cameroon;2011;120;Cameroon;CMR;471,00;Cameroon 2011;CMR11;-5,00
120,00;Cameroon;2012;120;Cameroon;CMR;471,00;Cameroon 2012;CMR12;-5,00
120,00;Cameroon;2013;120;Cameroon;CMR;471,00;Cameroon 2013;CMR13;-5,00
120,00;Cameroon;2014;120;Cameroon;CMR;471,00;Cameroon 2014;CMR14;-5,00
120,00;Cameroon;2015;120;Cameroon;CMR;471,00;Cameroon 2015;CMR15;-5,00
120,00;Cameroon;2016;120;Cameroon;CMR;471,00;Cameroon 2016;CMR16;-5,00
120,00;Cameroon;2017;120;Cameroon;CMR;471,00;Cameroon 2017;CMR17;-5,00
120,00;Cameroon;2018;120;Cameroon;CMR;471,00;Cameroon 2018;CMR18;-5,00
124,00;Canada;1946;124;Canada;CAN;20,00;Canada 1946;CAN46;10,00
124,00;Canada;1947;124;Canada;CAN;20,00;Canada 1947;CAN47;10,00
124,00;Canada;1948;124;Canada;CAN;20,00;Canada 1948;CAN48;10,00
124,00;Canada;1949;124;Canada;CAN;20,00;Canada 1949;CAN49;10,00
124,00;Canada;1950;124;Canada;CAN;20,00;Canada 1950;CAN50;10,00
124,00;Canada;1951;124;Canada;CAN;20,00;Canada 1951;CAN51;10,00
124,00;Canada;1952;124;Canada;CAN;20,00;Canada 1952;CAN52;10,00
124,00;Canada;1953;124;Canada;CAN;20,00;Canada 1953;CAN53;10,00
124,00;Canada;1954;124;Canada;CAN;20,00;Canada 1954;CAN54;10,00
124,00;Canada;1955;124;Canada;CAN;20,00;Canada 1955;CAN55;10,00
124,00;Canada;1956;124;Canada;CAN;20,00;Canada 1956;CAN56;10,00
124,00;Canada;1957;124;Canada;CAN;20,00;Canada 1957;CAN57;10,00
124,00;Canada;1958;124;Canada;CAN;20,00;Canada 1958;CAN58;10,00
124,00;Canada;1959;124;Canada;CAN;20,00;Canada 1959;CAN59;10,00
124,00;Canada;1960;124;Canada;CAN;20,00;Canada 1960;CAN60;10,00
124,00;Canada;1961;124;Canada;CAN;20,00;Canada 1961;CAN61;10,00
124,00;Canada;1962;124;Canada;CAN;20,00;Canada 1962;CAN62;10,00
124,00;Canada;1963;124;Canada;CAN;20,00;Canada 1963;CAN63;10,00
124,00;Canada;1964;124;Canada;CAN;20,00;Canada 1964;CAN64;10,00
124,00;Canada;1965;124;Canada;CAN;20,00;Canada 1965;CAN65;10,00
124,00;Canada;1966;124;Canada;CAN;20,00;Canada 1966;CAN66;10,00
124,00;Canada;1967;124;Canada;CAN;20,00;Canada 1967;CAN67;10,00
124,00;Canada;1968;124;Canada;CAN;20,00;Canada 1968;CAN68;10,00
124,00;Canada;1969;124;Canada;CAN;20,00;Canada 1969;CAN69;10,00
124,00;Canada;1970;124;Canada;CAN;20,00;Canada 1970;CAN70;10,00
124,00;Canada;1971;124;Canada;CAN;20,00;Canada 1971;CAN71;10,00
124,00;Canada;1972;124;Canada;CAN;20,00;Canada 1972;CAN72;10,00
124,00;Canada;1973;124;Canada;CAN;20,00;Canada 1973;CAN73;10,00
124,00;Canada;1974;124;Canada;CAN;20,00;Canada 1974;CAN74;10,00
124,00;Canada;1975;124;Canada;CAN;20,00;Canada 1975;CAN75;10,00
124,00;Canada;1976;124;Canada;CAN;20,00;Canada 1976;CAN76;10,00
124,00;Canada;1977;124;Canada;CAN;20,00;Canada 1977;CAN77;10,00
124,00;Canada;1978;124;Canada;CAN;20,00;Canada 1978;CAN78;10,00
124,00;Canada;1979;124;Canada;CAN;20,00;Canada 1979;CAN79;10,00
124,00;Canada;1980;124;Canada;CAN;20,00;Canada 1980;CAN80;10,00
124,00;Canada;1981;124;Canada;CAN;20,00;Canada 1981;CAN81;10,00
124,00;Canada;1982;124;Canada;CAN;20,00;Canada 1982;CAN82;10,00
124,00;Canada;1983;124;Canada;CAN;20,00;Canada 1983;CAN83;10,00
124,00;Canada;1984;124;Canada;CAN;20,00;Canada 1984;CAN84;10,00
124,00;Canada;1985;124;Canada;CAN;20,00;Canada 1985;CAN85;10,00
124,00;Canada;1986;124;Canada;CAN;20,00;Canada 1986;CAN86;10,00
124,00;Canada;1987;124;Canada;CAN;20,00;Canada 1987;CAN87;10,00
124,00;Canada;1988;124;Canada;CAN;20,00;Canada 1988;CAN88;10,00
124,00;Canada;1989;124;Canada;CAN;20,00;Canada 1989;CAN89;10,00
124,00;Canada;1990;124;Canada;CAN;20,00;Canada 1990;CAN90;10,00
124,00;Canada;1991;124;Canada;CAN;20,00;Canada 1991;CAN91;10,00
124,00;Canada;1992;124;Canada;CAN;20,00;Canada 1992;CAN92;10,00
124,00;Canada;1993;124;Canada;CAN;20,00;Canada 1993;CAN93;10,00
124,00;Canada;1994;124;Canada;CAN;20,00;Canada 1994;CAN94;10,00
124,00;Canada;1995;124;Canada;CAN;20,00;Canada 1995;CAN95;10,00
124,00;Canada;1996;124;Canada;CAN;20,00;Canada 1996;CAN96;10,00
124,00;Canada;1997;124;Canada;CAN;20,00;Canada 1997;CAN97;10,00
124,00;Canada;1998;124;Canada;CAN;20,00;Canada 1998;CAN98;10,00
124,00;Canada;1999;124;Canada;CAN;20,00;Canada 1999;CAN99;10,00
124,00;Canada;2000;124;Canada;CAN;20,00;Canada 2000;CAN00;10,00
124,00;Canada;2001;124;Canada;CAN;20,00;Canada 2001;CAN01;10,00
124,00;Canada;2002;124;Canada;CAN;20,00;Canada 2002;CAN02;10,00
124,00;Canada;2003;124;Canada;CAN;20,00;Canada 2003;CAN03;10,00
124,00;Canada;2004;124;Canada;CAN;20,00;Canada 2004;CAN04;10,00
124,00;Canada;2005;124;Canada;CAN;20,00;Canada 2005;CAN05;10,00
124,00;Canada;2006;124;Canada;CAN;20,00;Canada 2006;CAN06;10,00
124,00;Canada;2007;124;Canada;CAN;20,00;Canada 2007;CAN07;10,00
124,00;Canada;2008;124;Canada;CAN;20,00;Canada 2008;CAN08;10,00
124,00;Canada;2009;124;Canada;CAN;20,00;Canada 2009;CAN09;10,00
124,00;Canada;2010;124;Canada;CAN;20,00;Canada 2010;CAN10;10,00
124,00;Canada;2011;124;Canada;CAN;20,00;Canada 2011;CAN11;10,00
124,00;Canada;2012;124;Canada;CAN;20,00;Canada 2012;CAN12;10,00
124,00;Canada;2013;124;Canada;CAN;20,00;Canada 2013;CAN13;10,00
124,00;Canada;2014;124;Canada;CAN;20,00;Canada 2014;CAN14;10,00
124,00;Canada;2015;124;Canada;CAN;20,00;Canada 2015;CAN15;10,00
124,00;Canada;2016;124;Canada;CAN;20,00;Canada 2016;CAN16;10,00
124,00;Canada;2017;124;Canada;CAN;20,00;Canada 2017;CAN17;10,00
124,00;Canada;2018;124;Canada;CAN;20,00;Canada 2018;CAN18;10,00
132,00;Cabo Verde;1976;132;Cape Verde;CPV;402,00;Cape Verde 1976;CPV76;-4,00
132,00;Cabo Verde;1977;132;Cape Verde;CPV;402,00;Cape Verde 1977;CPV77;-4,00
132,00;Cabo Verde;1978;132;Cape Verde;CPV;402,00;Cape Verde 1978;CPV78;-4,00
132,00;Cabo Verde;1979;132;Cape Verde;CPV;402,00;Cape Verde 1979;CPV79;-4,00
132,00;Cabo Verde;1980;132;Cape Verde;CPV;402,00;Cape Verde 1980;CPV80;-4,00
132,00;Cabo Verde;1981;132;Cape Verde;CPV;402,00;Cape Verde 1981;CPV81;-4,00
132,00;Cabo Verde;1982;132;Cape Verde;CPV;402,00;Cape Verde 1982;CPV82;-4,00
132,00;Cabo Verde;1983;132;Cape Verde;CPV;402,00;Cape Verde 1983;CPV83;-4,00
132,00;Cabo Verde;1984;132;Cape Verde;CPV;402,00;Cape Verde 1984;CPV84;-4,00
132,00;Cabo Verde;1985;132;Cape Verde;CPV;402,00;Cape Verde 1985;CPV85;-3,00
132,00;Cabo Verde;1986;132;Cape Verde;CPV;402,00;Cape Verde 1986;CPV86;-3,00
132,00;Cabo Verde;1987;132;Cape Verde;CPV;402,00;Cape Verde 1987;CPV87;-3,00
132,00;Cabo Verde;1988;132;Cape Verde;CPV;402,00;Cape Verde 1988;CPV88;-3,00
132,00;Cabo Verde;1989;132;Cape Verde;CPV;402,00;Cape Verde 1989;CPV89;-3,00
132,00;Cabo Verde;1990;132;Cape Verde;CPV;402,00;Cape Verde 1990;CPV90;-2,00
132,00;Cabo Verde;1991;132;Cape Verde;CPV;402,00;Cape Verde 1991;CPV91;8,00
132,00;Cabo Verde;1992;132;Cape Verde;CPV;402,00;Cape Verde 1992;CPV92;8,00
132,00;Cabo Verde;1993;132;Cape Verde;CPV;402,00;Cape Verde 1993;CPV93;8,00
132,00;Cabo Verde;1994;132;Cape Verde;CPV;402,00;Cape Verde 1994;CPV94;8,00
132,00;Cabo Verde;1995;132;Cape Verde;CPV;402,00;Cape Verde 1995;CPV95;8,00
132,00;Cabo Verde;1996;132;Cape Verde;CPV;402,00;Cape Verde 1996;CPV96;8,00
132,00;Cabo Verde;1997;132;Cape Verde;CPV;402,00;Cape Verde 1997;CPV97;8,00
132,00;Cabo Verde;1998;132;Cape Verde;CPV;402,00;Cape Verde 1998;CPV98;8,00
132,00;Cabo Verde;1999;132;Cape Verde;CPV;402,00;Cape Verde 1999;CPV99;8,00
132,00;Cabo Verde;2000;132;Cape Verde;CPV;402,00;Cape Verde 2000;CPV00;8,00
132,00;Cabo Verde;2001;132;Cape Verde;CPV;402,00;Cape Verde 2001;CPV01;10,00
132,00;Cabo Verde;2002;132;Cape Verde;CPV;402,00;Cape Verde 2002;CPV02;10,00
132,00;Cabo Verde;2003;132;Cape Verde;CPV;402,00;Cape Verde 2003;CPV03;10,00
132,00;Cabo Verde;2004;132;Cape Verde;CPV;402,00;Cape Verde 2004;CPV04;10,00
132,00;Cabo Verde;2005;132;Cape Verde;CPV;402,00;Cape Verde 2005;CPV05;10,00
132,00;Cabo Verde;2006;132;Cape Verde;CPV;402,00;Cape Verde 2006;CPV06;10,00
132,00;Cabo Verde;2007;132;Cape Verde;CPV;402,00;Cape Verde 2007;CPV07;10,00
132,00;Cabo Verde;2008;132;Cape Verde;CPV;402,00;Cape Verde 2008;CPV08;10,00
132,00;Cabo Verde;2009;132;Cape Verde;CPV;402,00;Cape Verde 2009;CPV09;10,00
132,00;Cabo Verde;2010;132;Cape Verde;CPV;402,00;Cape Verde 2010;CPV10;10,00
132,00;Cabo Verde;2011;132;Cape Verde;CPV;402,00;Cape Verde 2011;CPV11;10,00
132,00;Cabo Verde;2012;132;Cape Verde;CPV;402,00;Cape Verde 2012;CPV12;10,00
132,00;Cabo Verde;2013;132;Cape Verde;CPV;402,00;Cape Verde 2013;CPV13;10,00
132,00;Cabo Verde;2014;132;Cape Verde;CPV;402,00;Cape Verde 2014;CPV14;10,00
132,00;Cabo Verde;2015;132;Cape Verde;CPV;402,00;Cape Verde 2015;CPV15;10,00
132,00;Cabo Verde;2016;132;Cape Verde;CPV;402,00;Cape Verde 2016;CPV16;10,00
132,00;Cabo Verde;2017;132;Cape Verde;CPV;402,00;Cape Verde 2017;CPV17;10,00
132,00;Cabo Verde;2018;132;Cape Verde;CPV;402,00;Cape Verde 2018;CPV18;10,00
140,00;Central African Republic (the);1961;140;Central African Republic;CAF;482,00;Central African Republic 1961;CAF61;-7,00
140,00;Central African Republic (the);1962;140;Central African Republic;CAF;482,00;Central African Republic 1962;CAF62;-7,00
140,00;Central African Republic (the);1963;140;Central African Republic;CAF;482,00;Central African Republic 1963;CAF63;-7,00
140,00;Central African Republic (the);1964;140;Central African Republic;CAF;482,00;Central African Republic 1964;CAF64;-7,00
140,00;Central African Republic (the);1965;140;Central African Republic;CAF;482,00;Central African Republic 1965;CAF65;-7,00
140,00;Central African Republic (the);1966;140;Central African Republic;CAF;482,00;Central African Republic 1966;CAF66;-7,00
140,00;Central African Republic (the);1967;140;Central African Republic;CAF;482,00;Central African Republic 1967;CAF67;-7,00
140,00;Central African Republic (the);1968;140;Central African Republic;CAF;482,00;Central African Republic 1968;CAF68;-7,00
140,00;Central African Republic (the);1969;140;Central African Republic;CAF;482,00;Central African Republic 1969;CAF69;-7,00
140,00;Central African Republic (the);1970;140;Central African Republic;CAF;482,00;Central African Republic 1970;CAF70;-7,00
140,00;Central African Republic (the);1971;140;Central African Republic;CAF;482,00;Central African Republic 1971;CAF71;-7,00
140,00;Central African Republic (the);1972;140;Central African Republic;CAF;482,00;Central African Republic 1972;CAF72;-7,00
140,00;Central African Republic (the);1973;140;Central African Republic;CAF;482,00;Central African Republic 1973;CAF73;-7,00
140,00;Central African Republic (the);1974;140;Central African Republic;CAF;482,00;Central African Republic 1974;CAF74;-7,00
140,00;Central African Republic (the);1975;140;Central African Republic;CAF;482,00;Central African Republic 1975;CAF75;-7,00
140,00;Central African Republic (the);1976;140;Central African Republic;CAF;482,00;Central African Republic 1976;CAF76;-7,00
140,00;Central African Republic (the);1977;140;Central African Republic;CAF;482,00;Central African Republic 1977;CAF77;-7,00
140,00;Central African Republic (the);1978;140;Central African Republic;CAF;482,00;Central African Republic 1978;CAF78;-7,00
140,00;Central African Republic (the);1979;140;Central African Republic;CAF;482,00;Central African Republic 1979;CAF79;-7,00
140,00;Central African Republic (the);1980;140;Central African Republic;CAF;482,00;Central African Republic 1980;CAF80;-7,00
140,00;Central African Republic (the);1981;140;Central African Republic;CAF;482,00;Central African Republic 1981;CAF81;-7,00
140,00;Central African Republic (the);1982;140;Central African Republic;CAF;482,00;Central African Republic 1982;CAF82;-7,00
140,00;Central African Republic (the);1983;140;Central African Republic;CAF;482,00;Central African Republic 1983;CAF83;-7,00
140,00;Central African Republic (the);1984;140;Central African Republic;CAF;482,00;Central African Republic 1984;CAF84;-7,00
140,00;Central African Republic (the);1985;140;Central African Republic;CAF;482,00;Central African Republic 1985;CAF85;-7,00
140,00;Central African Republic (the);1986;140;Central African Republic;CAF;482,00;Central African Republic 1986;CAF86;-7,00
140,00;Central African Republic (the);1987;140;Central African Republic;CAF;482,00;Central African Republic 1987;CAF87;-7,00
140,00;Central African Republic (the);1988;140;Central African Republic;CAF;482,00;Central African Republic 1988;CAF88;-7,00
140,00;Central African Republic (the);1989;140;Central African Republic;CAF;482,00;Central African Republic 1989;CAF89;-7,00
140,00;Central African Republic (the);1990;140;Central African Republic;CAF;482,00;Central African Republic 1990;CAF90;-7,00
140,00;Central African Republic (the);1991;140;Central African Republic;CAF;482,00;Central African Republic 1991;CAF91;-6,00
140,00;Central African Republic (the);1992;140;Central African Republic;CAF;482,00;Central African Republic 1992;CAF92;-6,00
140,00;Central African Republic (the);1993;140;Central African Republic;CAF;482,00;Central African Republic 1993;CAF93;5,00
140,00;Central African Republic (the);1994;140;Central African Republic;CAF;482,00;Central African Republic 1994;CAF94;5,00
140,00;Central African Republic (the);1995;140;Central African Republic;CAF;482,00;Central African Republic 1995;CAF95;5,00
140,00;Central African Republic (the);1996;140;Central African Republic;CAF;482,00;Central African Republic 1996;CAF96;5,00
140,00;Central African Republic (the);1997;140;Central African Republic;CAF;482,00;Central African Republic 1997;CAF97;5,00
140,00;Central African Republic (the);1998;140;Central African Republic;CAF;482,00;Central African Republic 1998;CAF98;5,00
140,00;Central African Republic (the);1999;140;Central African Republic;CAF;482,00;Central African Republic 1999;CAF99;5,00
140,00;Central African Republic (the);2000;140;Central African Republic;CAF;482,00;Central African Republic 2000;CAF00;5,00
140,00;Central African Republic (the);2001;140;Central African Republic;CAF;482,00;Central African Republic 2001;CAF01;5,00
140,00;Central African Republic (the);2002;140;Central African Republic;CAF;482,00;Central African Republic 2002;CAF02;5,00
140,00;Central African Republic (the);2003;140;Central African Republic;CAF;482,00;Central African Republic 2003;CAF03;-1,00
140,00;Central African Republic (the);2004;140;Central African Republic;CAF;482,00;Central African Republic 2004;CAF04;-1,00
140,00;Central African Republic (the);2005;140;Central African Republic;CAF;482,00;Central African Republic 2005;CAF05;-1,00
140,00;Central African Republic (the);2006;140;Central African Republic;CAF;482,00;Central African Republic 2006;CAF06;-1,00
140,00;Central African Republic (the);2007;140;Central African Republic;CAF;482,00;Central African Republic 2007;CAF07;-1,00
140,00;Central African Republic (the);2008;140;Central African Republic;CAF;482,00;Central African Republic 2008;CAF08;-1,00
140,00;Central African Republic (the);2009;140;Central African Republic;CAF;482,00;Central African Republic 2009;CAF09;-1,00
140,00;Central African Republic (the);2010;140;Central African Republic;CAF;482,00;Central African Republic 2010;CAF10;-1,00
140,00;Central African Republic (the);2011;140;Central African Republic;CAF;482,00;Central African Republic 2011;CAF11;-1,00
140,00;Central African Republic (the);2012;140;Central African Republic;CAF;482,00;Central African Republic 2012;CAF12;-1,00
140,00;Central African Republic (the);2013;140;Central African Republic;CAF;482,00;Central African Republic 2013;CAF13;0,00
140,00;Central African Republic (the);2014;140;Central African Republic;CAF;482,00;Central African Republic 2014;CAF14;0,00
140,00;Central African Republic (the);2015;140;Central African Republic;CAF;482,00;Central African Republic 2015;CAF15;0,00
140,00;Central African Republic (the);2016;140;Central African Republic;CAF;482,00;Central African Republic 2016;CAF16;6,00
140,00;Central African Republic (the);2017;140;Central African Republic;CAF;482,00;Central African Republic 2017;CAF17;6,00
140,00;Central African Republic (the);2018;140;Central African Republic;CAF;482,00;Central African Republic 2018;CAF18;6,00
144,00;Sri Lanka;1948;144;Sri Lanka;LKA;780,00;Sri Lanka 1948;LKA48;7,00
144,00;Sri Lanka;1949;144;Sri Lanka;LKA;780,00;Sri Lanka 1949;LKA49;7,00
144,00;Sri Lanka;1950;144;Sri Lanka;LKA;780,00;Sri Lanka 1950;LKA50;7,00
144,00;Sri Lanka;1951;144;Sri Lanka;LKA;780,00;Sri Lanka 1951;LKA51;7,00
144,00;Sri Lanka;1952;144;Sri Lanka;LKA;780,00;Sri Lanka 1952;LKA52;7,00
144,00;Sri Lanka;1953;144;Sri Lanka;LKA;780,00;Sri Lanka 1953;LKA53;7,00
144,00;Sri Lanka;1954;144;Sri Lanka;LKA;780,00;Sri Lanka 1954;LKA54;7,00
144,00;Sri Lanka;1955;144;Sri Lanka;LKA;780,00;Sri Lanka 1955;LKA55;7,00
144,00;Sri Lanka;1956;144;Sri Lanka;LKA;780,00;Sri Lanka 1956;LKA56;7,00
144,00;Sri Lanka;1957;144;Sri Lanka;LKA;780,00;Sri Lanka 1957;LKA57;7,00
144,00;Sri Lanka;1958;144;Sri Lanka;LKA;780,00;Sri Lanka 1958;LKA58;7,00
144,00;Sri Lanka;1959;144;Sri Lanka;LKA;780,00;Sri Lanka 1959;LKA59;7,00
144,00;Sri Lanka;1960;144;Sri Lanka;LKA;780,00;Sri Lanka 1960;LKA60;7,00
144,00;Sri Lanka;1961;144;Sri Lanka;LKA;780,00;Sri Lanka 1961;LKA61;7,00
144,00;Sri Lanka;1962;144;Sri Lanka;LKA;780,00;Sri Lanka 1962;LKA62;7,00
144,00;Sri Lanka;1963;144;Sri Lanka;LKA;780,00;Sri Lanka 1963;LKA63;7,00
144,00;Sri Lanka;1964;144;Sri Lanka;LKA;780,00;Sri Lanka 1964;LKA64;7,00
144,00;Sri Lanka;1965;144;Sri Lanka;LKA;780,00;Sri Lanka 1965;LKA65;7,00
144,00;Sri Lanka;1966;144;Sri Lanka;LKA;780,00;Sri Lanka 1966;LKA66;7,00
144,00;Sri Lanka;1967;144;Sri Lanka;LKA;780,00;Sri Lanka 1967;LKA67;7,00
144,00;Sri Lanka;1968;144;Sri Lanka;LKA;780,00;Sri Lanka 1968;LKA68;7,00
144,00;Sri Lanka;1969;144;Sri Lanka;LKA;780,00;Sri Lanka 1969;LKA69;7,00
144,00;Sri Lanka;1970;144;Sri Lanka;LKA;780,00;Sri Lanka 1970;LKA70;8,00
144,00;Sri Lanka;1971;144;Sri Lanka;LKA;780,00;Sri Lanka 1971;LKA71;8,00
144,00;Sri Lanka;1972;144;Sri Lanka;LKA;780,00;Sri Lanka 1972;LKA72;8,00
144,00;Sri Lanka;1973;144;Sri Lanka;LKA;780,00;Sri Lanka 1973;LKA73;8,00
144,00;Sri Lanka;1974;144;Sri Lanka;LKA;780,00;Sri Lanka 1974;LKA74;8,00
144,00;Sri Lanka;1975;144;Sri Lanka;LKA;780,00;Sri Lanka 1975;LKA75;8,00
144,00;Sri Lanka;1976;144;Sri Lanka;LKA;780,00;Sri Lanka 1976;LKA76;8,00
144,00;Sri Lanka;1977;144;Sri Lanka;LKA;780,00;Sri Lanka 1977;LKA77;8,00
144,00;Sri Lanka;1978;144;Sri Lanka;LKA;780,00;Sri Lanka 1978;LKA78;6,00
144,00;Sri Lanka;1979;144;Sri Lanka;LKA;780,00;Sri Lanka 1979;LKA79;6,00
144,00;Sri Lanka;1980;144;Sri Lanka;LKA;780,00;Sri Lanka 1980;LKA80;6,00
144,00;Sri Lanka;1981;144;Sri Lanka;LKA;780,00;Sri Lanka 1981;LKA81;6,00
144,00;Sri Lanka;1982;144;Sri Lanka;LKA;780,00;Sri Lanka 1982;LKA82;5,00
144,00;Sri Lanka;1983;144;Sri Lanka;LKA;780,00;Sri Lanka 1983;LKA83;5,00
144,00;Sri Lanka;1984;144;Sri Lanka;LKA;780,00;Sri Lanka 1984;LKA84;5,00
144,00;Sri Lanka;1985;144;Sri Lanka;LKA;780,00;Sri Lanka 1985;LKA85;5,00
144,00;Sri Lanka;1986;144;Sri Lanka;LKA;780,00;Sri Lanka 1986;LKA86;5,00
144,00;Sri Lanka;1987;144;Sri Lanka;LKA;780,00;Sri Lanka 1987;LKA87;5,00
144,00;Sri Lanka;1988;144;Sri Lanka;LKA;780,00;Sri Lanka 1988;LKA88;5,00
144,00;Sri Lanka;1989;144;Sri Lanka;LKA;780,00;Sri Lanka 1989;LKA89;5,00
144,00;Sri Lanka;1990;144;Sri Lanka;LKA;780,00;Sri Lanka 1990;LKA90;5,00
144,00;Sri Lanka;1991;144;Sri Lanka;LKA;780,00;Sri Lanka 1991;LKA91;5,00
144,00;Sri Lanka;1992;144;Sri Lanka;LKA;780,00;Sri Lanka 1992;LKA92;5,00
144,00;Sri Lanka;1993;144;Sri Lanka;LKA;780,00;Sri Lanka 1993;LKA93;5,00
144,00;Sri Lanka;1994;144;Sri Lanka;LKA;780,00;Sri Lanka 1994;LKA94;5,00
144,00;Sri Lanka;1995;144;Sri Lanka;LKA;780,00;Sri Lanka 1995;LKA95;5,00
144,00;Sri Lanka;1996;144;Sri Lanka;LKA;780,00;Sri Lanka 1996;LKA96;5,00
144,00;Sri Lanka;1997;144;Sri Lanka;LKA;780,00;Sri Lanka 1997;LKA97;5,00
144,00;Sri Lanka;1998;144;Sri Lanka;LKA;780,00;Sri Lanka 1998;LKA98;5,00
144,00;Sri Lanka;1999;144;Sri Lanka;LKA;780,00;Sri Lanka 1999;LKA99;5,00
144,00;Sri Lanka;2000;144;Sri Lanka;LKA;780,00;Sri Lanka 2000;LKA00;5,00
144,00;Sri Lanka;2001;144;Sri Lanka;LKA;780,00;Sri Lanka 2001;LKA01;6,00
144,00;Sri Lanka;2002;144;Sri Lanka;LKA;780,00;Sri Lanka 2002;LKA02;6,00
144,00;Sri Lanka;2003;144;Sri Lanka;LKA;780,00;Sri Lanka 2003;LKA03;5,00
144,00;Sri Lanka;2004;144;Sri Lanka;LKA;780,00;Sri Lanka 2004;LKA04;5,00
144,00;Sri Lanka;2005;144;Sri Lanka;LKA;780,00;Sri Lanka 2005;LKA05;5,00
144,00;Sri Lanka;2006;144;Sri Lanka;LKA;780,00;Sri Lanka 2006;LKA06;6,00
144,00;Sri Lanka;2007;144;Sri Lanka;LKA;780,00;Sri Lanka 2007;LKA07;6,00
144,00;Sri Lanka;2008;144;Sri Lanka;LKA;780,00;Sri Lanka 2008;LKA08;6,00
144,00;Sri Lanka;2009;144;Sri Lanka;LKA;780,00;Sri Lanka 2009;LKA09;5,00
144,00;Sri Lanka;2010;144;Sri Lanka;LKA;780,00;Sri Lanka 2010;LKA10;3,00
144,00;Sri Lanka;2011;144;Sri Lanka;LKA;780,00;Sri Lanka 2011;LKA11;3,00
144,00;Sri Lanka;2012;144;Sri Lanka;LKA;780,00;Sri Lanka 2012;LKA12;3,00
144,00;Sri Lanka;2013;144;Sri Lanka;LKA;780,00;Sri Lanka 2013;LKA13;3,00
144,00;Sri Lanka;2014;144;Sri Lanka;LKA;780,00;Sri Lanka 2014;LKA14;3,00
144,00;Sri Lanka;2015;144;Sri Lanka;LKA;780,00;Sri Lanka 2015;LKA15;6,00
144,00;Sri Lanka;2016;144;Sri Lanka;LKA;780,00;Sri Lanka 2016;LKA16;6,00
144,00;Sri Lanka;2017;144;Sri Lanka;LKA;780,00;Sri Lanka 2017;LKA17;6,00
144,00;Sri Lanka;2018;144;Sri Lanka;LKA;780,00;Sri Lanka 2018;LKA18;6,00
148,00;Chad;1961;148;Chad;TCD;483,00;Chad 1961;TCD61;-3,00
148,00;Chad;1962;148;Chad;TCD;483,00;Chad 1962;TCD62;-8,00
148,00;Chad;1963;148;Chad;TCD;483,00;Chad 1963;TCD63;-8,00
148,00;Chad;1964;148;Chad;TCD;483,00;Chad 1964;TCD64;-9,00
148,00;Chad;1965;148;Chad;TCD;483,00;Chad 1965;TCD65;-9,00
148,00;Chad;1966;148;Chad;TCD;483,00;Chad 1966;TCD66;-9,00
148,00;Chad;1967;148;Chad;TCD;483,00;Chad 1967;TCD67;-9,00
148,00;Chad;1968;148;Chad;TCD;483,00;Chad 1968;TCD68;-9,00
148,00;Chad;1969;148;Chad;TCD;483,00;Chad 1969;TCD69;-6,00
148,00;Chad;1970;148;Chad;TCD;483,00;Chad 1970;TCD70;-6,00
148,00;Chad;1971;148;Chad;TCD;483,00;Chad 1971;TCD71;-6,00
148,00;Chad;1972;148;Chad;TCD;483,00;Chad 1972;TCD72;-6,00
148,00;Chad;1973;148;Chad;TCD;483,00;Chad 1973;TCD73;-8,00
148,00;Chad;1974;148;Chad;TCD;483,00;Chad 1974;TCD74;-8,00
148,00;Chad;1975;148;Chad;TCD;483,00;Chad 1975;TCD75;-7,00
148,00;Chad;1976;148;Chad;TCD;483,00;Chad 1976;TCD76;-7,00
148,00;Chad;1977;148;Chad;TCD;483,00;Chad 1977;TCD77;-7,00
148,00;Chad;1978;148;Chad;TCD;483,00;Chad 1978;TCD78;-4,00
148,00;Chad;1979;148;Chad;TCD;483,00;Chad 1979;TCD79;0,00
148,00;Chad;1980;148;Chad;TCD;483,00;Chad 1980;TCD80;0,00
148,00;Chad;1981;148;Chad;TCD;483,00;Chad 1981;TCD81;0,00
148,00;Chad;1982;148;Chad;TCD;483,00;Chad 1982;TCD82;0,00
148,00;Chad;1983;148;Chad;TCD;483,00;Chad 1983;TCD83;0,00
148,00;Chad;1984;148;Chad;TCD;483,00;Chad 1984;TCD84;0,00
148,00;Chad;1985;148;Chad;TCD;483,00;Chad 1985;TCD85;-7,00
148,00;Chad;1986;148;Chad;TCD;483,00;Chad 1986;TCD86;-7,00
148,00;Chad;1987;148;Chad;TCD;483,00;Chad 1987;TCD87;-7,00
148,00;Chad;1988;148;Chad;TCD;483,00;Chad 1988;TCD88;-7,00
148,00;Chad;1989;148;Chad;TCD;483,00;Chad 1989;TCD89;-7,00
148,00;Chad;1990;148;Chad;TCD;483,00;Chad 1990;TCD90;-3,00
148,00;Chad;1991;148;Chad;TCD;483,00;Chad 1991;TCD91;-3,00
148,00;Chad;1992;148;Chad;TCD;483,00;Chad 1992;TCD92;-3,00
148,00;Chad;1993;148;Chad;TCD;483,00;Chad 1993;TCD93;-3,00
148,00;Chad;1994;148;Chad;TCD;483,00;Chad 1994;TCD94;-2,00
148,00;Chad;1995;148;Chad;TCD;483,00;Chad 1995;TCD95;-1,00
148,00;Chad;1996;148;Chad;TCD;483,00;Chad 1996;TCD96;-1,00
148,00;Chad;1997;148;Chad;TCD;483,00;Chad 1997;TCD97;-1,00
148,00;Chad;1998;148;Chad;TCD;483,00;Chad 1998;TCD98;-1,00
148,00;Chad;1999;148;Chad;TCD;483,00;Chad 1999;TCD99;-1,00
148,00;Chad;2000;148;Chad;TCD;483,00;Chad 2000;TCD00;-1,00
148,00;Chad;2001;148;Chad;TCD;483,00;Chad 2001;TCD01;-1,00
148,00;Chad;2002;148;Chad;TCD;483,00;Chad 2002;TCD02;-1,00
148,00;Chad;2003;148;Chad;TCD;483,00;Chad 2003;TCD03;-1,00
148,00;Chad;2004;148;Chad;TCD;483,00;Chad 2004;TCD04;-1,00
148,00;Chad;2005;148;Chad;TCD;483,00;Chad 2005;TCD05;-1,00
148,00;Chad;2006;148;Chad;TCD;483,00;Chad 2006;TCD06;-1,00
148,00;Chad;2007;148;Chad;TCD;483,00;Chad 2007;TCD07;-1,00
148,00;Chad;2008;148;Chad;TCD;483,00;Chad 2008;TCD08;-1,00
148,00;Chad;2009;148;Chad;TCD;483,00;Chad 2009;TCD09;-1,00
148,00;Chad;2010;148;Chad;TCD;483,00;Chad 2010;TCD10;-1,00
148,00;Chad;2011;148;Chad;TCD;483,00;Chad 2011;TCD11;-1,00
148,00;Chad;2012;148;Chad;TCD;483,00;Chad 2012;TCD12;-1,00
148,00;Chad;2013;148;Chad;TCD;483,00;Chad 2013;TCD13;-1,00
148,00;Chad;2014;148;Chad;TCD;483,00;Chad 2014;TCD14;-1,00
148,00;Chad;2015;148;Chad;TCD;483,00;Chad 2015;TCD15;-1,00
148,00;Chad;2016;148;Chad;TCD;483,00;Chad 2016;TCD16;-1,00
148,00;Chad;2017;148;Chad;TCD;483,00;Chad 2017;TCD17;-1,00
148,00;Chad;2018;148;Chad;TCD;483,00;Chad 2018;TCD18;-1,00
152,00;Chile;1946;152;Chile;CHL;155,00;Chile 1946;CHL46;2,00
152,00;Chile;1947;152;Chile;CHL;155,00;Chile 1947;CHL47;2,00
152,00;Chile;1948;152;Chile;CHL;155,00;Chile 1948;CHL48;2,00
152,00;Chile;1949;152;Chile;CHL;155,00;Chile 1949;CHL49;2,00
152,00;Chile;1950;152;Chile;CHL;155,00;Chile 1950;CHL50;2,00
152,00;Chile;1951;152;Chile;CHL;155,00;Chile 1951;CHL51;2,00
152,00;Chile;1952;152;Chile;CHL;155,00;Chile 1952;CHL52;2,00
152,00;Chile;1953;152;Chile;CHL;155,00;Chile 1953;CHL53;2,00
152,00;Chile;1954;152;Chile;CHL;155,00;Chile 1954;CHL54;2,00
152,00;Chile;1955;152;Chile;CHL;155,00;Chile 1955;CHL55;2,00
152,00;Chile;1956;152;Chile;CHL;155,00;Chile 1956;CHL56;2,00
152,00;Chile;1957;152;Chile;CHL;155,00;Chile 1957;CHL57;2,00
152,00;Chile;1958;152;Chile;CHL;155,00;Chile 1958;CHL58;5,00
152,00;Chile;1959;152;Chile;CHL;155,00;Chile 1959;CHL59;5,00
152,00;Chile;1960;152;Chile;CHL;155,00;Chile 1960;CHL60;5,00
152,00;Chile;1961;152;Chile;CHL;155,00;Chile 1961;CHL61;5,00
152,00;Chile;1962;152;Chile;CHL;155,00;Chile 1962;CHL62;5,00
152,00;Chile;1963;152;Chile;CHL;155,00;Chile 1963;CHL63;5,00
152,00;Chile;1964;152;Chile;CHL;155,00;Chile 1964;CHL64;6,00
152,00;Chile;1965;152;Chile;CHL;155,00;Chile 1965;CHL65;6,00
152,00;Chile;1966;152;Chile;CHL;155,00;Chile 1966;CHL66;6,00
152,00;Chile;1967;152;Chile;CHL;155,00;Chile 1967;CHL67;6,00
152,00;Chile;1968;152;Chile;CHL;155,00;Chile 1968;CHL68;6,00
152,00;Chile;1969;152;Chile;CHL;155,00;Chile 1969;CHL69;6,00
152,00;Chile;1970;152;Chile;CHL;155,00;Chile 1970;CHL70;6,00
152,00;Chile;1971;152;Chile;CHL;155,00;Chile 1971;CHL71;6,00
152,00;Chile;1972;152;Chile;CHL;155,00;Chile 1972;CHL72;6,00
152,00;Chile;1973;152;Chile;CHL;155,00;Chile 1973;CHL73;-7,00
152,00;Chile;1974;152;Chile;CHL;155,00;Chile 1974;CHL74;-7,00
152,00;Chile;1975;152;Chile;CHL;155,00;Chile 1975;CHL75;-7,00
152,00;Chile;1976;152;Chile;CHL;155,00;Chile 1976;CHL76;-7,00
152,00;Chile;1977;152;Chile;CHL;155,00;Chile 1977;CHL77;-7,00
152,00;Chile;1978;152;Chile;CHL;155,00;Chile 1978;CHL78;-7,00
152,00;Chile;1979;152;Chile;CHL;155,00;Chile 1979;CHL79;-7,00
152,00;Chile;1980;152;Chile;CHL;155,00;Chile 1980;CHL80;-7,00
152,00;Chile;1981;152;Chile;CHL;155,00;Chile 1981;CHL81;-7,00
152,00;Chile;1982;152;Chile;CHL;155,00;Chile 1982;CHL82;-7,00
152,00;Chile;1983;152;Chile;CHL;155,00;Chile 1983;CHL83;-6,00
152,00;Chile;1984;152;Chile;CHL;155,00;Chile 1984;CHL84;-6,00
152,00;Chile;1985;152;Chile;CHL;155,00;Chile 1985;CHL85;-6,00
152,00;Chile;1986;152;Chile;CHL;155,00;Chile 1986;CHL86;-6,00
152,00;Chile;1987;152;Chile;CHL;155,00;Chile 1987;CHL87;-6,00
152,00;Chile;1988;152;Chile;CHL;155,00;Chile 1988;CHL88;-1,00
152,00;Chile;1989;152;Chile;CHL;155,00;Chile 1989;CHL89;8,00
152,00;Chile;1990;152;Chile;CHL;155,00;Chile 1990;CHL90;8,00
152,00;Chile;1991;152;Chile;CHL;155,00;Chile 1991;CHL91;8,00
152,00;Chile;1992;152;Chile;CHL;155,00;Chile 1992;CHL92;8,00
152,00;Chile;1993;152;Chile;CHL;155,00;Chile 1993;CHL93;8,00
152,00;Chile;1994;152;Chile;CHL;155,00;Chile 1994;CHL94;8,00
152,00;Chile;1995;152;Chile;CHL;155,00;Chile 1995;CHL95;8,00
152,00;Chile;1996;152;Chile;CHL;155,00;Chile 1996;CHL96;8,00
152,00;Chile;1997;152;Chile;CHL;155,00;Chile 1997;CHL97;8,00
152,00;Chile;1998;152;Chile;CHL;155,00;Chile 1998;CHL98;8,00
152,00;Chile;1999;152;Chile;CHL;155,00;Chile 1999;CHL99;8,00
152,00;Chile;2000;152;Chile;CHL;155,00;Chile 2000;CHL00;9,00
152,00;Chile;2001;152;Chile;CHL;155,00;Chile 2001;CHL01;9,00
152,00;Chile;2002;152;Chile;CHL;155,00;Chile 2002;CHL02;9,00
152,00;Chile;2003;152;Chile;CHL;155,00;Chile 2003;CHL03;9,00
152,00;Chile;2004;152;Chile;CHL;155,00;Chile 2004;CHL04;9,00
152,00;Chile;2005;152;Chile;CHL;155,00;Chile 2005;CHL05;9,00
152,00;Chile;2006;152;Chile;CHL;155,00;Chile 2006;CHL06;10,00
152,00;Chile;2007;152;Chile;CHL;155,00;Chile 2007;CHL07;10,00
152,00;Chile;2008;152;Chile;CHL;155,00;Chile 2008;CHL08;10,00
152,00;Chile;2009;152;Chile;CHL;155,00;Chile 2009;CHL09;10,00
152,00;Chile;2010;152;Chile;CHL;155,00;Chile 2010;CHL10;10,00
152,00;Chile;2011;152;Chile;CHL;155,00;Chile 2011;CHL11;10,00
152,00;Chile;2012;152;Chile;CHL;155,00;Chile 2012;CHL12;10,00
152,00;Chile;2013;152;Chile;CHL;155,00;Chile 2013;CHL13;10,00
152,00;Chile;2014;152;Chile;CHL;155,00;Chile 2014;CHL14;10,00
152,00;Chile;2015;152;Chile;CHL;155,00;Chile 2015;CHL15;10,00
152,00;Chile;2016;152;Chile;CHL;155,00;Chile 2016;CHL16;10,00
152,00;Chile;2017;152;Chile;CHL;155,00;Chile 2017;CHL17;10,00
152,00;Chile;2018;152;Chile;CHL;155,00;Chile 2018;CHL18;10,00
156,00;China;1946;156;China;CHN;710,00;China 1946;CHN46;-5,00
156,00;China;1947;156;China;CHN;710,00;China 1947;CHN47;-5,00
156,00;China;1948;156;China;CHN;710,00;China 1948;CHN48;-5,00
156,00;China;1949;156;China;CHN;710,00;China 1949;CHN49;-8,00
156,00;China;1950;156;China;CHN;710,00;China 1950;CHN50;-8,00
156,00;China;1951;156;China;CHN;710,00;China 1951;CHN51;-8,00
156,00;China;1952;156;China;CHN;710,00;China 1952;CHN52;-8,00
156,00;China;1953;156;China;CHN;710,00;China 1953;CHN53;-8,00
156,00;China;1954;156;China;CHN;710,00;China 1954;CHN54;-8,00
156,00;China;1955;156;China;CHN;710,00;China 1955;CHN55;-8,00
156,00;China;1956;156;China;CHN;710,00;China 1956;CHN56;-8,00
156,00;China;1957;156;China;CHN;710,00;China 1957;CHN57;-8,00
156,00;China;1958;156;China;CHN;710,00;China 1958;CHN58;-8,00
156,00;China;1959;156;China;CHN;710,00;China 1959;CHN59;-8,00
156,00;China;1960;156;China;CHN;710,00;China 1960;CHN60;-8,00
156,00;China;1961;156;China;CHN;710,00;China 1961;CHN61;-8,00
156,00;China;1962;156;China;CHN;710,00;China 1962;CHN62;-8,00
156,00;China;1963;156;China;CHN;710,00;China 1963;CHN63;-8,00
156,00;China;1964;156;China;CHN;710,00;China 1964;CHN64;-8,00
156,00;China;1965;156;China;CHN;710,00;China 1965;CHN65;-8,00
156,00;China;1966;156;China;CHN;710,00;China 1966;CHN66;-9,00
156,00;China;1967;156;China;CHN;710,00;China 1967;CHN67;-9,00
156,00;China;1968;156;China;CHN;710,00;China 1968;CHN68;-9,00
156,00;China;1969;156;China;CHN;710,00;China 1969;CHN69;-8,00
156,00;China;1970;156;China;CHN;710,00;China 1970;CHN70;-8,00
156,00;China;1971;156;China;CHN;710,00;China 1971;CHN71;-8,00
156,00;China;1972;156;China;CHN;710,00;China 1972;CHN72;-8,00
156,00;China;1973;156;China;CHN;710,00;China 1973;CHN73;-8,00
156,00;China;1974;156;China;CHN;710,00;China 1974;CHN74;-8,00
156,00;China;1975;156;China;CHN;710,00;China 1975;CHN75;-8,00
156,00;China;1976;156;China;CHN;710,00;China 1976;CHN76;-7,00
156,00;China;1977;156;China;CHN;710,00;China 1977;CHN77;-7,00
156,00;China;1978;156;China;CHN;710,00;China 1978;CHN78;-7,00
156,00;China;1979;156;China;CHN;710,00;China 1979;CHN79;-7,00
156,00;China;1980;156;China;CHN;710,00;China 1980;CHN80;-7,00
156,00;China;1981;156;China;CHN;710,00;China 1981;CHN81;-7,00
156,00;China;1982;156;China;CHN;710,00;China 1982;CHN82;-7,00
156,00;China;1983;156;China;CHN;710,00;China 1983;CHN83;-7,00
156,00;China;1984;156;China;CHN;710,00;China 1984;CHN84;-7,00
156,00;China;1985;156;China;CHN;710,00;China 1985;CHN85;-7,00
156,00;China;1986;156;China;CHN;710,00;China 1986;CHN86;-7,00
156,00;China;1987;156;China;CHN;710,00;China 1987;CHN87;-7,00
156,00;China;1988;156;China;CHN;710,00;China 1988;CHN88;-7,00
156,00;China;1989;156;China;CHN;710,00;China 1989;CHN89;-7,00
156,00;China;1990;156;China;CHN;710,00;China 1990;CHN90;-7,00
156,00;China;1991;156;China;CHN;710,00;China 1991;CHN91;-7,00
156,00;China;1992;156;China;CHN;710,00;China 1992;CHN92;-7,00
156,00;China;1993;156;China;CHN;710,00;China 1993;CHN93;-7,00
156,00;China;1994;156;China;CHN;710,00;China 1994;CHN94;-7,00
156,00;China;1995;156;China;CHN;710,00;China 1995;CHN95;-7,00
156,00;China;1996;156;China;CHN;710,00;China 1996;CHN96;-7,00
156,00;China;1997;156;China;CHN;710,00;China 1997;CHN97;-7,00
156,00;China;1998;156;China;CHN;710,00;China 1998;CHN98;-7,00
156,00;China;1999;156;China;CHN;710,00;China 1999;CHN99;-7,00
156,00;China;2000;156;China;CHN;710,00;China 2000;CHN00;-7,00
156,00;China;2001;156;China;CHN;710,00;China 2001;CHN01;-7,00
156,00;China;2002;156;China;CHN;710,00;China 2002;CHN02;-7,00
156,00;China;2003;156;China;CHN;710,00;China 2003;CHN03;-7,00
156,00;China;2004;156;China;CHN;710,00;China 2004;CHN04;-7,00
156,00;China;2005;156;China;CHN;710,00;China 2005;CHN05;-7,00
156,00;China;2006;156;China;CHN;710,00;China 2006;CHN06;-7,00
156,00;China;2007;156;China;CHN;710,00;China 2007;CHN07;-7,00
156,00;China;2008;156;China;CHN;710,00;China 2008;CHN08;-7,00
156,00;China;2009;156;China;CHN;710,00;China 2009;CHN09;-7,00
156,00;China;2010;156;China;CHN;710,00;China 2010;CHN10;-7,00
156,00;China;2011;156;China;CHN;710,00;China 2011;CHN11;-7,00
156,00;China;2012;156;China;CHN;710,00;China 2012;CHN12;-7,00
156,00;China;2013;156;China;CHN;710,00;China 2013;CHN13;-7,00
156,00;China;2014;156;China;CHN;710,00;China 2014;CHN14;-7,00
156,00;China;2015;156;China;CHN;710,00;China 2015;CHN15;-7,00
156,00;China;2016;156;China;CHN;710,00;China 2016;CHN16;-7,00
156,00;China;2017;156;China;CHN;710,00;China 2017;CHN17;-7,00
156,00;China;2018;156;China;CHN;710,00;China 2018;CHN18;-7,00
158,00;Taiwan (Province of China);1950;158;Taiwan;TWN;713,00;Taiwan 1950;TWN50;-8,00
158,00;Taiwan (Province of China);1951;158;Taiwan;TWN;713,00;Taiwan 1951;TWN51;-8,00
158,00;Taiwan (Province of China);1952;158;Taiwan;TWN;713,00;Taiwan 1952;TWN52;-8,00
158,00;Taiwan (Province of China);1953;158;Taiwan;TWN;713,00;Taiwan 1953;TWN53;-8,00
158,00;Taiwan (Province of China);1954;158;Taiwan;TWN;713,00;Taiwan 1954;TWN54;-8,00
158,00;Taiwan (Province of China);1955;158;Taiwan;TWN;713,00;Taiwan 1955;TWN55;-8,00
158,00;Taiwan (Province of China);1956;158;Taiwan;TWN;713,00;Taiwan 1956;TWN56;-8,00
158,00;Taiwan (Province of China);1957;158;Taiwan;TWN;713,00;Taiwan 1957;TWN57;-8,00
158,00;Taiwan (Province of China);1958;158;Taiwan;TWN;713,00;Taiwan 1958;TWN58;-8,00
158,00;Taiwan (Province of China);1959;158;Taiwan;TWN;713,00;Taiwan 1959;TWN59;-8,00
158,00;Taiwan (Province of China);1960;158;Taiwan;TWN;713,00;Taiwan 1960;TWN60;-8,00
158,00;Taiwan (Province of China);1961;158;Taiwan;TWN;713,00;Taiwan 1961;TWN61;-8,00
158,00;Taiwan (Province of China);1962;158;Taiwan;TWN;713,00;Taiwan 1962;TWN62;-8,00
158,00;Taiwan (Province of China);1963;158;Taiwan;TWN;713,00;Taiwan 1963;TWN63;-8,00
158,00;Taiwan (Province of China);1964;158;Taiwan;TWN;713,00;Taiwan 1964;TWN64;-8,00
158,00;Taiwan (Province of China);1965;158;Taiwan;TWN;713,00;Taiwan 1965;TWN65;-8,00
158,00;Taiwan (Province of China);1966;158;Taiwan;TWN;713,00;Taiwan 1966;TWN66;-8,00
158,00;Taiwan (Province of China);1967;158;Taiwan;TWN;713,00;Taiwan 1967;TWN67;-8,00
158,00;Taiwan (Province of China);1968;158;Taiwan;TWN;713,00;Taiwan 1968;TWN68;-8,00
158,00;Taiwan (Province of China);1969;158;Taiwan;TWN;713,00;Taiwan 1969;TWN69;-8,00
158,00;Taiwan (Province of China);1970;158;Taiwan;TWN;713,00;Taiwan 1970;TWN70;-8,00
158,00;Taiwan (Province of China);1971;158;Taiwan;TWN;713,00;Taiwan 1971;TWN71;-8,00
158,00;Taiwan (Province of China);1972;158;Taiwan;TWN;713,00;Taiwan 1972;TWN72;-8,00
158,00;Taiwan (Province of China);1973;158;Taiwan;TWN;713,00;Taiwan 1973;TWN73;-8,00
158,00;Taiwan (Province of China);1974;158;Taiwan;TWN;713,00;Taiwan 1974;TWN74;-8,00
158,00;Taiwan (Province of China);1975;158;Taiwan;TWN;713,00;Taiwan 1975;TWN75;-7,00
158,00;Taiwan (Province of China);1976;158;Taiwan;TWN;713,00;Taiwan 1976;TWN76;-7,00
158,00;Taiwan (Province of China);1977;158;Taiwan;TWN;713,00;Taiwan 1977;TWN77;-7,00
158,00;Taiwan (Province of China);1978;158;Taiwan;TWN;713,00;Taiwan 1978;TWN78;-7,00
158,00;Taiwan (Province of China);1979;158;Taiwan;TWN;713,00;Taiwan 1979;TWN79;-7,00
158,00;Taiwan (Province of China);1980;158;Taiwan;TWN;713,00;Taiwan 1980;TWN80;-7,00
158,00;Taiwan (Province of China);1981;158;Taiwan;TWN;713,00;Taiwan 1981;TWN81;-7,00
158,00;Taiwan (Province of China);1982;158;Taiwan;TWN;713,00;Taiwan 1982;TWN82;-7,00
158,00;Taiwan (Province of China);1983;158;Taiwan;TWN;713,00;Taiwan 1983;TWN83;-7,00
158,00;Taiwan (Province of China);1984;158;Taiwan;TWN;713,00;Taiwan 1984;TWN84;-7,00
158,00;Taiwan (Province of China);1985;158;Taiwan;TWN;713,00;Taiwan 1985;TWN85;-7,00
158,00;Taiwan (Province of China);1986;158;Taiwan;TWN;713,00;Taiwan 1986;TWN86;-7,00
158,00;Taiwan (Province of China);1987;158;Taiwan;TWN;713,00;Taiwan 1987;TWN87;-1,00
158,00;Taiwan (Province of China);1988;158;Taiwan;TWN;713,00;Taiwan 1988;TWN88;-1,00
158,00;Taiwan (Province of China);1989;158;Taiwan;TWN;713,00;Taiwan 1989;TWN89;-1,00
158,00;Taiwan (Province of China);1990;158;Taiwan;TWN;713,00;Taiwan 1990;TWN90;-1,00
158,00;Taiwan (Province of China);1991;158;Taiwan;TWN;713,00;Taiwan 1991;TWN91;-1,00
158,00;Taiwan (Province of China);1992;158;Taiwan;TWN;713,00;Taiwan 1992;TWN92;7,00
158,00;Taiwan (Province of China);1993;158;Taiwan;TWN;713,00;Taiwan 1993;TWN93;7,00
158,00;Taiwan (Province of China);1994;158;Taiwan;TWN;713,00;Taiwan 1994;TWN94;7,00
158,00;Taiwan (Province of China);1995;158;Taiwan;TWN;713,00;Taiwan 1995;TWN95;7,00
158,00;Taiwan (Province of China);1996;158;Taiwan;TWN;713,00;Taiwan 1996;TWN96;8,00
158,00;Taiwan (Province of China);1997;158;Taiwan;TWN;713,00;Taiwan 1997;TWN97;9,00
158,00;Taiwan (Province of China);1998;158;Taiwan;TWN;713,00;Taiwan 1998;TWN98;9,00
158,00;Taiwan (Province of China);1999;158;Taiwan;TWN;713,00;Taiwan 1999;TWN99;9,00
158,00;Taiwan (Province of China);2000;158;Taiwan;TWN;713,00;Taiwan 2000;TWN00;9,00
158,00;Taiwan (Province of China);2001;158;Taiwan;TWN;713,00;Taiwan 2001;TWN01;9,00
158,00;Taiwan (Province of China);2002;158;Taiwan;TWN;713,00;Taiwan 2002;TWN02;9,00
158,00;Taiwan (Province of China);2003;158;Taiwan;TWN;713,00;Taiwan 2003;TWN03;9,00
158,00;Taiwan (Province of China);2004;158;Taiwan;TWN;713,00;Taiwan 2004;TWN04;10,00
158,00;Taiwan (Province of China);2005;158;Taiwan;TWN;713,00;Taiwan 2005;TWN05;10,00
158,00;Taiwan (Province of China);2006;158;Taiwan;TWN;713,00;Taiwan 2006;TWN06;10,00
158,00;Taiwan (Province of China);2007;158;Taiwan;TWN;713,00;Taiwan 2007;TWN07;10,00
158,00;Taiwan (Province of China);2008;158;Taiwan;TWN;713,00;Taiwan 2008;TWN08;10,00
158,00;Taiwan (Province of China);2009;158;Taiwan;TWN;713,00;Taiwan 2009;TWN09;10,00
158,00;Taiwan (Province of China);2010;158;Taiwan;TWN;713,00;Taiwan 2010;TWN10;10,00
158,00;Taiwan (Province of China);2011;158;Taiwan;TWN;713,00;Taiwan 2011;TWN11;10,00
158,00;Taiwan (Province of China);2012;158;Taiwan;TWN;713,00;Taiwan 2012;TWN12;10,00
158,00;Taiwan (Province of China);2013;158;Taiwan;TWN;713,00;Taiwan 2013;TWN13;10,00
158,00;Taiwan (Province of China);2014;158;Taiwan;TWN;713,00;Taiwan 2014;TWN14;10,00
158,00;Taiwan (Province of China);2015;158;Taiwan;TWN;713,00;Taiwan 2015;TWN15;10,00
158,00;Taiwan (Province of China);2016;158;Taiwan;TWN;713,00;Taiwan 2016;TWN16;10,00
158,00;Taiwan (Province of China);2017;158;Taiwan;TWN;713,00;Taiwan 2017;TWN17;10,00
158,00;Taiwan (Province of China);2018;158;Taiwan;TWN;713,00;Taiwan 2018;TWN18;10,00
170,00;Colombia;1946;170;Colombia;COL;100,00;Colombia 1946;COL46;5,00
170,00;Colombia;1947;170;Colombia;COL;100,00;Colombia 1947;COL47;5,00
170,00;Colombia;1948;170;Colombia;COL;100,00;Colombia 1948;COL48;-5,00
170,00;Colombia;1949;170;Colombia;COL;100,00;Colombia 1949;COL49;-5,00
170,00;Colombia;1950;170;Colombia;COL;100,00;Colombia 1950;COL50;-5,00
170,00;Colombia;1951;170;Colombia;COL;100,00;Colombia 1951;COL51;-5,00
170,00;Colombia;1952;170;Colombia;COL;100,00;Colombia 1952;COL52;-5,00
170,00;Colombia;1953;170;Colombia;COL;100,00;Colombia 1953;COL53;-5,00
170,00;Colombia;1954;170;Colombia;COL;100,00;Colombia 1954;COL54;-5,00
170,00;Colombia;1955;170;Colombia;COL;100,00;Colombia 1955;COL55;-5,00
170,00;Colombia;1956;170;Colombia;COL;100,00;Colombia 1956;COL56;-5,00
170,00;Colombia;1957;170;Colombia;COL;100,00;Colombia 1957;COL57;7,00
170,00;Colombia;1958;170;Colombia;COL;100,00;Colombia 1958;COL58;7,00
170,00;Colombia;1959;170;Colombia;COL;100,00;Colombia 1959;COL59;7,00
170,00;Colombia;1960;170;Colombia;COL;100,00;Colombia 1960;COL60;7,00
170,00;Colombia;1961;170;Colombia;COL;100,00;Colombia 1961;COL61;7,00
170,00;Colombia;1962;170;Colombia;COL;100,00;Colombia 1962;COL62;7,00
170,00;Colombia;1963;170;Colombia;COL;100,00;Colombia 1963;COL63;7,00
170,00;Colombia;1964;170;Colombia;COL;100,00;Colombia 1964;COL64;7,00
170,00;Colombia;1965;170;Colombia;COL;100,00;Colombia 1965;COL65;7,00
170,00;Colombia;1966;170;Colombia;COL;100,00;Colombia 1966;COL66;7,00
170,00;Colombia;1967;170;Colombia;COL;100,00;Colombia 1967;COL67;7,00
170,00;Colombia;1968;170;Colombia;COL;100,00;Colombia 1968;COL68;7,00
170,00;Colombia;1969;170;Colombia;COL;100,00;Colombia 1969;COL69;7,00
170,00;Colombia;1970;170;Colombia;COL;100,00;Colombia 1970;COL70;7,00
170,00;Colombia;1971;170;Colombia;COL;100,00;Colombia 1971;COL71;7,00
170,00;Colombia;1972;170;Colombia;COL;100,00;Colombia 1972;COL72;7,00
170,00;Colombia;1973;170;Colombia;COL;100,00;Colombia 1973;COL73;7,00
170,00;Colombia;1974;170;Colombia;COL;100,00;Colombia 1974;COL74;8,00
170,00;Colombia;1975;170;Colombia;COL;100,00;Colombia 1975;COL75;8,00
170,00;Colombia;1976;170;Colombia;COL;100,00;Colombia 1976;COL76;8,00
170,00;Colombia;1977;170;Colombia;COL;100,00;Colombia 1977;COL77;8,00
170,00;Colombia;1978;170;Colombia;COL;100,00;Colombia 1978;COL78;8,00
170,00;Colombia;1979;170;Colombia;COL;100,00;Colombia 1979;COL79;8,00
170,00;Colombia;1980;170;Colombia;COL;100,00;Colombia 1980;COL80;8,00
170,00;Colombia;1981;170;Colombia;COL;100,00;Colombia 1981;COL81;8,00
170,00;Colombia;1982;170;Colombia;COL;100,00;Colombia 1982;COL82;8,00
170,00;Colombia;1983;170;Colombia;COL;100,00;Colombia 1983;COL83;8,00
170,00;Colombia;1984;170;Colombia;COL;100,00;Colombia 1984;COL84;8,00
170,00;Colombia;1985;170;Colombia;COL;100,00;Colombia 1985;COL85;8,00
170,00;Colombia;1986;170;Colombia;COL;100,00;Colombia 1986;COL86;8,00
170,00;Colombia;1987;170;Colombia;COL;100,00;Colombia 1987;COL87;8,00
170,00;Colombia;1988;170;Colombia;COL;100,00;Colombia 1988;COL88;8,00
170,00;Colombia;1989;170;Colombia;COL;100,00;Colombia 1989;COL89;8,00
170,00;Colombia;1990;170;Colombia;COL;100,00;Colombia 1990;COL90;8,00
170,00;Colombia;1991;170;Colombia;COL;100,00;Colombia 1991;COL91;9,00
170,00;Colombia;1992;170;Colombia;COL;100,00;Colombia 1992;COL92;9,00
170,00;Colombia;1993;170;Colombia;COL;100,00;Colombia 1993;COL93;9,00
170,00;Colombia;1994;170;Colombia;COL;100,00;Colombia 1994;COL94;9,00
170,00;Colombia;1995;170;Colombia;COL;100,00;Colombia 1995;COL95;7,00
170,00;Colombia;1996;170;Colombia;COL;100,00;Colombia 1996;COL96;7,00
170,00;Colombia;1997;170;Colombia;COL;100,00;Colombia 1997;COL97;7,00
170,00;Colombia;1998;170;Colombia;COL;100,00;Colombia 1998;COL98;7,00
170,00;Colombia;1999;170;Colombia;COL;100,00;Colombia 1999;COL99;7,00
170,00;Colombia;2000;170;Colombia;COL;100,00;Colombia 2000;COL00;7,00
170,00;Colombia;2001;170;Colombia;COL;100,00;Colombia 2001;COL01;7,00
170,00;Colombia;2002;170;Colombia;COL;100,00;Colombia 2002;COL02;7,00
170,00;Colombia;2003;170;Colombia;COL;100,00;Colombia 2003;COL03;7,00
170,00;Colombia;2004;170;Colombia;COL;100,00;Colombia 2004;COL04;7,00
170,00;Colombia;2005;170;Colombia;COL;100,00;Colombia 2005;COL05;7,00
170,00;Colombia;2006;170;Colombia;COL;100,00;Colombia 2006;COL06;7,00
170,00;Colombia;2007;170;Colombia;COL;100,00;Colombia 2007;COL07;7,00
170,00;Colombia;2008;170;Colombia;COL;100,00;Colombia 2008;COL08;7,00
170,00;Colombia;2009;170;Colombia;COL;100,00;Colombia 2009;COL09;7,00
170,00;Colombia;2010;170;Colombia;COL;100,00;Colombia 2010;COL10;7,00
170,00;Colombia;2011;170;Colombia;COL;100,00;Colombia 2011;COL11;7,00
170,00;Colombia;2012;170;Colombia;COL;100,00;Colombia 2012;COL12;7,00
170,00;Colombia;2013;170;Colombia;COL;100,00;Colombia 2013;COL13;7,00
170,00;Colombia;2014;170;Colombia;COL;100,00;Colombia 2014;COL14;7,00
170,00;Colombia;2015;170;Colombia;COL;100,00;Colombia 2015;COL15;7,00
170,00;Colombia;2016;170;Colombia;COL;100,00;Colombia 2016;COL16;7,00
170,00;Colombia;2017;170;Colombia;COL;100,00;Colombia 2017;COL17;7,00
170,00;Colombia;2018;170;Colombia;COL;100,00;Colombia 2018;COL18;7,00
174,00;Comoros (the);1976;174;Comoros;COM;581,00;Comoros 1976;COM76;-5,00
174,00;Comoros (the);1977;174;Comoros;COM;581,00;Comoros 1977;COM77;-5,00
174,00;Comoros (the);1978;174;Comoros;COM;581,00;Comoros 1978;COM78;0,00
174,00;Comoros (the);1979;174;Comoros;COM;581,00;Comoros 1979;COM79;0,00
174,00;Comoros (the);1980;174;Comoros;COM;581,00;Comoros 1980;COM80;0,00
174,00;Comoros (the);1981;174;Comoros;COM;581,00;Comoros 1981;COM81;0,00
174,00;Comoros (the);1982;174;Comoros;COM;581,00;Comoros 1982;COM82;-3,00
174,00;Comoros (the);1983;174;Comoros;COM;581,00;Comoros 1983;COM83;-3,00
174,00;Comoros (the);1984;174;Comoros;COM;581,00;Comoros 1984;COM84;-9,00
174,00;Comoros (the);1985;174;Comoros;COM;581,00;Comoros 1985;COM85;-9,00
174,00;Comoros (the);1986;174;Comoros;COM;581,00;Comoros 1986;COM86;-9,00
174,00;Comoros (the);1987;174;Comoros;COM;581,00;Comoros 1987;COM87;-9,00
174,00;Comoros (the);1988;174;Comoros;COM;581,00;Comoros 1988;COM88;-9,00
174,00;Comoros (the);1989;174;Comoros;COM;581,00;Comoros 1989;COM89;-9,00
174,00;Comoros (the);1990;174;Comoros;COM;581,00;Comoros 1990;COM90;4,00
174,00;Comoros (the);1991;174;Comoros;COM;581,00;Comoros 1991;COM91;4,00
174,00;Comoros (the);1992;174;Comoros;COM;581,00;Comoros 1992;COM92;4,00
174,00;Comoros (the);1993;174;Comoros;COM;581,00;Comoros 1993;COM93;4,00
174,00;Comoros (the);1994;174;Comoros;COM;581,00;Comoros 1994;COM94;4,00
174,00;Comoros (the);1995;174;Comoros;COM;581,00;Comoros 1995;COM95;0,00
174,00;Comoros (the);1996;174;Comoros;COM;581,00;Comoros 1996;COM96;4,00
174,00;Comoros (the);1997;174;Comoros;COM;581,00;Comoros 1997;COM97;4,00
174,00;Comoros (the);1998;174;Comoros;COM;581,00;Comoros 1998;COM98;4,00
174,00;Comoros (the);1999;174;Comoros;COM;581,00;Comoros 1999;COM99;-2,00
174,00;Comoros (the);2000;174;Comoros;COM;581,00;Comoros 2000;COM00;-1,00
174,00;Comoros (the);2001;174;Comoros;COM;581,00;Comoros 2001;COM01;0,00
174,00;Comoros (the);2002;174;Comoros;COM;581,00;Comoros 2002;COM02;4,00
174,00;Comoros (the);2003;174;Comoros;COM;581,00;Comoros 2003;COM03;4,00
174,00;Comoros (the);2004;174;Comoros;COM;581,00;Comoros 2004;COM04;6,00
174,00;Comoros (the);2005;174;Comoros;COM;581,00;Comoros 2005;COM05;6,00
174,00;Comoros (the);2006;174;Comoros;COM;581,00;Comoros 2006;COM06;9,00
174,00;Comoros (the);2007;174;Comoros;COM;581,00;Comoros 2007;COM07;9,00
174,00;Comoros (the);2008;174;Comoros;COM;581,00;Comoros 2008;COM08;9,00
174,00;Comoros (the);2009;174;Comoros;COM;581,00;Comoros 2009;COM09;9,00
174,00;Comoros (the);2010;174;Comoros;COM;581,00;Comoros 2010;COM10;9,00
174,00;Comoros (the);2011;174;Comoros;COM;581,00;Comoros 2011;COM11;9,00
174,00;Comoros (the);2012;174;Comoros;COM;581,00;Comoros 2012;COM12;9,00
174,00;Comoros (the);2013;174;Comoros;COM;581,00;Comoros 2013;COM13;9,00
174,00;Comoros (the);2014;174;Comoros;COM;581,00;Comoros 2014;COM14;9,00
174,00;Comoros (the);2015;174;Comoros;COM;581,00;Comoros 2015;COM15;9,00
174,00;Comoros (the);2016;174;Comoros;COM;581,00;Comoros 2016;COM16;9,00
174,00;Comoros (the);2017;174;Comoros;COM;581,00;Comoros 2017;COM17;9,00
174,00;Comoros (the);2018;174;Comoros;COM;581,00;Comoros 2018;COM18;-3,00
178,00;Congo (the);1961;178;Congo;COG;484,00;Congo 1961;COG61;3,00
178,00;Congo (the);1962;178;Congo;COG;484,00;Congo 1962;COG62;3,00
178,00;Congo (the);1963;178;Congo;COG;484,00;Congo 1963;COG63;-7,00
178,00;Congo (the);1964;178;Congo;COG;484,00;Congo 1964;COG64;-7,00
178,00;Congo (the);1965;178;Congo;COG;484,00;Congo 1965;COG65;-7,00
178,00;Congo (the);1966;178;Congo;COG;484,00;Congo 1966;COG66;-7,00
178,00;Congo (the);1967;178;Congo;COG;484,00;Congo 1967;COG67;-7,00
178,00;Congo (the);1968;178;Congo;COG;484,00;Congo 1968;COG68;-7,00
178,00;Congo (the);1969;178;Congo;COG;484,00;Congo 1969;COG69;-7,00
178,00;Congo (the);1970;178;Congo;COG;484,00;Congo 1970;COG70;-7,00
178,00;Congo (the);1971;178;Congo;COG;484,00;Congo 1971;COG71;-7,00
178,00;Congo (the);1972;178;Congo;COG;484,00;Congo 1972;COG72;-7,00
178,00;Congo (the);1973;178;Congo;COG;484,00;Congo 1973;COG73;-7,00
178,00;Congo (the);1974;178;Congo;COG;484,00;Congo 1974;COG74;-7,00
178,00;Congo (the);1975;178;Congo;COG;484,00;Congo 1975;COG75;-7,00
178,00;Congo (the);1976;178;Congo;COG;484,00;Congo 1976;COG76;-7,00
178,00;Congo (the);1977;178;Congo;COG;484,00;Congo 1977;COG77;-7,00
178,00;Congo (the);1978;178;Congo;COG;484,00;Congo 1978;COG78;-7,00
178,00;Congo (the);1979;178;Congo;COG;484,00;Congo 1979;COG79;-8,00
178,00;Congo (the);1980;178;Congo;COG;484,00;Congo 1980;COG80;-8,00
178,00;Congo (the);1981;178;Congo;COG;484,00;Congo 1981;COG81;-8,00
178,00;Congo (the);1982;178;Congo;COG;484,00;Congo 1982;COG82;-8,00
178,00;Congo (the);1983;178;Congo;COG;484,00;Congo 1983;COG83;-8,00
178,00;Congo (the);1984;178;Congo;COG;484,00;Congo 1984;COG84;-8,00
178,00;Congo (the);1985;178;Congo;COG;484,00;Congo 1985;COG85;-8,00
178,00;Congo (the);1986;178;Congo;COG;484,00;Congo 1986;COG86;-8,00
178,00;Congo (the);1987;178;Congo;COG;484,00;Congo 1987;COG87;-8,00
178,00;Congo (the);1988;178;Congo;COG;484,00;Congo 1988;COG88;-8,00
178,00;Congo (the);1989;178;Congo;COG;484,00;Congo 1989;COG89;-8,00
178,00;Congo (the);1990;178;Congo;COG;484,00;Congo 1990;COG90;-8,00
178,00;Congo (the);1991;178;Congo;COG;484,00;Congo 1991;COG91;-1,00
178,00;Congo (the);1992;178;Congo;COG;484,00;Congo 1992;COG92;5,00
178,00;Congo (the);1993;178;Congo;COG;484,00;Congo 1993;COG93;5,00
178,00;Congo (the);1994;178;Congo;COG;484,00;Congo 1994;COG94;5,00
178,00;Congo (the);1995;178;Congo;COG;484,00;Congo 1995;COG95;5,00
178,00;Congo (the);1996;178;Congo;COG;484,00;Congo 1996;COG96;5,00
178,00;Congo (the);1997;178;Congo;COG;484,00;Congo 1997;COG97;-6,00
178,00;Congo (the);1998;178;Congo;COG;484,00;Congo 1998;COG98;-6,00
178,00;Congo (the);1999;178;Congo;COG;484,00;Congo 1999;COG99;-6,00
178,00;Congo (the);2000;178;Congo;COG;484,00;Congo 2000;COG00;-6,00
178,00;Congo (the);2001;178;Congo;COG;484,00;Congo 2001;COG01;-5,00
178,00;Congo (the);2002;178;Congo;COG;484,00;Congo 2002;COG02;-4,00
178,00;Congo (the);2003;178;Congo;COG;484,00;Congo 2003;COG03;-4,00
178,00;Congo (the);2004;178;Congo;COG;484,00;Congo 2004;COG04;-4,00
178,00;Congo (the);2005;178;Congo;COG;484,00;Congo 2005;COG05;-4,00
178,00;Congo (the);2006;178;Congo;COG;484,00;Congo 2006;COG06;-4,00
178,00;Congo (the);2007;178;Congo;COG;484,00;Congo 2007;COG07;-4,00
178,00;Congo (the);2008;178;Congo;COG;484,00;Congo 2008;COG08;-4,00
178,00;Congo (the);2009;178;Congo;COG;484,00;Congo 2009;COG09;-4,00
178,00;Congo (the);2010;178;Congo;COG;484,00;Congo 2010;COG10;-4,00
178,00;Congo (the);2011;178;Congo;COG;484,00;Congo 2011;COG11;-4,00
178,00;Congo (the);2012;178;Congo;COG;484,00;Congo 2012;COG12;-4,00
178,00;Congo (the);2013;178;Congo;COG;484,00;Congo 2013;COG13;-4,00
178,00;Congo (the);2014;178;Congo;COG;484,00;Congo 2014;COG14;-4,00
178,00;Congo (the);2015;178;Congo;COG;484,00;Congo 2015;COG15;-4,00
178,00;Congo (the);2016;178;Congo;COG;484,00;Congo 2016;COG16;-4,00
178,00;Congo (the);2017;178;Congo;COG;484,00;Congo 2017;COG17;-4,00
178,00;Congo (the);2018;178;Congo;COG;484,00;Congo 2018;COG18;-4,00
180,00;Congo (the Democratic Republic of the);1961;180;Congo, Democratic Republic;COD;490,00;Congo, Democratic Republic 1961;COD61;0,00
180,00;Congo (the Democratic Republic of the);1962;180;Congo, Democratic Republic;COD;490,00;Congo, Democratic Republic 1962;COD62;0,00
180,00;Congo (the Democratic Republic of the);1963;180;Congo, Democratic Republic;COD;490,00;Congo, Democratic Republic 1963;COD63;-3,00
180,00;Congo (the Democratic Republic of the);1964;180;Congo, Democratic Republic;COD;490,00;Congo, Democratic Republic 1964;COD64;-6,00
180,00;Congo (the Democratic Republic of the);1965;180;Congo, Democratic Republic;COD;490,00;Congo, Democratic Republic 1965;COD65;-9,00
180,00;Congo (the Democratic Republic of the);1966;180;Congo, Democratic Republic;COD;490,00;Congo, Democratic Republic 1966;COD66;-9,00
180,00;Congo (the Democratic Republic of the);1967;180;Congo, Democratic Republic;COD;490,00;Congo, Democratic Republic 1967;COD67;-9,00
180,00;Congo (the Democratic Republic of the);1968;180;Congo, Democratic Republic;COD;490,00;Congo, Democratic Republic 1968;COD68;-9,00
180,00;Congo (the Democratic Republic of the);1969;180;Congo, Democratic Republic;COD;490,00;Congo, Democratic Republic 1969;COD69;-9,00
180,00;Congo (the Democratic Republic of the);1970;180;Congo, Democratic Republic;COD;490,00;Congo, Democratic Republic 1970;COD70;-9,00
180,00;Congo (the Democratic Republic of the);1971;180;Congo, Democratic Republic;COD;490,00;Congo, Democratic Republic 1971;COD71;-9,00
180,00;Congo (the Democratic Republic of the);1972;180;Congo, Democratic Republic;COD;490,00;Congo, Democratic Republic 1972;COD72;-9,00
180,00;Congo (the Democratic Republic of the);1973;180;Congo, Democratic Republic;COD;490,00;Congo, Democratic Republic 1973;COD73;-9,00
180,00;Congo (the Democratic Republic of the);1974;180;Congo, Democratic Republic;COD;490,00;Congo, Democratic Republic 1974;COD74;-9,00
180,00;Congo (the Democratic Republic of the);1975;180;Congo, Democratic Republic;COD;490,00;Congo, Democratic Republic 1975;COD75;-9,00
180,00;Congo (the Democratic Republic of the);1976;180;Congo, Democratic Republic;COD;490,00;Congo, Democratic Republic 1976;COD76;-9,00
180,00;Congo (the Democratic Republic of the);1977;180;Congo, Democratic Republic;COD;490,00;Congo, Democratic Republic 1977;COD77;-9,00
180,00;Congo (the Democratic Republic of the);1978;180;Congo, Democratic Republic;COD;490,00;Congo, Democratic Republic 1978;COD78;-9,00
180,00;Congo (the Democratic Republic of the);1979;180;Congo, Democratic Republic;COD;490,00;Congo, Democratic Republic 1979;COD79;-9,00
180,00;Congo (the Democratic Republic of the);1980;180;Congo, Democratic Republic;COD;490,00;Congo, Democratic Republic 1980;COD80;-9,00
180,00;Congo (the Democratic Republic of the);1981;180;Congo, Democratic Republic;COD;490,00;Congo, Democratic Republic 1981;COD81;-9,00
180,00;Congo (the Democratic Republic of the);1982;180;Congo, Democratic Republic;COD;490,00;Congo, Democratic Republic 1982;COD82;-9,00
180,00;Congo (the Democratic Republic of the);1983;180;Congo, Democratic Republic;COD;490,00;Congo, Democratic Republic 1983;COD83;-9,00
180,00;Congo (the Democratic Republic of the);1984;180;Congo, Democratic Republic;COD;490,00;Congo, Democratic Republic 1984;COD84;-9,00
180,00;Congo (the Democratic Republic of the);1985;180;Congo, Democratic Republic;COD;490,00;Congo, Democratic Republic 1985;COD85;-9,00
180,00;Congo (the Democratic Republic of the);1986;180;Congo, Democratic Republic;COD;490,00;Congo, Democratic Republic 1986;COD86;-9,00
180,00;Congo (the Democratic Republic of the);1987;180;Congo, Democratic Republic;COD;490,00;Congo, Democratic Republic 1987;COD87;-9,00
180,00;Congo (the Democratic Republic of the);1988;180;Congo, Democratic Republic;COD;490,00;Congo, Democratic Republic 1988;COD88;-9,00
180,00;Congo (the Democratic Republic of the);1989;180;Congo, Democratic Republic;COD;490,00;Congo, Democratic Republic 1989;COD89;-9,00
180,00;Congo (the Democratic Republic of the);1990;180;Congo, Democratic Republic;COD;490,00;Congo, Democratic Republic 1990;COD90;-8,00
180,00;Congo (the Democratic Republic of the);1991;180;Congo, Democratic Republic;COD;490,00;Congo, Democratic Republic 1991;COD91;-8,00
180,00;Congo (the Democratic Republic of the);1992;180;Congo, Democratic Republic;COD;490,00;Congo, Democratic Republic 1992;COD92;0,00
180,00;Congo (the Democratic Republic of the);1993;180;Congo, Democratic Republic;COD;490,00;Congo, Democratic Republic 1993;COD93;0,00
180,00;Congo (the Democratic Republic of the);1994;180;Congo, Democratic Republic;COD;490,00;Congo, Democratic Republic 1994;COD94;0,00
180,00;Congo (the Democratic Republic of the);1995;180;Congo, Democratic Republic;COD;490,00;Congo, Democratic Republic 1995;COD95;0,00
180,00;Congo (the Democratic Republic of the);1996;180;Congo, Democratic Republic;COD;490,00;Congo, Democratic Republic 1996;COD96;0,00
180,00;Congo (the Democratic Republic of the);1997;180;Congo, Democratic Republic;COD;490,00;Congo, Democratic Republic 1997;COD97;0,00
180,00;Congo (the Democratic Republic of the);1998;180;Congo, Democratic Republic;COD;490,00;Congo, Democratic Republic 1998;COD98;0,00
180,00;Congo (the Democratic Republic of the);1999;180;Congo, Democratic Republic;COD;490,00;Congo, Democratic Republic 1999;COD99;0,00
180,00;Congo (the Democratic Republic of the);2000;180;Congo, Democratic Republic;COD;490,00;Congo, Democratic Republic 2000;COD00;0,00
180,00;Congo (the Democratic Republic of the);2001;180;Congo, Democratic Republic;COD;490,00;Congo, Democratic Republic 2001;COD01;0,00
180,00;Congo (the Democratic Republic of the);2002;180;Congo, Democratic Republic;COD;490,00;Congo, Democratic Republic 2002;COD02;0,00
180,00;Congo (the Democratic Republic of the);2003;180;Congo, Democratic Republic;COD;490,00;Congo, Democratic Republic 2003;COD03;1,00
180,00;Congo (the Democratic Republic of the);2004;180;Congo, Democratic Republic;COD;490,00;Congo, Democratic Republic 2004;COD04;3,00
180,00;Congo (the Democratic Republic of the);2005;180;Congo, Democratic Republic;COD;490,00;Congo, Democratic Republic 2005;COD05;4,00
180,00;Congo (the Democratic Republic of the);2006;180;Congo, Democratic Republic;COD;490,00;Congo, Democratic Republic 2006;COD06;5,00
180,00;Congo (the Democratic Republic of the);2007;180;Congo, Democratic Republic;COD;490,00;Congo, Democratic Republic 2007;COD07;5,00
180,00;Congo (the Democratic Republic of the);2008;180;Congo, Democratic Republic;COD;490,00;Congo, Democratic Republic 2008;COD08;5,00
180,00;Congo (the Democratic Republic of the);2009;180;Congo, Democratic Republic;COD;490,00;Congo, Democratic Republic 2009;COD09;5,00
180,00;Congo (the Democratic Republic of the);2010;180;Congo, Democratic Republic;COD;490,00;Congo, Democratic Republic 2010;COD10;5,00
180,00;Congo (the Democratic Republic of the);2011;180;Congo, Democratic Republic;COD;490,00;Congo, Democratic Republic 2011;COD11;5,00
180,00;Congo (the Democratic Republic of the);2012;180;Congo, Democratic Republic;COD;490,00;Congo, Democratic Republic 2012;COD12;5,00
180,00;Congo (the Democratic Republic of the);2013;180;Congo, Democratic Republic;COD;490,00;Congo, Democratic Republic 2013;COD13;5,00
180,00;Congo (the Democratic Republic of the);2014;180;Congo, Democratic Republic;COD;490,00;Congo, Democratic Republic 2014;COD14;5,00
180,00;Congo (the Democratic Republic of the);2015;180;Congo, Democratic Republic;COD;490,00;Congo, Democratic Republic 2015;COD15;5,00
180,00;Congo (the Democratic Republic of the);2016;180;Congo, Democratic Republic;COD;490,00;Congo, Democratic Republic 2016;COD16;-3,00
180,00;Congo (the Democratic Republic of the);2017;180;Congo, Democratic Republic;COD;490,00;Congo, Democratic Republic 2017;COD17;-3,00
180,00;Congo (the Democratic Republic of the);2018;180;Congo, Democratic Republic;COD;490,00;Congo, Democratic Republic 2018;COD18;-3,00
188,00;Costa Rica;1946;188;Costa Rica;CRI;94,00;Costa Rica 1946;CRI46;5,00
188,00;Costa Rica;1947;188;Costa Rica;CRI;94,00;Costa Rica 1947;CRI47;5,00
188,00;Costa Rica;1948;188;Costa Rica;CRI;94,00;Costa Rica 1948;CRI48;4,00
188,00;Costa Rica;1949;188;Costa Rica;CRI;94,00;Costa Rica 1949;CRI49;9,00
188,00;Costa Rica;1950;188;Costa Rica;CRI;94,00;Costa Rica 1950;CRI50;9,00
188,00;Costa Rica;1951;188;Costa Rica;CRI;94,00;Costa Rica 1951;CRI51;9,00
188,00;Costa Rica;1952;188;Costa Rica;CRI;94,00;Costa Rica 1952;CRI52;9,00
188,00;Costa Rica;1953;188;Costa Rica;CRI;94,00;Costa Rica 1953;CRI53;10,00
188,00;Costa Rica;1954;188;Costa Rica;CRI;94,00;Costa Rica 1954;CRI54;10,00
188,00;Costa Rica;1955;188;Costa Rica;CRI;94,00;Costa Rica 1955;CRI55;10,00
188,00;Costa Rica;1956;188;Costa Rica;CRI;94,00;Costa Rica 1956;CRI56;10,00
188,00;Costa Rica;1957;188;Costa Rica;CRI;94,00;Costa Rica 1957;CRI57;10,00
188,00;Costa Rica;1958;188;Costa Rica;CRI;94,00;Costa Rica 1958;CRI58;10,00
188,00;Costa Rica;1959;188;Costa Rica;CRI;94,00;Costa Rica 1959;CRI59;10,00
188,00;Costa Rica;1960;188;Costa Rica;CRI;94,00;Costa Rica 1960;CRI60;10,00
188,00;Costa Rica;1961;188;Costa Rica;CRI;94,00;Costa Rica 1961;CRI61;10,00
188,00;Costa Rica;1962;188;Costa Rica;CRI;94,00;Costa Rica 1962;CRI62;10,00
188,00;Costa Rica;1963;188;Costa Rica;CRI;94,00;Costa Rica 1963;CRI63;10,00
188,00;Costa Rica;1964;188;Costa Rica;CRI;94,00;Costa Rica 1964;CRI64;10,00
188,00;Costa Rica;1965;188;Costa Rica;CRI;94,00;Costa Rica 1965;CRI65;10,00
188,00;Costa Rica;1966;188;Costa Rica;CRI;94,00;Costa Rica 1966;CRI66;10,00
188,00;Costa Rica;1967;188;Costa Rica;CRI;94,00;Costa Rica 1967;CRI67;10,00
188,00;Costa Rica;1968;188;Costa Rica;CRI;94,00;Costa Rica 1968;CRI68;10,00
188,00;Costa Rica;1969;188;Costa Rica;CRI;94,00;Costa Rica 1969;CRI69;10,00
188,00;Costa Rica;1970;188;Costa Rica;CRI;94,00;Costa Rica 1970;CRI70;10,00
188,00;Costa Rica;1971;188;Costa Rica;CRI;94,00;Costa Rica 1971;CRI71;10,00
188,00;Costa Rica;1972;188;Costa Rica;CRI;94,00;Costa Rica 1972;CRI72;10,00
188,00;Costa Rica;1973;188;Costa Rica;CRI;94,00;Costa Rica 1973;CRI73;10,00
188,00;Costa Rica;1974;188;Costa Rica;CRI;94,00;Costa Rica 1974;CRI74;10,00
188,00;Costa Rica;1975;188;Costa Rica;CRI;94,00;Costa Rica 1975;CRI75;10,00
188,00;Costa Rica;1976;188;Costa Rica;CRI;94,00;Costa Rica 1976;CRI76;10,00
188,00;Costa Rica;1977;188;Costa Rica;CRI;94,00;Costa Rica 1977;CRI77;10,00
188,00;Costa Rica;1978;188;Costa Rica;CRI;94,00;Costa Rica 1978;CRI78;10,00
188,00;Costa Rica;1979;188;Costa Rica;CRI;94,00;Costa Rica 1979;CRI79;10,00
188,00;Costa Rica;1980;188;Costa Rica;CRI;94,00;Costa Rica 1980;CRI80;10,00
188,00;Costa Rica;1981;188;Costa Rica;CRI;94,00;Costa Rica 1981;CRI81;10,00
188,00;Costa Rica;1982;188;Costa Rica;CRI;94,00;Costa Rica 1982;CRI82;10,00
188,00;Costa Rica;1983;188;Costa Rica;CRI;94,00;Costa Rica 1983;CRI83;10,00
188,00;Costa Rica;1984;188;Costa Rica;CRI;94,00;Costa Rica 1984;CRI84;10,00
188,00;Costa Rica;1985;188;Costa Rica;CRI;94,00;Costa Rica 1985;CRI85;10,00
188,00;Costa Rica;1986;188;Costa Rica;CRI;94,00;Costa Rica 1986;CRI86;10,00
188,00;Costa Rica;1987;188;Costa Rica;CRI;94,00;Costa Rica 1987;CRI87;10,00
188,00;Costa Rica;1988;188;Costa Rica;CRI;94,00;Costa Rica 1988;CRI88;10,00
188,00;Costa Rica;1989;188;Costa Rica;CRI;94,00;Costa Rica 1989;CRI89;10,00
188,00;Costa Rica;1990;188;Costa Rica;CRI;94,00;Costa Rica 1990;CRI90;10,00
188,00;Costa Rica;1991;188;Costa Rica;CRI;94,00;Costa Rica 1991;CRI91;10,00
188,00;Costa Rica;1992;188;Costa Rica;CRI;94,00;Costa Rica 1992;CRI92;10,00
188,00;Costa Rica;1993;188;Costa Rica;CRI;94,00;Costa Rica 1993;CRI93;10,00
188,00;Costa Rica;1994;188;Costa Rica;CRI;94,00;Costa Rica 1994;CRI94;10,00
188,00;Costa Rica;1995;188;Costa Rica;CRI;94,00;Costa Rica 1995;CRI95;10,00
188,00;Costa Rica;1996;188;Costa Rica;CRI;94,00;Costa Rica 1996;CRI96;10,00
188,00;Costa Rica;1997;188;Costa Rica;CRI;94,00;Costa Rica 1997;CRI97;10,00
188,00;Costa Rica;1998;188;Costa Rica;CRI;94,00;Costa Rica 1998;CRI98;10,00
188,00;Costa Rica;1999;188;Costa Rica;CRI;94,00;Costa Rica 1999;CRI99;10,00
188,00;Costa Rica;2000;188;Costa Rica;CRI;94,00;Costa Rica 2000;CRI00;10,00
188,00;Costa Rica;2001;188;Costa Rica;CRI;94,00;Costa Rica 2001;CRI01;10,00
188,00;Costa Rica;2002;188;Costa Rica;CRI;94,00;Costa Rica 2002;CRI02;10,00
188,00;Costa Rica;2003;188;Costa Rica;CRI;94,00;Costa Rica 2003;CRI03;10,00
188,00;Costa Rica;2004;188;Costa Rica;CRI;94,00;Costa Rica 2004;CRI04;10,00
188,00;Costa Rica;2005;188;Costa Rica;CRI;94,00;Costa Rica 2005;CRI05;10,00
188,00;Costa Rica;2006;188;Costa Rica;CRI;94,00;Costa Rica 2006;CRI06;10,00
188,00;Costa Rica;2007;188;Costa Rica;CRI;94,00;Costa Rica 2007;CRI07;10,00
188,00;Costa Rica;2008;188;Costa Rica;CRI;94,00;Costa Rica 2008;CRI08;10,00
188,00;Costa Rica;2009;188;Costa Rica;CRI;94,00;Costa Rica 2009;CRI09;10,00
188,00;Costa Rica;2010;188;Costa Rica;CRI;94,00;Costa Rica 2010;CRI10;10,00
188,00;Costa Rica;2011;188;Costa Rica;CRI;94,00;Costa Rica 2011;CRI11;10,00
188,00;Costa Rica;2012;188;Costa Rica;CRI;94,00;Costa Rica 2012;CRI12;10,00
188,00;Costa Rica;2013;188;Costa Rica;CRI;94,00;Costa Rica 2013;CRI13;10,00
188,00;Costa Rica;2014;188;Costa Rica;CRI;94,00;Costa Rica 2014;CRI14;10,00
188,00;Costa Rica;2015;188;Costa Rica;CRI;94,00;Costa Rica 2015;CRI15;10,00
188,00;Costa Rica;2016;188;Costa Rica;CRI;94,00;Costa Rica 2016;CRI16;10,00
188,00;Costa Rica;2017;188;Costa Rica;CRI;94,00;Costa Rica 2017;CRI17;10,00
188,00;Costa Rica;2018;188;Costa Rica;CRI;94,00;Costa Rica 2018;CRI18;10,00
191,00;Croatia;1992;191;Croatia;HRV;344,00;Croatia 1992;HRV92;-3,00
191,00;Croatia;1993;191;Croatia;HRV;344,00;Croatia 1993;HRV93;-3,00
191,00;Croatia;1994;191;Croatia;HRV;344,00;Croatia 1994;HRV94;-3,00
191,00;Croatia;1995;191;Croatia;HRV;344,00;Croatia 1995;HRV95;-5,00
191,00;Croatia;1996;191;Croatia;HRV;344,00;Croatia 1996;HRV96;-5,00
191,00;Croatia;1997;191;Croatia;HRV;344,00;Croatia 1997;HRV97;-5,00
191,00;Croatia;1998;191;Croatia;HRV;344,00;Croatia 1998;HRV98;-5,00
191,00;Croatia;1999;191;Croatia;HRV;344,00;Croatia 1999;HRV99;1,00
191,00;Croatia;2000;191;Croatia;HRV;344,00;Croatia 2000;HRV00;8,00
191,00;Croatia;2001;191;Croatia;HRV;344,00;Croatia 2001;HRV01;8,00
191,00;Croatia;2002;191;Croatia;HRV;344,00;Croatia 2002;HRV02;8,00
191,00;Croatia;2003;191;Croatia;HRV;344,00;Croatia 2003;HRV03;8,00
191,00;Croatia;2004;191;Croatia;HRV;344,00;Croatia 2004;HRV04;8,00
191,00;Croatia;2005;191;Croatia;HRV;344,00;Croatia 2005;HRV05;9,00
191,00;Croatia;2006;191;Croatia;HRV;344,00;Croatia 2006;HRV06;9,00
191,00;Croatia;2007;191;Croatia;HRV;344,00;Croatia 2007;HRV07;9,00
191,00;Croatia;2008;191;Croatia;HRV;344,00;Croatia 2008;HRV08;9,00
191,00;Croatia;2009;191;Croatia;HRV;344,00;Croatia 2009;HRV09;9,00
191,00;Croatia;2010;191;Croatia;HRV;344,00;Croatia 2010;HRV10;9,00
191,00;Croatia;2011;191;Croatia;HRV;344,00;Croatia 2011;HRV11;9,00
191,00;Croatia;2012;191;Croatia;HRV;344,00;Croatia 2012;HRV12;9,00
191,00;Croatia;2013;191;Croatia;HRV;344,00;Croatia 2013;HRV13;9,00
191,00;Croatia;2014;191;Croatia;HRV;344,00;Croatia 2014;HRV14;9,00
191,00;Croatia;2015;191;Croatia;HRV;344,00;Croatia 2015;HRV15;9,00
191,00;Croatia;2016;191;Croatia;HRV;344,00;Croatia 2016;HRV16;9,00
191,00;Croatia;2017;191;Croatia;HRV;344,00;Croatia 2017;HRV17;9,00
191,00;Croatia;2018;191;Croatia;HRV;344,00;Croatia 2018;HRV18;9,00
192,00;Cuba;1946;192;Cuba;CUB;40,00;Cuba 1946;CUB46;3,00
192,00;Cuba;1947;192;Cuba;CUB;40,00;Cuba 1947;CUB47;3,00
192,00;Cuba;1948;192;Cuba;CUB;40,00;Cuba 1948;CUB48;3,00
192,00;Cuba;1949;192;Cuba;CUB;40,00;Cuba 1949;CUB49;3,00
192,00;Cuba;1950;192;Cuba;CUB;40,00;Cuba 1950;CUB50;3,00
192,00;Cuba;1951;192;Cuba;CUB;40,00;Cuba 1951;CUB51;3,00
192,00;Cuba;1952;192;Cuba;CUB;40,00;Cuba 1952;CUB52;0,00
192,00;Cuba;1953;192;Cuba;CUB;40,00;Cuba 1953;CUB53;-3,00
192,00;Cuba;1954;192;Cuba;CUB;40,00;Cuba 1954;CUB54;-6,00
192,00;Cuba;1955;192;Cuba;CUB;40,00;Cuba 1955;CUB55;-9,00
192,00;Cuba;1956;192;Cuba;CUB;40,00;Cuba 1956;CUB56;-9,00
192,00;Cuba;1957;192;Cuba;CUB;40,00;Cuba 1957;CUB57;-9,00
192,00;Cuba;1958;192;Cuba;CUB;40,00;Cuba 1958;CUB58;-9,00
192,00;Cuba;1959;192;Cuba;CUB;40,00;Cuba 1959;CUB59;0,00
192,00;Cuba;1960;192;Cuba;CUB;40,00;Cuba 1960;CUB60;-4,00
192,00;Cuba;1961;192;Cuba;CUB;40,00;Cuba 1961;CUB61;-7,00
192,00;Cuba;1962;192;Cuba;CUB;40,00;Cuba 1962;CUB62;-7,00
192,00;Cuba;1963;192;Cuba;CUB;40,00;Cuba 1963;CUB63;-7,00
192,00;Cuba;1964;192;Cuba;CUB;40,00;Cuba 1964;CUB64;-7,00
192,00;Cuba;1965;192;Cuba;CUB;40,00;Cuba 1965;CUB65;-7,00
192,00;Cuba;1966;192;Cuba;CUB;40,00;Cuba 1966;CUB66;-7,00
192,00;Cuba;1967;192;Cuba;CUB;40,00;Cuba 1967;CUB67;-7,00
192,00;Cuba;1968;192;Cuba;CUB;40,00;Cuba 1968;CUB68;-7,00
192,00;Cuba;1969;192;Cuba;CUB;40,00;Cuba 1969;CUB69;-7,00
192,00;Cuba;1970;192;Cuba;CUB;40,00;Cuba 1970;CUB70;-7,00
192,00;Cuba;1971;192;Cuba;CUB;40,00;Cuba 1971;CUB71;-7,00
192,00;Cuba;1972;192;Cuba;CUB;40,00;Cuba 1972;CUB72;-7,00
192,00;Cuba;1973;192;Cuba;CUB;40,00;Cuba 1973;CUB73;-7,00
192,00;Cuba;1974;192;Cuba;CUB;40,00;Cuba 1974;CUB74;-7,00
192,00;Cuba;1975;192;Cuba;CUB;40,00;Cuba 1975;CUB75;-7,00
192,00;Cuba;1976;192;Cuba;CUB;40,00;Cuba 1976;CUB76;-7,00
192,00;Cuba;1977;192;Cuba;CUB;40,00;Cuba 1977;CUB77;-7,00
192,00;Cuba;1978;192;Cuba;CUB;40,00;Cuba 1978;CUB78;-7,00
192,00;Cuba;1979;192;Cuba;CUB;40,00;Cuba 1979;CUB79;-7,00
192,00;Cuba;1980;192;Cuba;CUB;40,00;Cuba 1980;CUB80;-7,00
192,00;Cuba;1981;192;Cuba;CUB;40,00;Cuba 1981;CUB81;-7,00
192,00;Cuba;1982;192;Cuba;CUB;40,00;Cuba 1982;CUB82;-7,00
192,00;Cuba;1983;192;Cuba;CUB;40,00;Cuba 1983;CUB83;-7,00
192,00;Cuba;1984;192;Cuba;CUB;40,00;Cuba 1984;CUB84;-7,00
192,00;Cuba;1985;192;Cuba;CUB;40,00;Cuba 1985;CUB85;-7,00
192,00;Cuba;1986;192;Cuba;CUB;40,00;Cuba 1986;CUB86;-7,00
192,00;Cuba;1987;192;Cuba;CUB;40,00;Cuba 1987;CUB87;-7,00
192,00;Cuba;1988;192;Cuba;CUB;40,00;Cuba 1988;CUB88;-7,00
192,00;Cuba;1989;192;Cuba;CUB;40,00;Cuba 1989;CUB89;-7,00
192,00;Cuba;1990;192;Cuba;CUB;40,00;Cuba 1990;CUB90;-7,00
192,00;Cuba;1991;192;Cuba;CUB;40,00;Cuba 1991;CUB91;-7,00
192,00;Cuba;1992;192;Cuba;CUB;40,00;Cuba 1992;CUB92;-7,00
192,00;Cuba;1993;192;Cuba;CUB;40,00;Cuba 1993;CUB93;-7,00
192,00;Cuba;1994;192;Cuba;CUB;40,00;Cuba 1994;CUB94;-7,00
192,00;Cuba;1995;192;Cuba;CUB;40,00;Cuba 1995;CUB95;-7,00
192,00;Cuba;1996;192;Cuba;CUB;40,00;Cuba 1996;CUB96;-7,00
192,00;Cuba;1997;192;Cuba;CUB;40,00;Cuba 1997;CUB97;-7,00
192,00;Cuba;1998;192;Cuba;CUB;40,00;Cuba 1998;CUB98;-7,00
192,00;Cuba;1999;192;Cuba;CUB;40,00;Cuba 1999;CUB99;-7,00
192,00;Cuba;2000;192;Cuba;CUB;40,00;Cuba 2000;CUB00;-7,00
192,00;Cuba;2001;192;Cuba;CUB;40,00;Cuba 2001;CUB01;-7,00
192,00;Cuba;2002;192;Cuba;CUB;40,00;Cuba 2002;CUB02;-7,00
192,00;Cuba;2003;192;Cuba;CUB;40,00;Cuba 2003;CUB03;-7,00
192,00;Cuba;2004;192;Cuba;CUB;40,00;Cuba 2004;CUB04;-7,00
192,00;Cuba;2005;192;Cuba;CUB;40,00;Cuba 2005;CUB05;-7,00
192,00;Cuba;2006;192;Cuba;CUB;40,00;Cuba 2006;CUB06;-7,00
192,00;Cuba;2007;192;Cuba;CUB;40,00;Cuba 2007;CUB07;-7,00
192,00;Cuba;2008;192;Cuba;CUB;40,00;Cuba 2008;CUB08;-7,00
192,00;Cuba;2009;192;Cuba;CUB;40,00;Cuba 2009;CUB09;-7,00
192,00;Cuba;2010;192;Cuba;CUB;40,00;Cuba 2010;CUB10;-7,00
192,00;Cuba;2011;192;Cuba;CUB;40,00;Cuba 2011;CUB11;-7,00
192,00;Cuba;2012;192;Cuba;CUB;40,00;Cuba 2012;CUB12;-7,00
192,00;Cuba;2013;192;Cuba;CUB;40,00;Cuba 2013;CUB13;-7,00
192,00;Cuba;2014;192;Cuba;CUB;40,00;Cuba 2014;CUB14;-7,00
192,00;Cuba;2015;192;Cuba;CUB;40,00;Cuba 2015;CUB15;-7,00
192,00;Cuba;2016;192;Cuba;CUB;40,00;Cuba 2016;CUB16;-7,00
192,00;Cuba;2017;192;Cuba;CUB;40,00;Cuba 2017;CUB17;-7,00
192,00;Cuba;2018;192;Cuba;CUB;40,00;Cuba 2018;CUB18;-5,00
196,00;Cyprus;1975;196;Cyprus (1975-);CYP;352,00;Cyprus (1975-) 1975;CYP75;10,00
196,00;Cyprus;1976;196;Cyprus (1975-);CYP;352,00;Cyprus (1975-) 1976;CYP76;10,00
196,00;Cyprus;1977;196;Cyprus (1975-);CYP;352,00;Cyprus (1975-) 1977;CYP77;10,00
196,00;Cyprus;1978;196;Cyprus (1975-);CYP;352,00;Cyprus (1975-) 1978;CYP78;10,00
196,00;Cyprus;1979;196;Cyprus (1975-);CYP;352,00;Cyprus (1975-) 1979;CYP79;10,00
196,00;Cyprus;1980;196;Cyprus (1975-);CYP;352,00;Cyprus (1975-) 1980;CYP80;10,00
196,00;Cyprus;1981;196;Cyprus (1975-);CYP;352,00;Cyprus (1975-) 1981;CYP81;10,00
196,00;Cyprus;1982;196;Cyprus (1975-);CYP;352,00;Cyprus (1975-) 1982;CYP82;10,00
196,00;Cyprus;1983;196;Cyprus (1975-);CYP;352,00;Cyprus (1975-) 1983;CYP83;10,00
196,00;Cyprus;1984;196;Cyprus (1975-);CYP;352,00;Cyprus (1975-) 1984;CYP84;10,00
196,00;Cyprus;1985;196;Cyprus (1975-);CYP;352,00;Cyprus (1975-) 1985;CYP85;10,00
196,00;Cyprus;1986;196;Cyprus (1975-);CYP;352,00;Cyprus (1975-) 1986;CYP86;10,00
196,00;Cyprus;1987;196;Cyprus (1975-);CYP;352,00;Cyprus (1975-) 1987;CYP87;10,00
196,00;Cyprus;1988;196;Cyprus (1975-);CYP;352,00;Cyprus (1975-) 1988;CYP88;10,00
196,00;Cyprus;1989;196;Cyprus (1975-);CYP;352,00;Cyprus (1975-) 1989;CYP89;10,00
196,00;Cyprus;1990;196;Cyprus (1975-);CYP;352,00;Cyprus (1975-) 1990;CYP90;10,00
196,00;Cyprus;1991;196;Cyprus (1975-);CYP;352,00;Cyprus (1975-) 1991;CYP91;10,00
196,00;Cyprus;1992;196;Cyprus (1975-);CYP;352,00;Cyprus (1975-) 1992;CYP92;10,00
196,00;Cyprus;1993;196;Cyprus (1975-);CYP;352,00;Cyprus (1975-) 1993;CYP93;10,00
196,00;Cyprus;1994;196;Cyprus (1975-);CYP;352,00;Cyprus (1975-) 1994;CYP94;10,00
196,00;Cyprus;1995;196;Cyprus (1975-);CYP;352,00;Cyprus (1975-) 1995;CYP95;10,00
196,00;Cyprus;1996;196;Cyprus (1975-);CYP;352,00;Cyprus (1975-) 1996;CYP96;10,00
196,00;Cyprus;1997;196;Cyprus (1975-);CYP;352,00;Cyprus (1975-) 1997;CYP97;10,00
196,00;Cyprus;1998;196;Cyprus (1975-);CYP;352,00;Cyprus (1975-) 1998;CYP98;10,00
196,00;Cyprus;1999;196;Cyprus (1975-);CYP;352,00;Cyprus (1975-) 1999;CYP99;10,00
196,00;Cyprus;2000;196;Cyprus (1975-);CYP;352,00;Cyprus (1975-) 2000;CYP00;10,00
196,00;Cyprus;2001;196;Cyprus (1975-);CYP;352,00;Cyprus (1975-) 2001;CYP01;10,00
196,00;Cyprus;2002;196;Cyprus (1975-);CYP;352,00;Cyprus (1975-) 2002;CYP02;10,00
196,00;Cyprus;2003;196;Cyprus (1975-);CYP;352,00;Cyprus (1975-) 2003;CYP03;10,00
196,00;Cyprus;2004;196;Cyprus (1975-);CYP;352,00;Cyprus (1975-) 2004;CYP04;10,00
196,00;Cyprus;2005;196;Cyprus (1975-);CYP;352,00;Cyprus (1975-) 2005;CYP05;10,00
196,00;Cyprus;2006;196;Cyprus (1975-);CYP;352,00;Cyprus (1975-) 2006;CYP06;10,00
196,00;Cyprus;2007;196;Cyprus (1975-);CYP;352,00;Cyprus (1975-) 2007;CYP07;10,00
196,00;Cyprus;2008;196;Cyprus (1975-);CYP;352,00;Cyprus (1975-) 2008;CYP08;10,00
196,00;Cyprus;2009;196;Cyprus (1975-);CYP;352,00;Cyprus (1975-) 2009;CYP09;10,00
196,00;Cyprus;2010;196;Cyprus (1975-);CYP;352,00;Cyprus (1975-) 2010;CYP10;10,00
196,00;Cyprus;2011;196;Cyprus (1975-);CYP;352,00;Cyprus (1975-) 2011;CYP11;10,00
196,00;Cyprus;2012;196;Cyprus (1975-);CYP;352,00;Cyprus (1975-) 2012;CYP12;10,00
196,00;Cyprus;2013;196;Cyprus (1975-);CYP;352,00;Cyprus (1975-) 2013;CYP13;10,00
196,00;Cyprus;2014;196;Cyprus (1975-);CYP;352,00;Cyprus (1975-) 2014;CYP14;10,00
196,00;Cyprus;2015;196;Cyprus (1975-);CYP;352,00;Cyprus (1975-) 2015;CYP15;10,00
196,00;Cyprus;2016;196;Cyprus (1975-);CYP;352,00;Cyprus (1975-) 2016;CYP16;10,00
196,00;Cyprus;2017;196;Cyprus (1975-);CYP;352,00;Cyprus (1975-) 2017;CYP17;10,00
196,00;Cyprus;2018;196;Cyprus (1975-);CYP;352,00;Cyprus (1975-) 2018;CYP18;10,00
200,00;Czechoslovakia;1946;200;Czechoslovakia;CSK;315,00;Czechoslovakia 1946;CSK46;5,00
200,00;Czechoslovakia;1947;200;Czechoslovakia;CSK;315,00;Czechoslovakia 1947;CSK47;5,00
200,00;Czechoslovakia;1948;200;Czechoslovakia;CSK;315,00;Czechoslovakia 1948;CSK48;-7,00
200,00;Czechoslovakia;1949;200;Czechoslovakia;CSK;315,00;Czechoslovakia 1949;CSK49;-7,00
200,00;Czechoslovakia;1950;200;Czechoslovakia;CSK;315,00;Czechoslovakia 1950;CSK50;-7,00
200,00;Czechoslovakia;1951;200;Czechoslovakia;CSK;315,00;Czechoslovakia 1951;CSK51;-7,00
200,00;Czechoslovakia;1952;200;Czechoslovakia;CSK;315,00;Czechoslovakia 1952;CSK52;-7,00
200,00;Czechoslovakia;1953;200;Czechoslovakia;CSK;315,00;Czechoslovakia 1953;CSK53;-7,00
200,00;Czechoslovakia;1954;200;Czechoslovakia;CSK;315,00;Czechoslovakia 1954;CSK54;-7,00
200,00;Czechoslovakia;1955;200;Czechoslovakia;CSK;315,00;Czechoslovakia 1955;CSK55;-7,00
200,00;Czechoslovakia;1956;200;Czechoslovakia;CSK;315,00;Czechoslovakia 1956;CSK56;-7,00
200,00;Czechoslovakia;1957;200;Czechoslovakia;CSK;315,00;Czechoslovakia 1957;CSK57;-7,00
200,00;Czechoslovakia;1958;200;Czechoslovakia;CSK;315,00;Czechoslovakia 1958;CSK58;-7,00
200,00;Czechoslovakia;1959;200;Czechoslovakia;CSK;315,00;Czechoslovakia 1959;CSK59;-7,00
200,00;Czechoslovakia;1960;200;Czechoslovakia;CSK;315,00;Czechoslovakia 1960;CSK60;-7,00
200,00;Czechoslovakia;1961;200;Czechoslovakia;CSK;315,00;Czechoslovakia 1961;CSK61;-7,00
200,00;Czechoslovakia;1962;200;Czechoslovakia;CSK;315,00;Czechoslovakia 1962;CSK62;-7,00
200,00;Czechoslovakia;1963;200;Czechoslovakia;CSK;315,00;Czechoslovakia 1963;CSK63;-7,00
200,00;Czechoslovakia;1964;200;Czechoslovakia;CSK;315,00;Czechoslovakia 1964;CSK64;-7,00
200,00;Czechoslovakia;1965;200;Czechoslovakia;CSK;315,00;Czechoslovakia 1965;CSK65;-7,00
200,00;Czechoslovakia;1966;200;Czechoslovakia;CSK;315,00;Czechoslovakia 1966;CSK66;-7,00
200,00;Czechoslovakia;1967;200;Czechoslovakia;CSK;315,00;Czechoslovakia 1967;CSK67;-7,00
200,00;Czechoslovakia;1969;200;Czechoslovakia;CSK;315,00;Czechoslovakia 1969;CSK69;-7,00
200,00;Czechoslovakia;1970;200;Czechoslovakia;CSK;315,00;Czechoslovakia 1970;CSK70;-7,00
200,00;Czechoslovakia;1971;200;Czechoslovakia;CSK;315,00;Czechoslovakia 1971;CSK71;-7,00
200,00;Czechoslovakia;1972;200;Czechoslovakia;CSK;315,00;Czechoslovakia 1972;CSK72;-7,00
200,00;Czechoslovakia;1973;200;Czechoslovakia;CSK;315,00;Czechoslovakia 1973;CSK73;-7,00
200,00;Czechoslovakia;1974;200;Czechoslovakia;CSK;315,00;Czechoslovakia 1974;CSK74;-7,00
200,00;Czechoslovakia;1975;200;Czechoslovakia;CSK;315,00;Czechoslovakia 1975;CSK75;-7,00
200,00;Czechoslovakia;1976;200;Czechoslovakia;CSK;315,00;Czechoslovakia 1976;CSK76;-7,00
200,00;Czechoslovakia;1977;200;Czechoslovakia;CSK;315,00;Czechoslovakia 1977;CSK77;-7,00
200,00;Czechoslovakia;1978;200;Czechoslovakia;CSK;315,00;Czechoslovakia 1978;CSK78;-7,00
200,00;Czechoslovakia;1979;200;Czechoslovakia;CSK;315,00;Czechoslovakia 1979;CSK79;-7,00
200,00;Czechoslovakia;1980;200;Czechoslovakia;CSK;315,00;Czechoslovakia 1980;CSK80;-7,00
200,00;Czechoslovakia;1981;200;Czechoslovakia;CSK;315,00;Czechoslovakia 1981;CSK81;-7,00
200,00;Czechoslovakia;1982;200;Czechoslovakia;CSK;315,00;Czechoslovakia 1982;CSK82;-7,00
200,00;Czechoslovakia;1983;200;Czechoslovakia;CSK;315,00;Czechoslovakia 1983;CSK83;-7,00
200,00;Czechoslovakia;1984;200;Czechoslovakia;CSK;315,00;Czechoslovakia 1984;CSK84;-7,00
200,00;Czechoslovakia;1985;200;Czechoslovakia;CSK;315,00;Czechoslovakia 1985;CSK85;-7,00
200,00;Czechoslovakia;1986;200;Czechoslovakia;CSK;315,00;Czechoslovakia 1986;CSK86;-7,00
200,00;Czechoslovakia;1987;200;Czechoslovakia;CSK;315,00;Czechoslovakia 1987;CSK87;-7,00
200,00;Czechoslovakia;1988;200;Czechoslovakia;CSK;315,00;Czechoslovakia 1988;CSK88;-7,00
200,00;Czechoslovakia;1989;200;Czechoslovakia;CSK;315,00;Czechoslovakia 1989;CSK89;-2,00
200,00;Czechoslovakia;1990;200;Czechoslovakia;CSK;315,00;Czechoslovakia 1990;CSK90;7,00
200,00;Czechoslovakia;1991;200;Czechoslovakia;CSK;315,00;Czechoslovakia 1991;CSK91;7,00
200,00;Czechoslovakia;1992;200;Czechoslovakia;CSK;315,00;Czechoslovakia 1992;CSK92;7,00
203,00;Czechia;1993;203;Czech Republic;CZE;316,00;Czech Republic 1993;CZE93;10,00
203,00;Czechia;1994;203;Czech Republic;CZE;316,00;Czech Republic 1994;CZE94;10,00
203,00;Czechia;1995;203;Czech Republic;CZE;316,00;Czech Republic 1995;CZE95;10,00
203,00;Czechia;1996;203;Czech Republic;CZE;316,00;Czech Republic 1996;CZE96;10,00
203,00;Czechia;1997;203;Czech Republic;CZE;316,00;Czech Republic 1997;CZE97;10,00
203,00;Czechia;1998;203;Czech Republic;CZE;316,00;Czech Republic 1998;CZE98;10,00
203,00;Czechia;1999;203;Czech Republic;CZE;316,00;Czech Republic 1999;CZE99;10,00
203,00;Czechia;2000;203;Czech Republic;CZE;316,00;Czech Republic 2000;CZE00;10,00
203,00;Czechia;2001;203;Czech Republic;CZE;316,00;Czech Republic 2001;CZE01;10,00
203,00;Czechia;2002;203;Czech Republic;CZE;316,00;Czech Republic 2002;CZE02;10,00
203,00;Czechia;2003;203;Czech Republic;CZE;316,00;Czech Republic 2003;CZE03;10,00
203,00;Czechia;2004;203;Czech Republic;CZE;316,00;Czech Republic 2004;CZE04;10,00
203,00;Czechia;2005;203;Czech Republic;CZE;316,00;Czech Republic 2005;CZE05;10,00
203,00;Czechia;2006;203;Czech Republic;CZE;316,00;Czech Republic 2006;CZE06;9,00
203,00;Czechia;2007;203;Czech Republic;CZE;316,00;Czech Republic 2007;CZE07;9,00
203,00;Czechia;2008;203;Czech Republic;CZE;316,00;Czech Republic 2008;CZE08;9,00
203,00;Czechia;2009;203;Czech Republic;CZE;316,00;Czech Republic 2009;CZE09;9,00
203,00;Czechia;2010;203;Czech Republic;CZE;316,00;Czech Republic 2010;CZE10;9,00
203,00;Czechia;2011;203;Czech Republic;CZE;316,00;Czech Republic 2011;CZE11;9,00
203,00;Czechia;2012;203;Czech Republic;CZE;316,00;Czech Republic 2012;CZE12;9,00
203,00;Czechia;2013;203;Czech Republic;CZE;316,00;Czech Republic 2013;CZE13;9,00
203,00;Czechia;2014;203;Czech Republic;CZE;316,00;Czech Republic 2014;CZE14;9,00
203,00;Czechia;2015;203;Czech Republic;CZE;316,00;Czech Republic 2015;CZE15;9,00
203,00;Czechia;2016;203;Czech Republic;CZE;316,00;Czech Republic 2016;CZE16;9,00
203,00;Czechia;2017;203;Czech Republic;CZE;316,00;Czech Republic 2017;CZE17;9,00
203,00;Czechia;2018;203;Czech Republic;CZE;316,00;Czech Republic 2018;CZE18;9,00
204,00;Benin;1961;204;Benin;BEN;434,00;Benin 1961;BEN61;2,00
204,00;Benin;1962;204;Benin;BEN;434,00;Benin 1962;BEN62;2,00
204,00;Benin;1963;204;Benin;BEN;434,00;Benin 1963;BEN63;-1,00
204,00;Benin;1964;204;Benin;BEN;434,00;Benin 1964;BEN64;-4,00
204,00;Benin;1965;204;Benin;BEN;434,00;Benin 1965;BEN65;-7,00
204,00;Benin;1966;204;Benin;BEN;434,00;Benin 1966;BEN66;-7,00
204,00;Benin;1967;204;Benin;BEN;434,00;Benin 1967;BEN67;-7,00
204,00;Benin;1968;204;Benin;BEN;434,00;Benin 1968;BEN68;-7,00
204,00;Benin;1969;204;Benin;BEN;434,00;Benin 1969;BEN69;-7,00
204,00;Benin;1970;204;Benin;BEN;434,00;Benin 1970;BEN70;-2,00
204,00;Benin;1971;204;Benin;BEN;434,00;Benin 1971;BEN71;-2,00
204,00;Benin;1972;204;Benin;BEN;434,00;Benin 1972;BEN72;-7,00
204,00;Benin;1973;204;Benin;BEN;434,00;Benin 1973;BEN73;-7,00
204,00;Benin;1974;204;Benin;BEN;434,00;Benin 1974;BEN74;-7,00
204,00;Benin;1975;204;Benin;BEN;434,00;Benin 1975;BEN75;-7,00
204,00;Benin;1976;204;Benin;BEN;434,00;Benin 1976;BEN76;-7,00
204,00;Benin;1977;204;Benin;BEN;434,00;Benin 1977;BEN77;-7,00
204,00;Benin;1978;204;Benin;BEN;434,00;Benin 1978;BEN78;-7,00
204,00;Benin;1979;204;Benin;BEN;434,00;Benin 1979;BEN79;-7,00
204,00;Benin;1980;204;Benin;BEN;434,00;Benin 1980;BEN80;-7,00
204,00;Benin;1981;204;Benin;BEN;434,00;Benin 1981;BEN81;-7,00
204,00;Benin;1982;204;Benin;BEN;434,00;Benin 1982;BEN82;-7,00
204,00;Benin;1983;204;Benin;BEN;434,00;Benin 1983;BEN83;-7,00
204,00;Benin;1984;204;Benin;BEN;434,00;Benin 1984;BEN84;-7,00
204,00;Benin;1985;204;Benin;BEN;434,00;Benin 1985;BEN85;-7,00
204,00;Benin;1986;204;Benin;BEN;434,00;Benin 1986;BEN86;-7,00
204,00;Benin;1987;204;Benin;BEN;434,00;Benin 1987;BEN87;-7,00
204,00;Benin;1988;204;Benin;BEN;434,00;Benin 1988;BEN88;-7,00
204,00;Benin;1989;204;Benin;BEN;434,00;Benin 1989;BEN89;-7,00
204,00;Benin;1990;204;Benin;BEN;434,00;Benin 1990;BEN90;-1,00
204,00;Benin;1991;204;Benin;BEN;434,00;Benin 1991;BEN91;6,00
204,00;Benin;1992;204;Benin;BEN;434,00;Benin 1992;BEN92;6,00
204,00;Benin;1993;204;Benin;BEN;434,00;Benin 1993;BEN93;6,00
204,00;Benin;1994;204;Benin;BEN;434,00;Benin 1994;BEN94;6,00
204,00;Benin;1995;204;Benin;BEN;434,00;Benin 1995;BEN95;6,00
204,00;Benin;1996;204;Benin;BEN;434,00;Benin 1996;BEN96;6,00
204,00;Benin;1997;204;Benin;BEN;434,00;Benin 1997;BEN97;6,00
204,00;Benin;1998;204;Benin;BEN;434,00;Benin 1998;BEN98;6,00
204,00;Benin;1999;204;Benin;BEN;434,00;Benin 1999;BEN99;6,00
204,00;Benin;2000;204;Benin;BEN;434,00;Benin 2000;BEN00;6,00
204,00;Benin;2001;204;Benin;BEN;434,00;Benin 2001;BEN01;6,00
204,00;Benin;2002;204;Benin;BEN;434,00;Benin 2002;BEN02;6,00
204,00;Benin;2003;204;Benin;BEN;434,00;Benin 2003;BEN03;6,00
204,00;Benin;2004;204;Benin;BEN;434,00;Benin 2004;BEN04;6,00
204,00;Benin;2005;204;Benin;BEN;434,00;Benin 2005;BEN05;6,00
204,00;Benin;2006;204;Benin;BEN;434,00;Benin 2006;BEN06;7,00
204,00;Benin;2007;204;Benin;BEN;434,00;Benin 2007;BEN07;7,00
204,00;Benin;2008;204;Benin;BEN;434,00;Benin 2008;BEN08;7,00
204,00;Benin;2009;204;Benin;BEN;434,00;Benin 2009;BEN09;7,00
204,00;Benin;2010;204;Benin;BEN;434,00;Benin 2010;BEN10;7,00
204,00;Benin;2011;204;Benin;BEN;434,00;Benin 2011;BEN11;7,00
204,00;Benin;2012;204;Benin;BEN;434,00;Benin 2012;BEN12;7,00
204,00;Benin;2013;204;Benin;BEN;434,00;Benin 2013;BEN13;7,00
204,00;Benin;2014;204;Benin;BEN;434,00;Benin 2014;BEN14;7,00
204,00;Benin;2015;204;Benin;BEN;434,00;Benin 2015;BEN15;7,00
204,00;Benin;2016;204;Benin;BEN;434,00;Benin 2016;BEN16;7,00
204,00;Benin;2017;204;Benin;BEN;434,00;Benin 2017;BEN17;7,00
204,00;Benin;2018;204;Benin;BEN;434,00;Benin 2018;BEN18;7,00
208,00;Denmark;1946;208;Denmark;DNK;390,00;Denmark 1946;DNK46;10,00
208,00;Denmark;1947;208;Denmark;DNK;390,00;Denmark 1947;DNK47;10,00
208,00;Denmark;1948;208;Denmark;DNK;390,00;Denmark 1948;DNK48;10,00
208,00;Denmark;1949;208;Denmark;DNK;390,00;Denmark 1949;DNK49;10,00
208,00;Denmark;1950;208;Denmark;DNK;390,00;Denmark 1950;DNK50;10,00
208,00;Denmark;1951;208;Denmark;DNK;390,00;Denmark 1951;DNK51;10,00
208,00;Denmark;1952;208;Denmark;DNK;390,00;Denmark 1952;DNK52;10,00
208,00;Denmark;1953;208;Denmark;DNK;390,00;Denmark 1953;DNK53;10,00
208,00;Denmark;1954;208;Denmark;DNK;390,00;Denmark 1954;DNK54;10,00
208,00;Denmark;1955;208;Denmark;DNK;390,00;Denmark 1955;DNK55;10,00
208,00;Denmark;1956;208;Denmark;DNK;390,00;Denmark 1956;DNK56;10,00
208,00;Denmark;1957;208;Denmark;DNK;390,00;Denmark 1957;DNK57;10,00
208,00;Denmark;1958;208;Denmark;DNK;390,00;Denmark 1958;DNK58;10,00
208,00;Denmark;1959;208;Denmark;DNK;390,00;Denmark 1959;DNK59;10,00
208,00;Denmark;1960;208;Denmark;DNK;390,00;Denmark 1960;DNK60;10,00
208,00;Denmark;1961;208;Denmark;DNK;390,00;Denmark 1961;DNK61;10,00
208,00;Denmark;1962;208;Denmark;DNK;390,00;Denmark 1962;DNK62;10,00
208,00;Denmark;1963;208;Denmark;DNK;390,00;Denmark 1963;DNK63;10,00
208,00;Denmark;1964;208;Denmark;DNK;390,00;Denmark 1964;DNK64;10,00
208,00;Denmark;1965;208;Denmark;DNK;390,00;Denmark 1965;DNK65;10,00
208,00;Denmark;1966;208;Denmark;DNK;390,00;Denmark 1966;DNK66;10,00
208,00;Denmark;1967;208;Denmark;DNK;390,00;Denmark 1967;DNK67;10,00
208,00;Denmark;1968;208;Denmark;DNK;390,00;Denmark 1968;DNK68;10,00
208,00;Denmark;1969;208;Denmark;DNK;390,00;Denmark 1969;DNK69;10,00
208,00;Denmark;1970;208;Denmark;DNK;390,00;Denmark 1970;DNK70;10,00
208,00;Denmark;1971;208;Denmark;DNK;390,00;Denmark 1971;DNK71;10,00
208,00;Denmark;1972;208;Denmark;DNK;390,00;Denmark 1972;DNK72;10,00
208,00;Denmark;1973;208;Denmark;DNK;390,00;Denmark 1973;DNK73;10,00
208,00;Denmark;1974;208;Denmark;DNK;390,00;Denmark 1974;DNK74;10,00
208,00;Denmark;1975;208;Denmark;DNK;390,00;Denmark 1975;DNK75;10,00
208,00;Denmark;1976;208;Denmark;DNK;390,00;Denmark 1976;DNK76;10,00
208,00;Denmark;1977;208;Denmark;DNK;390,00;Denmark 1977;DNK77;10,00
208,00;Denmark;1978;208;Denmark;DNK;390,00;Denmark 1978;DNK78;10,00
208,00;Denmark;1979;208;Denmark;DNK;390,00;Denmark 1979;DNK79;10,00
208,00;Denmark;1980;208;Denmark;DNK;390,00;Denmark 1980;DNK80;10,00
208,00;Denmark;1981;208;Denmark;DNK;390,00;Denmark 1981;DNK81;10,00
208,00;Denmark;1982;208;Denmark;DNK;390,00;Denmark 1982;DNK82;10,00
208,00;Denmark;1983;208;Denmark;DNK;390,00;Denmark 1983;DNK83;10,00
208,00;Denmark;1984;208;Denmark;DNK;390,00;Denmark 1984;DNK84;10,00
208,00;Denmark;1985;208;Denmark;DNK;390,00;Denmark 1985;DNK85;10,00
208,00;Denmark;1986;208;Denmark;DNK;390,00;Denmark 1986;DNK86;10,00
208,00;Denmark;1987;208;Denmark;DNK;390,00;Denmark 1987;DNK87;10,00
208,00;Denmark;1988;208;Denmark;DNK;390,00;Denmark 1988;DNK88;10,00
208,00;Denmark;1989;208;Denmark;DNK;390,00;Denmark 1989;DNK89;10,00
208,00;Denmark;1990;208;Denmark;DNK;390,00;Denmark 1990;DNK90;10,00
208,00;Denmark;1991;208;Denmark;DNK;390,00;Denmark 1991;DNK91;10,00
208,00;Denmark;1992;208;Denmark;DNK;390,00;Denmark 1992;DNK92;10,00
208,00;Denmark;1993;208;Denmark;DNK;390,00;Denmark 1993;DNK93;10,00
208,00;Denmark;1994;208;Denmark;DNK;390,00;Denmark 1994;DNK94;10,00
208,00;Denmark;1995;208;Denmark;DNK;390,00;Denmark 1995;DNK95;10,00
208,00;Denmark;1996;208;Denmark;DNK;390,00;Denmark 1996;DNK96;10,00
208,00;Denmark;1997;208;Denmark;DNK;390,00;Denmark 1997;DNK97;10,00
208,00;Denmark;1998;208;Denmark;DNK;390,00;Denmark 1998;DNK98;10,00
208,00;Denmark;1999;208;Denmark;DNK;390,00;Denmark 1999;DNK99;10,00
208,00;Denmark;2000;208;Denmark;DNK;390,00;Denmark 2000;DNK00;10,00
208,00;Denmark;2001;208;Denmark;DNK;390,00;Denmark 2001;DNK01;10,00
208,00;Denmark;2002;208;Denmark;DNK;390,00;Denmark 2002;DNK02;10,00
208,00;Denmark;2003;208;Denmark;DNK;390,00;Denmark 2003;DNK03;10,00
208,00;Denmark;2004;208;Denmark;DNK;390,00;Denmark 2004;DNK04;10,00
208,00;Denmark;2005;208;Denmark;DNK;390,00;Denmark 2005;DNK05;10,00
208,00;Denmark;2006;208;Denmark;DNK;390,00;Denmark 2006;DNK06;10,00
208,00;Denmark;2007;208;Denmark;DNK;390,00;Denmark 2007;DNK07;10,00
208,00;Denmark;2008;208;Denmark;DNK;390,00;Denmark 2008;DNK08;10,00
208,00;Denmark;2009;208;Denmark;DNK;390,00;Denmark 2009;DNK09;10,00
208,00;Denmark;2010;208;Denmark;DNK;390,00;Denmark 2010;DNK10;10,00
208,00;Denmark;2011;208;Denmark;DNK;390,00;Denmark 2011;DNK11;10,00
208,00;Denmark;2012;208;Denmark;DNK;390,00;Denmark 2012;DNK12;10,00
208,00;Denmark;2013;208;Denmark;DNK;390,00;Denmark 2013;DNK13;10,00
208,00;Denmark;2014;208;Denmark;DNK;390,00;Denmark 2014;DNK14;10,00
208,00;Denmark;2015;208;Denmark;DNK;390,00;Denmark 2015;DNK15;10,00
208,00;Denmark;2016;208;Denmark;DNK;390,00;Denmark 2016;DNK16;10,00
208,00;Denmark;2017;208;Denmark;DNK;390,00;Denmark 2017;DNK17;10,00
208,00;Denmark;2018;208;Denmark;DNK;390,00;Denmark 2018;DNK18;10,00
214,00;Dominican Republic (the);1946;214;Dominican Republic;DOM;42,00;Dominican Republic 1946;DOM46;-9,00
214,00;Dominican Republic (the);1947;214;Dominican Republic;DOM;42,00;Dominican Republic 1947;DOM47;-9,00
214,00;Dominican Republic (the);1948;214;Dominican Republic;DOM;42,00;Dominican Republic 1948;DOM48;-9,00
214,00;Dominican Republic (the);1949;214;Dominican Republic;DOM;42,00;Dominican Republic 1949;DOM49;-9,00
214,00;Dominican Republic (the);1950;214;Dominican Republic;DOM;42,00;Dominican Republic 1950;DOM50;-9,00
214,00;Dominican Republic (the);1951;214;Dominican Republic;DOM;42,00;Dominican Republic 1951;DOM51;-9,00
214,00;Dominican Republic (the);1952;214;Dominican Republic;DOM;42,00;Dominican Republic 1952;DOM52;-9,00
214,00;Dominican Republic (the);1953;214;Dominican Republic;DOM;42,00;Dominican Republic 1953;DOM53;-9,00
214,00;Dominican Republic (the);1954;214;Dominican Republic;DOM;42,00;Dominican Republic 1954;DOM54;-9,00
214,00;Dominican Republic (the);1955;214;Dominican Republic;DOM;42,00;Dominican Republic 1955;DOM55;-9,00
214,00;Dominican Republic (the);1956;214;Dominican Republic;DOM;42,00;Dominican Republic 1956;DOM56;-9,00
214,00;Dominican Republic (the);1957;214;Dominican Republic;DOM;42,00;Dominican Republic 1957;DOM57;-9,00
214,00;Dominican Republic (the);1958;214;Dominican Republic;DOM;42,00;Dominican Republic 1958;DOM58;-9,00
214,00;Dominican Republic (the);1959;214;Dominican Republic;DOM;42,00;Dominican Republic 1959;DOM59;-9,00
214,00;Dominican Republic (the);1960;214;Dominican Republic;DOM;42,00;Dominican Republic 1960;DOM60;-9,00
214,00;Dominican Republic (the);1961;214;Dominican Republic;DOM;42,00;Dominican Republic 1961;DOM61;-6,00
214,00;Dominican Republic (the);1962;214;Dominican Republic;DOM;42,00;Dominican Republic 1962;DOM62;-3,00
214,00;Dominican Republic (the);1963;214;Dominican Republic;DOM;42,00;Dominican Republic 1963;DOM63;0,00
214,00;Dominican Republic (the);1964;214;Dominican Republic;DOM;42,00;Dominican Republic 1964;DOM64;0,00
214,00;Dominican Republic (the);1965;214;Dominican Republic;DOM;42,00;Dominican Republic 1965;DOM65;0,00
214,00;Dominican Republic (the);1966;214;Dominican Republic;DOM;42,00;Dominican Republic 1966;DOM66;-3,00
214,00;Dominican Republic (the);1967;214;Dominican Republic;DOM;42,00;Dominican Republic 1967;DOM67;-3,00
214,00;Dominican Republic (the);1968;214;Dominican Republic;DOM;42,00;Dominican Republic 1968;DOM68;-3,00
214,00;Dominican Republic (the);1969;214;Dominican Republic;DOM;42,00;Dominican Republic 1969;DOM69;-3,00
214,00;Dominican Republic (the);1970;214;Dominican Republic;DOM;42,00;Dominican Republic 1970;DOM70;-3,00
214,00;Dominican Republic (the);1971;214;Dominican Republic;DOM;42,00;Dominican Republic 1971;DOM71;-3,00
214,00;Dominican Republic (the);1972;214;Dominican Republic;DOM;42,00;Dominican Republic 1972;DOM72;-3,00
214,00;Dominican Republic (the);1973;214;Dominican Republic;DOM;42,00;Dominican Republic 1973;DOM73;-3,00
214,00;Dominican Republic (the);1974;214;Dominican Republic;DOM;42,00;Dominican Republic 1974;DOM74;-3,00
214,00;Dominican Republic (the);1975;214;Dominican Republic;DOM;42,00;Dominican Republic 1975;DOM75;-3,00
214,00;Dominican Republic (the);1976;214;Dominican Republic;DOM;42,00;Dominican Republic 1976;DOM76;-3,00
214,00;Dominican Republic (the);1977;214;Dominican Republic;DOM;42,00;Dominican Republic 1977;DOM77;-3,00
214,00;Dominican Republic (the);1978;214;Dominican Republic;DOM;42,00;Dominican Republic 1978;DOM78;5,00
214,00;Dominican Republic (the);1979;214;Dominican Republic;DOM;42,00;Dominican Republic 1979;DOM79;5,00
214,00;Dominican Republic (the);1980;214;Dominican Republic;DOM;42,00;Dominican Republic 1980;DOM80;5,00
214,00;Dominican Republic (the);1981;214;Dominican Republic;DOM;42,00;Dominican Republic 1981;DOM81;5,00
214,00;Dominican Republic (the);1982;214;Dominican Republic;DOM;42,00;Dominican Republic 1982;DOM82;5,00
214,00;Dominican Republic (the);1983;214;Dominican Republic;DOM;42,00;Dominican Republic 1983;DOM83;5,00
214,00;Dominican Republic (the);1984;214;Dominican Republic;DOM;42,00;Dominican Republic 1984;DOM84;5,00
214,00;Dominican Republic (the);1985;214;Dominican Republic;DOM;42,00;Dominican Republic 1985;DOM85;5,00
214,00;Dominican Republic (the);1986;214;Dominican Republic;DOM;42,00;Dominican Republic 1986;DOM86;5,00
214,00;Dominican Republic (the);1987;214;Dominican Republic;DOM;42,00;Dominican Republic 1987;DOM87;5,00
214,00;Dominican Republic (the);1988;214;Dominican Republic;DOM;42,00;Dominican Republic 1988;DOM88;5,00
214,00;Dominican Republic (the);1989;214;Dominican Republic;DOM;42,00;Dominican Republic 1989;DOM89;5,00
214,00;Dominican Republic (the);1990;214;Dominican Republic;DOM;42,00;Dominican Republic 1990;DOM90;5,00
214,00;Dominican Republic (the);1991;214;Dominican Republic;DOM;42,00;Dominican Republic 1991;DOM91;5,00
214,00;Dominican Republic (the);1992;214;Dominican Republic;DOM;42,00;Dominican Republic 1992;DOM92;5,00
214,00;Dominican Republic (the);1993;214;Dominican Republic;DOM;42,00;Dominican Republic 1993;DOM93;5,00
214,00;Dominican Republic (the);1994;214;Dominican Republic;DOM;42,00;Dominican Republic 1994;DOM94;5,00
214,00;Dominican Republic (the);1995;214;Dominican Republic;DOM;42,00;Dominican Republic 1995;DOM95;5,00
214,00;Dominican Republic (the);1996;214;Dominican Republic;DOM;42,00;Dominican Republic 1996;DOM96;8,00
214,00;Dominican Republic (the);1997;214;Dominican Republic;DOM;42,00;Dominican Republic 1997;DOM97;8,00
214,00;Dominican Republic (the);1998;214;Dominican Republic;DOM;42,00;Dominican Republic 1998;DOM98;8,00
214,00;Dominican Republic (the);1999;214;Dominican Republic;DOM;42,00;Dominican Republic 1999;DOM99;8,00
214,00;Dominican Republic (the);2000;214;Dominican Republic;DOM;42,00;Dominican Republic 2000;DOM00;8,00
214,00;Dominican Republic (the);2001;214;Dominican Republic;DOM;42,00;Dominican Republic 2001;DOM01;8,00
214,00;Dominican Republic (the);2002;214;Dominican Republic;DOM;42,00;Dominican Republic 2002;DOM02;8,00
214,00;Dominican Republic (the);2003;214;Dominican Republic;DOM;42,00;Dominican Republic 2003;DOM03;8,00
214,00;Dominican Republic (the);2004;214;Dominican Republic;DOM;42,00;Dominican Republic 2004;DOM04;8,00
214,00;Dominican Republic (the);2005;214;Dominican Republic;DOM;42,00;Dominican Republic 2005;DOM05;8,00
214,00;Dominican Republic (the);2006;214;Dominican Republic;DOM;42,00;Dominican Republic 2006;DOM06;8,00
214,00;Dominican Republic (the);2007;214;Dominican Republic;DOM;42,00;Dominican Republic 2007;DOM07;8,00
214,00;Dominican Republic (the);2008;214;Dominican Republic;DOM;42,00;Dominican Republic 2008;DOM08;8,00
214,00;Dominican Republic (the);2009;214;Dominican Republic;DOM;42,00;Dominican Republic 2009;DOM09;8,00
214,00;Dominican Republic (the);2010;214;Dominican Republic;DOM;42,00;Dominican Republic 2010;DOM10;8,00
214,00;Dominican Republic (the);2011;214;Dominican Republic;DOM;42,00;Dominican Republic 2011;DOM11;8,00
214,00;Dominican Republic (the);2012;214;Dominican Republic;DOM;42,00;Dominican Republic 2012;DOM12;8,00
214,00;Dominican Republic (the);2013;214;Dominican Republic;DOM;42,00;Dominican Republic 2013;DOM13;8,00
214,00;Dominican Republic (the);2014;214;Dominican Republic;DOM;42,00;Dominican Republic 2014;DOM14;8,00
214,00;Dominican Republic (the);2015;214;Dominican Republic;DOM;42,00;Dominican Republic 2015;DOM15;8,00
214,00;Dominican Republic (the);2016;214;Dominican Republic;DOM;42,00;Dominican Republic 2016;DOM16;7,00
214,00;Dominican Republic (the);2017;214;Dominican Republic;DOM;42,00;Dominican Republic 2017;DOM17;7,00
214,00;Dominican Republic (the);2018;214;Dominican Republic;DOM;42,00;Dominican Republic 2018;DOM18;7,00
218,00;Ecuador;1946;218;Ecuador;ECU;130,00;Ecuador 1946;ECU46;-1,00
218,00;Ecuador;1947;218;Ecuador;ECU;130,00;Ecuador 1947;ECU47;-1,00
218,00;Ecuador;1948;218;Ecuador;ECU;130,00;Ecuador 1948;ECU48;1,00
218,00;Ecuador;1949;218;Ecuador;ECU;130,00;Ecuador 1949;ECU49;1,00
218,00;Ecuador;1950;218;Ecuador;ECU;130,00;Ecuador 1950;ECU50;1,00
218,00;Ecuador;1951;218;Ecuador;ECU;130,00;Ecuador 1951;ECU51;1,00
218,00;Ecuador;1952;218;Ecuador;ECU;130,00;Ecuador 1952;ECU52;1,00
218,00;Ecuador;1953;218;Ecuador;ECU;130,00;Ecuador 1953;ECU53;1,00
218,00;Ecuador;1954;218;Ecuador;ECU;130,00;Ecuador 1954;ECU54;1,00
218,00;Ecuador;1955;218;Ecuador;ECU;130,00;Ecuador 1955;ECU55;1,00
218,00;Ecuador;1956;218;Ecuador;ECU;130,00;Ecuador 1956;ECU56;1,00
218,00;Ecuador;1957;218;Ecuador;ECU;130,00;Ecuador 1957;ECU57;1,00
218,00;Ecuador;1958;218;Ecuador;ECU;130,00;Ecuador 1958;ECU58;1,00
218,00;Ecuador;1959;218;Ecuador;ECU;130,00;Ecuador 1959;ECU59;1,00
218,00;Ecuador;1960;218;Ecuador;ECU;130,00;Ecuador 1960;ECU60;1,00
218,00;Ecuador;1961;218;Ecuador;ECU;130,00;Ecuador 1961;ECU61;1,00
218,00;Ecuador;1962;218;Ecuador;ECU;130,00;Ecuador 1962;ECU62;1,00
218,00;Ecuador;1963;218;Ecuador;ECU;130,00;Ecuador 1963;ECU63;-6,00
218,00;Ecuador;1964;218;Ecuador;ECU;130,00;Ecuador 1964;ECU64;-6,00
218,00;Ecuador;1965;218;Ecuador;ECU;130,00;Ecuador 1965;ECU65;-6,00
218,00;Ecuador;1966;218;Ecuador;ECU;130,00;Ecuador 1966;ECU66;-2,00
218,00;Ecuador;1967;218;Ecuador;ECU;130,00;Ecuador 1967;ECU67;2,00
218,00;Ecuador;1968;218;Ecuador;ECU;130,00;Ecuador 1968;ECU68;5,00
218,00;Ecuador;1969;218;Ecuador;ECU;130,00;Ecuador 1969;ECU69;5,00
218,00;Ecuador;1970;218;Ecuador;ECU;130,00;Ecuador 1970;ECU70;0,00
218,00;Ecuador;1971;218;Ecuador;ECU;130,00;Ecuador 1971;ECU71;0,00
218,00;Ecuador;1972;218;Ecuador;ECU;130,00;Ecuador 1972;ECU72;-5,00
218,00;Ecuador;1973;218;Ecuador;ECU;130,00;Ecuador 1973;ECU73;-5,00
218,00;Ecuador;1974;218;Ecuador;ECU;130,00;Ecuador 1974;ECU74;-5,00
218,00;Ecuador;1975;218;Ecuador;ECU;130,00;Ecuador 1975;ECU75;-5,00
218,00;Ecuador;1976;218;Ecuador;ECU;130,00;Ecuador 1976;ECU76;-5,00
218,00;Ecuador;1977;218;Ecuador;ECU;130,00;Ecuador 1977;ECU77;-5,00
218,00;Ecuador;1978;218;Ecuador;ECU;130,00;Ecuador 1978;ECU78;-5,00
218,00;Ecuador;1979;218;Ecuador;ECU;130,00;Ecuador 1979;ECU79;9,00
218,00;Ecuador;1980;218;Ecuador;ECU;130,00;Ecuador 1980;ECU80;9,00
218,00;Ecuador;1981;218;Ecuador;ECU;130,00;Ecuador 1981;ECU81;9,00
218,00;Ecuador;1982;218;Ecuador;ECU;130,00;Ecuador 1982;ECU82;9,00
218,00;Ecuador;1983;218;Ecuador;ECU;130,00;Ecuador 1983;ECU83;9,00
218,00;Ecuador;1984;218;Ecuador;ECU;130,00;Ecuador 1984;ECU84;9,00
218,00;Ecuador;1985;218;Ecuador;ECU;130,00;Ecuador 1985;ECU85;9,00
218,00;Ecuador;1986;218;Ecuador;ECU;130,00;Ecuador 1986;ECU86;9,00
218,00;Ecuador;1987;218;Ecuador;ECU;130,00;Ecuador 1987;ECU87;9,00
218,00;Ecuador;1988;218;Ecuador;ECU;130,00;Ecuador 1988;ECU88;9,00
218,00;Ecuador;1989;218;Ecuador;ECU;130,00;Ecuador 1989;ECU89;9,00
218,00;Ecuador;1990;218;Ecuador;ECU;130,00;Ecuador 1990;ECU90;9,00
218,00;Ecuador;1991;218;Ecuador;ECU;130,00;Ecuador 1991;ECU91;9,00
218,00;Ecuador;1992;218;Ecuador;ECU;130,00;Ecuador 1992;ECU92;9,00
218,00;Ecuador;1993;218;Ecuador;ECU;130,00;Ecuador 1993;ECU93;9,00
218,00;Ecuador;1994;218;Ecuador;ECU;130,00;Ecuador 1994;ECU94;9,00
218,00;Ecuador;1995;218;Ecuador;ECU;130,00;Ecuador 1995;ECU95;9,00
218,00;Ecuador;1996;218;Ecuador;ECU;130,00;Ecuador 1996;ECU96;9,00
218,00;Ecuador;1997;218;Ecuador;ECU;130,00;Ecuador 1997;ECU97;9,00
218,00;Ecuador;1998;218;Ecuador;ECU;130,00;Ecuador 1998;ECU98;9,00
218,00;Ecuador;1999;218;Ecuador;ECU;130,00;Ecuador 1999;ECU99;9,00
218,00;Ecuador;2000;218;Ecuador;ECU;130,00;Ecuador 2000;ECU00;6,00
218,00;Ecuador;2001;218;Ecuador;ECU;130,00;Ecuador 2001;ECU01;6,00
218,00;Ecuador;2002;218;Ecuador;ECU;130,00;Ecuador 2002;ECU02;6,00
218,00;Ecuador;2003;218;Ecuador;ECU;130,00;Ecuador 2003;ECU03;6,00
218,00;Ecuador;2004;218;Ecuador;ECU;130,00;Ecuador 2004;ECU04;6,00
218,00;Ecuador;2005;218;Ecuador;ECU;130,00;Ecuador 2005;ECU05;6,00
218,00;Ecuador;2006;218;Ecuador;ECU;130,00;Ecuador 2006;ECU06;7,00
218,00;Ecuador;2007;218;Ecuador;ECU;130,00;Ecuador 2007;ECU07;5,00
218,00;Ecuador;2008;218;Ecuador;ECU;130,00;Ecuador 2008;ECU08;5,00
218,00;Ecuador;2009;218;Ecuador;ECU;130,00;Ecuador 2009;ECU09;5,00
218,00;Ecuador;2010;218;Ecuador;ECU;130,00;Ecuador 2010;ECU10;5,00
218,00;Ecuador;2011;218;Ecuador;ECU;130,00;Ecuador 2011;ECU11;5,00
218,00;Ecuador;2012;218;Ecuador;ECU;130,00;Ecuador 2012;ECU12;5,00
218,00;Ecuador;2013;218;Ecuador;ECU;130,00;Ecuador 2013;ECU13;5,00
218,00;Ecuador;2014;218;Ecuador;ECU;130,00;Ecuador 2014;ECU14;5,00
218,00;Ecuador;2015;218;Ecuador;ECU;130,00;Ecuador 2015;ECU15;5,00
218,00;Ecuador;2016;218;Ecuador;ECU;130,00;Ecuador 2016;ECU16;5,00
218,00;Ecuador;2017;218;Ecuador;ECU;130,00;Ecuador 2017;ECU17;5,00
218,00;Ecuador;2018;218;Ecuador;ECU;130,00;Ecuador 2018;ECU18;5,00
222,00;El Salvador;1946;222;El Salvador;SLV;92,00;El Salvador 1946;SLV46;-8,00
222,00;El Salvador;1947;222;El Salvador;SLV;92,00;El Salvador 1947;SLV47;-8,00
222,00;El Salvador;1948;222;El Salvador;SLV;92,00;El Salvador 1948;SLV48;-7,00
222,00;El Salvador;1949;222;El Salvador;SLV;92,00;El Salvador 1949;SLV49;-7,00
222,00;El Salvador;1950;222;El Salvador;SLV;92,00;El Salvador 1950;SLV50;-6,00
222,00;El Salvador;1951;222;El Salvador;SLV;92,00;El Salvador 1951;SLV51;-6,00
222,00;El Salvador;1952;222;El Salvador;SLV;92,00;El Salvador 1952;SLV52;-6,00
222,00;El Salvador;1953;222;El Salvador;SLV;92,00;El Salvador 1953;SLV53;-6,00
222,00;El Salvador;1954;222;El Salvador;SLV;92,00;El Salvador 1954;SLV54;-6,00
222,00;El Salvador;1955;222;El Salvador;SLV;92,00;El Salvador 1955;SLV55;-6,00
222,00;El Salvador;1956;222;El Salvador;SLV;92,00;El Salvador 1956;SLV56;-6,00
222,00;El Salvador;1957;222;El Salvador;SLV;92,00;El Salvador 1957;SLV57;-6,00
222,00;El Salvador;1958;222;El Salvador;SLV;92,00;El Salvador 1958;SLV58;-6,00
222,00;El Salvador;1959;222;El Salvador;SLV;92,00;El Salvador 1959;SLV59;-6,00
222,00;El Salvador;1960;222;El Salvador;SLV;92,00;El Salvador 1960;SLV60;0,00
222,00;El Salvador;1961;222;El Salvador;SLV;92,00;El Salvador 1961;SLV61;-3,00
222,00;El Salvador;1962;222;El Salvador;SLV;92,00;El Salvador 1962;SLV62;-3,00
222,00;El Salvador;1963;222;El Salvador;SLV;92,00;El Salvador 1963;SLV63;-3,00
222,00;El Salvador;1964;222;El Salvador;SLV;92,00;El Salvador 1964;SLV64;-3,00
222,00;El Salvador;1965;222;El Salvador;SLV;92,00;El Salvador 1965;SLV65;-3,00
222,00;El Salvador;1966;222;El Salvador;SLV;92,00;El Salvador 1966;SLV66;-3,00
222,00;El Salvador;1967;222;El Salvador;SLV;92,00;El Salvador 1967;SLV67;-3,00
222,00;El Salvador;1968;222;El Salvador;SLV;92,00;El Salvador 1968;SLV68;-3,00
222,00;El Salvador;1969;222;El Salvador;SLV;92,00;El Salvador 1969;SLV69;-3,00
222,00;El Salvador;1970;222;El Salvador;SLV;92,00;El Salvador 1970;SLV70;-3,00
222,00;El Salvador;1971;222;El Salvador;SLV;92,00;El Salvador 1971;SLV71;-3,00
222,00;El Salvador;1972;222;El Salvador;SLV;92,00;El Salvador 1972;SLV72;-3,00
222,00;El Salvador;1973;222;El Salvador;SLV;92,00;El Salvador 1973;SLV73;-3,00
222,00;El Salvador;1974;222;El Salvador;SLV;92,00;El Salvador 1974;SLV74;-3,00
222,00;El Salvador;1975;222;El Salvador;SLV;92,00;El Salvador 1975;SLV75;-3,00
222,00;El Salvador;1976;222;El Salvador;SLV;92,00;El Salvador 1976;SLV76;-3,00
222,00;El Salvador;1977;222;El Salvador;SLV;92,00;El Salvador 1977;SLV77;-6,00
222,00;El Salvador;1978;222;El Salvador;SLV;92,00;El Salvador 1978;SLV78;-6,00
222,00;El Salvador;1979;222;El Salvador;SLV;92,00;El Salvador 1979;SLV79;0,00
222,00;El Salvador;1980;222;El Salvador;SLV;92,00;El Salvador 1980;SLV80;0,00
222,00;El Salvador;1981;222;El Salvador;SLV;92,00;El Salvador 1981;SLV81;0,00
222,00;El Salvador;1982;222;El Salvador;SLV;92,00;El Salvador 1982;SLV82;0,00
222,00;El Salvador;1983;222;El Salvador;SLV;92,00;El Salvador 1983;SLV83;0,00
222,00;El Salvador;1984;222;El Salvador;SLV;92,00;El Salvador 1984;SLV84;6,00
222,00;El Salvador;1985;222;El Salvador;SLV;92,00;El Salvador 1985;SLV85;6,00
222,00;El Salvador;1986;222;El Salvador;SLV;92,00;El Salvador 1986;SLV86;6,00
222,00;El Salvador;1987;222;El Salvador;SLV;92,00;El Salvador 1987;SLV87;6,00
222,00;El Salvador;1988;222;El Salvador;SLV;92,00;El Salvador 1988;SLV88;6,00
222,00;El Salvador;1989;222;El Salvador;SLV;92,00;El Salvador 1989;SLV89;6,00
222,00;El Salvador;1990;222;El Salvador;SLV;92,00;El Salvador 1990;SLV90;6,00
222,00;El Salvador;1991;222;El Salvador;SLV;92,00;El Salvador 1991;SLV91;6,00
222,00;El Salvador;1992;222;El Salvador;SLV;92,00;El Salvador 1992;SLV92;6,00
222,00;El Salvador;1993;222;El Salvador;SLV;92,00;El Salvador 1993;SLV93;6,00
222,00;El Salvador;1994;222;El Salvador;SLV;92,00;El Salvador 1994;SLV94;7,00
222,00;El Salvador;1995;222;El Salvador;SLV;92,00;El Salvador 1995;SLV95;7,00
222,00;El Salvador;1996;222;El Salvador;SLV;92,00;El Salvador 1996;SLV96;7,00
222,00;El Salvador;1997;222;El Salvador;SLV;92,00;El Salvador 1997;SLV97;7,00
222,00;El Salvador;1998;222;El Salvador;SLV;92,00;El Salvador 1998;SLV98;7,00
222,00;El Salvador;1999;222;El Salvador;SLV;92,00;El Salvador 1999;SLV99;7,00
222,00;El Salvador;2000;222;El Salvador;SLV;92,00;El Salvador 2000;SLV00;7,00
222,00;El Salvador;2001;222;El Salvador;SLV;92,00;El Salvador 2001;SLV01;7,00
222,00;El Salvador;2002;222;El Salvador;SLV;92,00;El Salvador 2002;SLV02;7,00
222,00;El Salvador;2003;222;El Salvador;SLV;92,00;El Salvador 2003;SLV03;7,00
222,00;El Salvador;2004;222;El Salvador;SLV;92,00;El Salvador 2004;SLV04;7,00
222,00;El Salvador;2005;222;El Salvador;SLV;92,00;El Salvador 2005;SLV05;7,00
222,00;El Salvador;2006;222;El Salvador;SLV;92,00;El Salvador 2006;SLV06;7,00
222,00;El Salvador;2007;222;El Salvador;SLV;92,00;El Salvador 2007;SLV07;7,00
222,00;El Salvador;2008;222;El Salvador;SLV;92,00;El Salvador 2008;SLV08;7,00
222,00;El Salvador;2009;222;El Salvador;SLV;92,00;El Salvador 2009;SLV09;8,00
222,00;El Salvador;2010;222;El Salvador;SLV;92,00;El Salvador 2010;SLV10;8,00
222,00;El Salvador;2011;222;El Salvador;SLV;92,00;El Salvador 2011;SLV11;8,00
222,00;El Salvador;2012;222;El Salvador;SLV;92,00;El Salvador 2012;SLV12;8,00
222,00;El Salvador;2013;222;El Salvador;SLV;92,00;El Salvador 2013;SLV13;8,00
222,00;El Salvador;2014;222;El Salvador;SLV;92,00;El Salvador 2014;SLV14;8,00
222,00;El Salvador;2015;222;El Salvador;SLV;92,00;El Salvador 2015;SLV15;8,00
222,00;El Salvador;2016;222;El Salvador;SLV;92,00;El Salvador 2016;SLV16;8,00
222,00;El Salvador;2017;222;El Salvador;SLV;92,00;El Salvador 2017;SLV17;8,00
222,00;El Salvador;2018;222;El Salvador;SLV;92,00;El Salvador 2018;SLV18;8,00
226,00;Equatorial Guinea;1969;226;Equatorial Guinea;GNQ;411,00;Equatorial Guinea 1969;GNQ69;-7,00
226,00;Equatorial Guinea;1970;226;Equatorial Guinea;GNQ;411,00;Equatorial Guinea 1970;GNQ70;-7,00
226,00;Equatorial Guinea;1971;226;Equatorial Guinea;GNQ;411,00;Equatorial Guinea 1971;GNQ71;-7,00
226,00;Equatorial Guinea;1972;226;Equatorial Guinea;GNQ;411,00;Equatorial Guinea 1972;GNQ72;-7,00
226,00;Equatorial Guinea;1973;226;Equatorial Guinea;GNQ;411,00;Equatorial Guinea 1973;GNQ73;-7,00
226,00;Equatorial Guinea;1974;226;Equatorial Guinea;GNQ;411,00;Equatorial Guinea 1974;GNQ74;-7,00
226,00;Equatorial Guinea;1975;226;Equatorial Guinea;GNQ;411,00;Equatorial Guinea 1975;GNQ75;-7,00
226,00;Equatorial Guinea;1976;226;Equatorial Guinea;GNQ;411,00;Equatorial Guinea 1976;GNQ76;-7,00
226,00;Equatorial Guinea;1977;226;Equatorial Guinea;GNQ;411,00;Equatorial Guinea 1977;GNQ77;-7,00
226,00;Equatorial Guinea;1978;226;Equatorial Guinea;GNQ;411,00;Equatorial Guinea 1978;GNQ78;-7,00
226,00;Equatorial Guinea;1979;226;Equatorial Guinea;GNQ;411,00;Equatorial Guinea 1979;GNQ79;-7,00
226,00;Equatorial Guinea;1980;226;Equatorial Guinea;GNQ;411,00;Equatorial Guinea 1980;GNQ80;-7,00
226,00;Equatorial Guinea;1981;226;Equatorial Guinea;GNQ;411,00;Equatorial Guinea 1981;GNQ81;-7,00
226,00;Equatorial Guinea;1982;226;Equatorial Guinea;GNQ;411,00;Equatorial Guinea 1982;GNQ82;-7,00
226,00;Equatorial Guinea;1983;226;Equatorial Guinea;GNQ;411,00;Equatorial Guinea 1983;GNQ83;-7,00
226,00;Equatorial Guinea;1984;226;Equatorial Guinea;GNQ;411,00;Equatorial Guinea 1984;GNQ84;-7,00
226,00;Equatorial Guinea;1985;226;Equatorial Guinea;GNQ;411,00;Equatorial Guinea 1985;GNQ85;-7,00
226,00;Equatorial Guinea;1986;226;Equatorial Guinea;GNQ;411,00;Equatorial Guinea 1986;GNQ86;-7,00
226,00;Equatorial Guinea;1987;226;Equatorial Guinea;GNQ;411,00;Equatorial Guinea 1987;GNQ87;-7,00
226,00;Equatorial Guinea;1988;226;Equatorial Guinea;GNQ;411,00;Equatorial Guinea 1988;GNQ88;-7,00
226,00;Equatorial Guinea;1989;226;Equatorial Guinea;GNQ;411,00;Equatorial Guinea 1989;GNQ89;-7,00
226,00;Equatorial Guinea;1990;226;Equatorial Guinea;GNQ;411,00;Equatorial Guinea 1990;GNQ90;-7,00
226,00;Equatorial Guinea;1991;226;Equatorial Guinea;GNQ;411,00;Equatorial Guinea 1991;GNQ91;-7,00
226,00;Equatorial Guinea;1992;226;Equatorial Guinea;GNQ;411,00;Equatorial Guinea 1992;GNQ92;-7,00
226,00;Equatorial Guinea;1993;226;Equatorial Guinea;GNQ;411,00;Equatorial Guinea 1993;GNQ93;-5,00
226,00;Equatorial Guinea;1994;226;Equatorial Guinea;GNQ;411,00;Equatorial Guinea 1994;GNQ94;-5,00
226,00;Equatorial Guinea;1995;226;Equatorial Guinea;GNQ;411,00;Equatorial Guinea 1995;GNQ95;-5,00
226,00;Equatorial Guinea;1996;226;Equatorial Guinea;GNQ;411,00;Equatorial Guinea 1996;GNQ96;-6,00
226,00;Equatorial Guinea;1997;226;Equatorial Guinea;GNQ;411,00;Equatorial Guinea 1997;GNQ97;-6,00
226,00;Equatorial Guinea;1998;226;Equatorial Guinea;GNQ;411,00;Equatorial Guinea 1998;GNQ98;-6,00
226,00;Equatorial Guinea;1999;226;Equatorial Guinea;GNQ;411,00;Equatorial Guinea 1999;GNQ99;-6,00
226,00;Equatorial Guinea;2000;226;Equatorial Guinea;GNQ;411,00;Equatorial Guinea 2000;GNQ00;-6,00
226,00;Equatorial Guinea;2001;226;Equatorial Guinea;GNQ;411,00;Equatorial Guinea 2001;GNQ01;-6,00
226,00;Equatorial Guinea;2002;226;Equatorial Guinea;GNQ;411,00;Equatorial Guinea 2002;GNQ02;-6,00
226,00;Equatorial Guinea;2003;226;Equatorial Guinea;GNQ;411,00;Equatorial Guinea 2003;GNQ03;-6,00
226,00;Equatorial Guinea;2004;226;Equatorial Guinea;GNQ;411,00;Equatorial Guinea 2004;GNQ04;-6,00
226,00;Equatorial Guinea;2005;226;Equatorial Guinea;GNQ;411,00;Equatorial Guinea 2005;GNQ05;-6,00
226,00;Equatorial Guinea;2006;226;Equatorial Guinea;GNQ;411,00;Equatorial Guinea 2006;GNQ06;-6,00
226,00;Equatorial Guinea;2007;226;Equatorial Guinea;GNQ;411,00;Equatorial Guinea 2007;GNQ07;-6,00
226,00;Equatorial Guinea;2008;226;Equatorial Guinea;GNQ;411,00;Equatorial Guinea 2008;GNQ08;-6,00
226,00;Equatorial Guinea;2009;226;Equatorial Guinea;GNQ;411,00;Equatorial Guinea 2009;GNQ09;-6,00
226,00;Equatorial Guinea;2010;226;Equatorial Guinea;GNQ;411,00;Equatorial Guinea 2010;GNQ10;-6,00
226,00;Equatorial Guinea;2011;226;Equatorial Guinea;GNQ;411,00;Equatorial Guinea 2011;GNQ11;-6,00
226,00;Equatorial Guinea;2012;226;Equatorial Guinea;GNQ;411,00;Equatorial Guinea 2012;GNQ12;-6,00
226,00;Equatorial Guinea;2013;226;Equatorial Guinea;GNQ;411,00;Equatorial Guinea 2013;GNQ13;-6,00
226,00;Equatorial Guinea;2014;226;Equatorial Guinea;GNQ;411,00;Equatorial Guinea 2014;GNQ14;-6,00
226,00;Equatorial Guinea;2015;226;Equatorial Guinea;GNQ;411,00;Equatorial Guinea 2015;GNQ15;-6,00
226,00;Equatorial Guinea;2016;226;Equatorial Guinea;GNQ;411,00;Equatorial Guinea 2016;GNQ16;-6,00
226,00;Equatorial Guinea;2017;226;Equatorial Guinea;GNQ;411,00;Equatorial Guinea 2017;GNQ17;-6,00
226,00;Equatorial Guinea;2018;226;Equatorial Guinea;GNQ;411,00;Equatorial Guinea 2018;GNQ18;-6,00
;Ethiopia;1946;230;Ethiopia (-1992);ETH;;Ethiopia (-1992) 1946;ETH46;-9,00
;Ethiopia;1947;230;Ethiopia (-1992);ETH;;Ethiopia (-1992) 1947;ETH47;-9,00
;Ethiopia;1948;230;Ethiopia (-1992);ETH;;Ethiopia (-1992) 1948;ETH48;-9,00
;Ethiopia;1949;230;Ethiopia (-1992);ETH;;Ethiopia (-1992) 1949;ETH49;-9,00
;Ethiopia;1950;230;Ethiopia (-1992);ETH;;Ethiopia (-1992) 1950;ETH50;-9,00
;Ethiopia;1951;230;Ethiopia (-1992);ETH;;Ethiopia (-1992) 1951;ETH51;-9,00
;Ethiopia;1952;230;Ethiopia (-1992);ETH;;Ethiopia (-1992) 1952;ETH52;-9,00
;Ethiopia;1953;230;Ethiopia (-1992);ETH;;Ethiopia (-1992) 1953;ETH53;-9,00
;Ethiopia;1954;230;Ethiopia (-1992);ETH;;Ethiopia (-1992) 1954;ETH54;-9,00
;Ethiopia;1955;230;Ethiopia (-1992);ETH;;Ethiopia (-1992) 1955;ETH55;-9,00
;Ethiopia;1956;230;Ethiopia (-1992);ETH;;Ethiopia (-1992) 1956;ETH56;-9,00
;Ethiopia;1957;230;Ethiopia (-1992);ETH;;Ethiopia (-1992) 1957;ETH57;-9,00
;Ethiopia;1958;230;Ethiopia (-1992);ETH;;Ethiopia (-1992) 1958;ETH58;-9,00
;Ethiopia;1959;230;Ethiopia (-1992);ETH;;Ethiopia (-1992) 1959;ETH59;-9,00
;Ethiopia;1960;230;Ethiopia (-1992);ETH;;Ethiopia (-1992) 1960;ETH60;-9,00
;Ethiopia;1961;230;Ethiopia (-1992);ETH;;Ethiopia (-1992) 1961;ETH61;-9,00
;Ethiopia;1962;230;Ethiopia (-1992);ETH;;Ethiopia (-1992) 1962;ETH62;-9,00
;Ethiopia;1963;230;Ethiopia (-1992);ETH;;Ethiopia (-1992) 1963;ETH63;-9,00
;Ethiopia;1964;230;Ethiopia (-1992);ETH;;Ethiopia (-1992) 1964;ETH64;-9,00
;Ethiopia;1965;230;Ethiopia (-1992);ETH;;Ethiopia (-1992) 1965;ETH65;-9,00
;Ethiopia;1966;230;Ethiopia (-1992);ETH;;Ethiopia (-1992) 1966;ETH66;-9,00
;Ethiopia;1967;230;Ethiopia (-1992);ETH;;Ethiopia (-1992) 1967;ETH67;-9,00
;Ethiopia;1968;230;Ethiopia (-1992);ETH;;Ethiopia (-1992) 1968;ETH68;-9,00
;Ethiopia;1969;230;Ethiopia (-1992);ETH;;Ethiopia (-1992) 1969;ETH69;-9,00
;Ethiopia;1970;230;Ethiopia (-1992);ETH;;Ethiopia (-1992) 1970;ETH70;-9,00
;Ethiopia;1971;230;Ethiopia (-1992);ETH;;Ethiopia (-1992) 1971;ETH71;-9,00
;Ethiopia;1972;230;Ethiopia (-1992);ETH;;Ethiopia (-1992) 1972;ETH72;-9,00
;Ethiopia;1973;230;Ethiopia (-1992);ETH;;Ethiopia (-1992) 1973;ETH73;-9,00
;Ethiopia;1974;230;Ethiopia (-1992);ETH;;Ethiopia (-1992) 1974;ETH74;0,00
;Ethiopia;1975;230;Ethiopia (-1992);ETH;;Ethiopia (-1992) 1975;ETH75;-7,00
;Ethiopia;1976;230;Ethiopia (-1992);ETH;;Ethiopia (-1992) 1976;ETH76;-7,00
;Ethiopia;1977;230;Ethiopia (-1992);ETH;;Ethiopia (-1992) 1977;ETH77;-7,00
;Ethiopia;1978;230;Ethiopia (-1992);ETH;;Ethiopia (-1992) 1978;ETH78;-7,00
;Ethiopia;1979;230;Ethiopia (-1992);ETH;;Ethiopia (-1992) 1979;ETH79;-7,00
;Ethiopia;1980;230;Ethiopia (-1992);ETH;;Ethiopia (-1992) 1980;ETH80;-7,00
;Ethiopia;1981;230;Ethiopia (-1992);ETH;;Ethiopia (-1992) 1981;ETH81;-7,00
;Ethiopia;1982;230;Ethiopia (-1992);ETH;;Ethiopia (-1992) 1982;ETH82;-7,00
;Ethiopia;1983;230;Ethiopia (-1992);ETH;;Ethiopia (-1992) 1983;ETH83;-7,00
;Ethiopia;1984;230;Ethiopia (-1992);ETH;;Ethiopia (-1992) 1984;ETH84;-8,00
;Ethiopia;1985;230;Ethiopia (-1992);ETH;;Ethiopia (-1992) 1985;ETH85;-8,00
;Ethiopia;1986;230;Ethiopia (-1992);ETH;;Ethiopia (-1992) 1986;ETH86;-8,00
;Ethiopia;1987;230;Ethiopia (-1992);ETH;;Ethiopia (-1992) 1987;ETH87;-8,00
;Ethiopia;1988;230;Ethiopia (-1992);ETH;;Ethiopia (-1992) 1988;ETH88;-8,00
;Ethiopia;1989;230;Ethiopia (-1992);ETH;;Ethiopia (-1992) 1989;ETH89;-8,00
;Ethiopia;1990;230;Ethiopia (-1992);ETH;;Ethiopia (-1992) 1990;ETH90;-8,00
;Ethiopia;1991;230;Ethiopia (-1992);ETH;;Ethiopia (-1992) 1991;ETH91;0,00
;Ethiopia;1992;230;Ethiopia (-1992);ETH;;Ethiopia (-1992) 1992;ETH92;0,00
231,00;Ethiopia;1993;231;Ethiopia (1993-);ETH;530,00;Ethiopia (1993-) 1993;ETH93;1,00
231,00;Ethiopia;1994;231;Ethiopia (1993-);ETH;530,00;Ethiopia (1993-) 1994;ETH94;1,00
231,00;Ethiopia;1995;231;Ethiopia (1993-);ETH;530,00;Ethiopia (1993-) 1995;ETH95;1,00
231,00;Ethiopia;1996;231;Ethiopia (1993-);ETH;530,00;Ethiopia (1993-) 1996;ETH96;1,00
231,00;Ethiopia;1997;231;Ethiopia (1993-);ETH;530,00;Ethiopia (1993-) 1997;ETH97;1,00
231,00;Ethiopia;1998;231;Ethiopia (1993-);ETH;530,00;Ethiopia (1993-) 1998;ETH98;1,00
231,00;Ethiopia;1999;231;Ethiopia (1993-);ETH;530,00;Ethiopia (1993-) 1999;ETH99;1,00
231,00;Ethiopia;2000;231;Ethiopia (1993-);ETH;530,00;Ethiopia (1993-) 2000;ETH00;1,00
231,00;Ethiopia;2001;231;Ethiopia (1993-);ETH;530,00;Ethiopia (1993-) 2001;ETH01;1,00
231,00;Ethiopia;2002;231;Ethiopia (1993-);ETH;530,00;Ethiopia (1993-) 2002;ETH02;1,00
231,00;Ethiopia;2003;231;Ethiopia (1993-);ETH;530,00;Ethiopia (1993-) 2003;ETH03;1,00
231,00;Ethiopia;2004;231;Ethiopia (1993-);ETH;530,00;Ethiopia (1993-) 2004;ETH04;1,00
231,00;Ethiopia;2005;231;Ethiopia (1993-);ETH;530,00;Ethiopia (1993-) 2005;ETH05;-3,00
231,00;Ethiopia;2006;231;Ethiopia (1993-);ETH;530,00;Ethiopia (1993-) 2006;ETH06;-3,00
231,00;Ethiopia;2007;231;Ethiopia (1993-);ETH;530,00;Ethiopia (1993-) 2007;ETH07;-3,00
231,00;Ethiopia;2008;231;Ethiopia (1993-);ETH;530,00;Ethiopia (1993-) 2008;ETH08;-3,00
231,00;Ethiopia;2009;231;Ethiopia (1993-);ETH;530,00;Ethiopia (1993-) 2009;ETH09;-3,00
231,00;Ethiopia;2010;231;Ethiopia (1993-);ETH;530,00;Ethiopia (1993-) 2010;ETH10;-3,00
231,00;Ethiopia;2011;231;Ethiopia (1993-);ETH;530,00;Ethiopia (1993-) 2011;ETH11;-3,00
231,00;Ethiopia;2012;231;Ethiopia (1993-);ETH;530,00;Ethiopia (1993-) 2012;ETH12;-3,00
231,00;Ethiopia;2013;231;Ethiopia (1993-);ETH;530,00;Ethiopia (1993-) 2013;ETH13;-3,00
231,00;Ethiopia;2014;231;Ethiopia (1993-);ETH;530,00;Ethiopia (1993-) 2014;ETH14;-3,00
231,00;Ethiopia;2015;231;Ethiopia (1993-);ETH;530,00;Ethiopia (1993-) 2015;ETH15;-3,00
231,00;Ethiopia;2016;231;Ethiopia (1993-);ETH;530,00;Ethiopia (1993-) 2016;ETH16;-3,00
231,00;Ethiopia;2017;231;Ethiopia (1993-);ETH;530,00;Ethiopia (1993-) 2017;ETH17;-3,00
231,00;Ethiopia;2018;231;Ethiopia (1993-);ETH;530,00;Ethiopia (1993-) 2018;ETH18;1,00
232,00;Eritrea;1993;232;Eritrea;ERI;531,00;Eritrea 1993;ERI93;-6,00
232,00;Eritrea;1994;232;Eritrea;ERI;531,00;Eritrea 1994;ERI94;-6,00
232,00;Eritrea;1995;232;Eritrea;ERI;531,00;Eritrea 1995;ERI95;-6,00
232,00;Eritrea;1996;232;Eritrea;ERI;531,00;Eritrea 1996;ERI96;-6,00
232,00;Eritrea;1997;232;Eritrea;ERI;531,00;Eritrea 1997;ERI97;-6,00
232,00;Eritrea;1998;232;Eritrea;ERI;531,00;Eritrea 1998;ERI98;-6,00
232,00;Eritrea;1999;232;Eritrea;ERI;531,00;Eritrea 1999;ERI99;-6,00
232,00;Eritrea;2000;232;Eritrea;ERI;531,00;Eritrea 2000;ERI00;-6,00
232,00;Eritrea;2001;232;Eritrea;ERI;531,00;Eritrea 2001;ERI01;-7,00
232,00;Eritrea;2002;232;Eritrea;ERI;531,00;Eritrea 2002;ERI02;-7,00
232,00;Eritrea;2003;232;Eritrea;ERI;531,00;Eritrea 2003;ERI03;-7,00
232,00;Eritrea;2004;232;Eritrea;ERI;531,00;Eritrea 2004;ERI04;-7,00
232,00;Eritrea;2005;232;Eritrea;ERI;531,00;Eritrea 2005;ERI05;-7,00
232,00;Eritrea;2006;232;Eritrea;ERI;531,00;Eritrea 2006;ERI06;-7,00
232,00;Eritrea;2007;232;Eritrea;ERI;531,00;Eritrea 2007;ERI07;-7,00
232,00;Eritrea;2008;232;Eritrea;ERI;531,00;Eritrea 2008;ERI08;-7,00
232,00;Eritrea;2009;232;Eritrea;ERI;531,00;Eritrea 2009;ERI09;-7,00
232,00;Eritrea;2010;232;Eritrea;ERI;531,00;Eritrea 2010;ERI10;-7,00
232,00;Eritrea;2011;232;Eritrea;ERI;531,00;Eritrea 2011;ERI11;-7,00
232,00;Eritrea;2012;232;Eritrea;ERI;531,00;Eritrea 2012;ERI12;-7,00
232,00;Eritrea;2013;232;Eritrea;ERI;531,00;Eritrea 2013;ERI13;-7,00
232,00;Eritrea;2014;232;Eritrea;ERI;531,00;Eritrea 2014;ERI14;-7,00
232,00;Eritrea;2015;232;Eritrea;ERI;531,00;Eritrea 2015;ERI15;-7,00
232,00;Eritrea;2016;232;Eritrea;ERI;531,00;Eritrea 2016;ERI16;-7,00
232,00;Eritrea;2017;232;Eritrea;ERI;531,00;Eritrea 2017;ERI17;-7,00
232,00;Eritrea;2018;232;Eritrea;ERI;531,00;Eritrea 2018;ERI18;-7,00
233,00;Estonia;1992;233;Estonia;EST;366,00;Estonia 1992;EST92;6,00
233,00;Estonia;1993;233;Estonia;EST;366,00;Estonia 1993;EST93;6,00
233,00;Estonia;1994;233;Estonia;EST;366,00;Estonia 1994;EST94;6,00
233,00;Estonia;1995;233;Estonia;EST;366,00;Estonia 1995;EST95;6,00
233,00;Estonia;1996;233;Estonia;EST;366,00;Estonia 1996;EST96;6,00
233,00;Estonia;1997;233;Estonia;EST;366,00;Estonia 1997;EST97;6,00
233,00;Estonia;1998;233;Estonia;EST;366,00;Estonia 1998;EST98;6,00
233,00;Estonia;1999;233;Estonia;EST;366,00;Estonia 1999;EST99;7,00
233,00;Estonia;2000;233;Estonia;EST;366,00;Estonia 2000;EST00;9,00
233,00;Estonia;2001;233;Estonia;EST;366,00;Estonia 2001;EST01;9,00
233,00;Estonia;2002;233;Estonia;EST;366,00;Estonia 2002;EST02;9,00
233,00;Estonia;2003;233;Estonia;EST;366,00;Estonia 2003;EST03;9,00
233,00;Estonia;2004;233;Estonia;EST;366,00;Estonia 2004;EST04;9,00
233,00;Estonia;2005;233;Estonia;EST;366,00;Estonia 2005;EST05;9,00
233,00;Estonia;2006;233;Estonia;EST;366,00;Estonia 2006;EST06;9,00
233,00;Estonia;2007;233;Estonia;EST;366,00;Estonia 2007;EST07;9,00
233,00;Estonia;2008;233;Estonia;EST;366,00;Estonia 2008;EST08;9,00
233,00;Estonia;2009;233;Estonia;EST;366,00;Estonia 2009;EST09;9,00
233,00;Estonia;2010;233;Estonia;EST;366,00;Estonia 2010;EST10;9,00
233,00;Estonia;2011;233;Estonia;EST;366,00;Estonia 2011;EST11;9,00
233,00;Estonia;2012;233;Estonia;EST;366,00;Estonia 2012;EST12;9,00
233,00;Estonia;2013;233;Estonia;EST;366,00;Estonia 2013;EST13;9,00
233,00;Estonia;2014;233;Estonia;EST;366,00;Estonia 2014;EST14;9,00
233,00;Estonia;2015;233;Estonia;EST;366,00;Estonia 2015;EST15;9,00
233,00;Estonia;2016;233;Estonia;EST;366,00;Estonia 2016;EST16;9,00
233,00;Estonia;2017;233;Estonia;EST;366,00;Estonia 2017;EST17;9,00
233,00;Estonia;2018;233;Estonia;EST;366,00;Estonia 2018;EST18;9,00
242,00;Fiji;1971;242;Fiji;FJI;950,00;Fiji 1971;FJI71;6,00
242,00;Fiji;1972;242;Fiji;FJI;950,00;Fiji 1972;FJI72;6,00
242,00;Fiji;1973;242;Fiji;FJI;950,00;Fiji 1973;FJI73;6,00
242,00;Fiji;1974;242;Fiji;FJI;950,00;Fiji 1974;FJI74;6,00
242,00;Fiji;1975;242;Fiji;FJI;950,00;Fiji 1975;FJI75;6,00
242,00;Fiji;1976;242;Fiji;FJI;950,00;Fiji 1976;FJI76;6,00
242,00;Fiji;1977;242;Fiji;FJI;950,00;Fiji 1977;FJI77;6,00
242,00;Fiji;1978;242;Fiji;FJI;950,00;Fiji 1978;FJI78;6,00
242,00;Fiji;1979;242;Fiji;FJI;950,00;Fiji 1979;FJI79;6,00
242,00;Fiji;1980;242;Fiji;FJI;950,00;Fiji 1980;FJI80;6,00
242,00;Fiji;1981;242;Fiji;FJI;950,00;Fiji 1981;FJI81;6,00
242,00;Fiji;1982;242;Fiji;FJI;950,00;Fiji 1982;FJI82;6,00
242,00;Fiji;1983;242;Fiji;FJI;950,00;Fiji 1983;FJI83;6,00
242,00;Fiji;1984;242;Fiji;FJI;950,00;Fiji 1984;FJI84;6,00
242,00;Fiji;1985;242;Fiji;FJI;950,00;Fiji 1985;FJI85;6,00
242,00;Fiji;1986;242;Fiji;FJI;950,00;Fiji 1986;FJI86;6,00
242,00;Fiji;1987;242;Fiji;FJI;950,00;Fiji 1987;FJI87;-1,00
242,00;Fiji;1988;242;Fiji;FJI;950,00;Fiji 1988;FJI88;-1,00
242,00;Fiji;1989;242;Fiji;FJI;950,00;Fiji 1989;FJI89;-1,00
242,00;Fiji;1990;242;Fiji;FJI;950,00;Fiji 1990;FJI90;5,00
242,00;Fiji;1991;242;Fiji;FJI;950,00;Fiji 1991;FJI91;5,00
242,00;Fiji;1992;242;Fiji;FJI;950,00;Fiji 1992;FJI92;5,00
242,00;Fiji;1993;242;Fiji;FJI;950,00;Fiji 1993;FJI93;5,00
242,00;Fiji;1994;242;Fiji;FJI;950,00;Fiji 1994;FJI94;5,00
242,00;Fiji;1995;242;Fiji;FJI;950,00;Fiji 1995;FJI95;5,00
242,00;Fiji;1996;242;Fiji;FJI;950,00;Fiji 1996;FJI96;5,00
242,00;Fiji;1997;242;Fiji;FJI;950,00;Fiji 1997;FJI97;5,00
242,00;Fiji;1998;242;Fiji;FJI;950,00;Fiji 1998;FJI98;6,00
242,00;Fiji;1999;242;Fiji;FJI;950,00;Fiji 1999;FJI99;8,00
242,00;Fiji;2000;242;Fiji;FJI;950,00;Fiji 2000;FJI00;6,00
242,00;Fiji;2001;242;Fiji;FJI;950,00;Fiji 2001;FJI01;5,00
242,00;Fiji;2002;242;Fiji;FJI;950,00;Fiji 2002;FJI02;5,00
242,00;Fiji;2003;242;Fiji;FJI;950,00;Fiji 2003;FJI03;5,00
242,00;Fiji;2004;242;Fiji;FJI;950,00;Fiji 2004;FJI04;6,00
242,00;Fiji;2005;242;Fiji;FJI;950,00;Fiji 2005;FJI05;6,00
242,00;Fiji;2006;242;Fiji;FJI;950,00;Fiji 2006;FJI06;-3,00
242,00;Fiji;2007;242;Fiji;FJI;950,00;Fiji 2007;FJI07;-4,00
242,00;Fiji;2008;242;Fiji;FJI;950,00;Fiji 2008;FJI08;-4,00
242,00;Fiji;2009;242;Fiji;FJI;950,00;Fiji 2009;FJI09;-4,00
242,00;Fiji;2010;242;Fiji;FJI;950,00;Fiji 2010;FJI10;-4,00
242,00;Fiji;2011;242;Fiji;FJI;950,00;Fiji 2011;FJI11;-4,00
242,00;Fiji;2012;242;Fiji;FJI;950,00;Fiji 2012;FJI12;-4,00
242,00;Fiji;2013;242;Fiji;FJI;950,00;Fiji 2013;FJI13;-4,00
242,00;Fiji;2014;242;Fiji;FJI;950,00;Fiji 2014;FJI14;2,00
242,00;Fiji;2015;242;Fiji;FJI;950,00;Fiji 2015;FJI15;2,00
242,00;Fiji;2016;242;Fiji;FJI;950,00;Fiji 2016;FJI16;2,00
242,00;Fiji;2017;242;Fiji;FJI;950,00;Fiji 2017;FJI17;2,00
242,00;Fiji;2018;242;Fiji;FJI;950,00;Fiji 2018;FJI18;2,00
246,00;Finland;1946;246;Finland;FIN;375,00;Finland 1946;FIN46;10,00
246,00;Finland;1947;246;Finland;FIN;375,00;Finland 1947;FIN47;10,00
246,00;Finland;1948;246;Finland;FIN;375,00;Finland 1948;FIN48;10,00
246,00;Finland;1949;246;Finland;FIN;375,00;Finland 1949;FIN49;10,00
246,00;Finland;1950;246;Finland;FIN;375,00;Finland 1950;FIN50;10,00
246,00;Finland;1951;246;Finland;FIN;375,00;Finland 1951;FIN51;10,00
246,00;Finland;1952;246;Finland;FIN;375,00;Finland 1952;FIN52;10,00
246,00;Finland;1953;246;Finland;FIN;375,00;Finland 1953;FIN53;10,00
246,00;Finland;1954;246;Finland;FIN;375,00;Finland 1954;FIN54;10,00
246,00;Finland;1955;246;Finland;FIN;375,00;Finland 1955;FIN55;10,00
246,00;Finland;1956;246;Finland;FIN;375,00;Finland 1956;FIN56;10,00
246,00;Finland;1957;246;Finland;FIN;375,00;Finland 1957;FIN57;10,00
246,00;Finland;1958;246;Finland;FIN;375,00;Finland 1958;FIN58;10,00
246,00;Finland;1959;246;Finland;FIN;375,00;Finland 1959;FIN59;10,00
246,00;Finland;1960;246;Finland;FIN;375,00;Finland 1960;FIN60;10,00
246,00;Finland;1961;246;Finland;FIN;375,00;Finland 1961;FIN61;10,00
246,00;Finland;1962;246;Finland;FIN;375,00;Finland 1962;FIN62;10,00
246,00;Finland;1963;246;Finland;FIN;375,00;Finland 1963;FIN63;10,00
246,00;Finland;1964;246;Finland;FIN;375,00;Finland 1964;FIN64;10,00
246,00;Finland;1965;246;Finland;FIN;375,00;Finland 1965;FIN65;10,00
246,00;Finland;1966;246;Finland;FIN;375,00;Finland 1966;FIN66;10,00
246,00;Finland;1967;246;Finland;FIN;375,00;Finland 1967;FIN67;10,00
246,00;Finland;1968;246;Finland;FIN;375,00;Finland 1968;FIN68;10,00
246,00;Finland;1969;246;Finland;FIN;375,00;Finland 1969;FIN69;10,00
246,00;Finland;1970;246;Finland;FIN;375,00;Finland 1970;FIN70;10,00
246,00;Finland;1971;246;Finland;FIN;375,00;Finland 1971;FIN71;10,00
246,00;Finland;1972;246;Finland;FIN;375,00;Finland 1972;FIN72;10,00
246,00;Finland;1973;246;Finland;FIN;375,00;Finland 1973;FIN73;10,00
246,00;Finland;1974;246;Finland;FIN;375,00;Finland 1974;FIN74;10,00
246,00;Finland;1975;246;Finland;FIN;375,00;Finland 1975;FIN75;10,00
246,00;Finland;1976;246;Finland;FIN;375,00;Finland 1976;FIN76;10,00
246,00;Finland;1977;246;Finland;FIN;375,00;Finland 1977;FIN77;10,00
246,00;Finland;1978;246;Finland;FIN;375,00;Finland 1978;FIN78;10,00
246,00;Finland;1979;246;Finland;FIN;375,00;Finland 1979;FIN79;10,00
246,00;Finland;1980;246;Finland;FIN;375,00;Finland 1980;FIN80;10,00
246,00;Finland;1981;246;Finland;FIN;375,00;Finland 1981;FIN81;10,00
246,00;Finland;1982;246;Finland;FIN;375,00;Finland 1982;FIN82;10,00
246,00;Finland;1983;246;Finland;FIN;375,00;Finland 1983;FIN83;10,00
246,00;Finland;1984;246;Finland;FIN;375,00;Finland 1984;FIN84;10,00
246,00;Finland;1985;246;Finland;FIN;375,00;Finland 1985;FIN85;10,00
246,00;Finland;1986;246;Finland;FIN;375,00;Finland 1986;FIN86;10,00
246,00;Finland;1987;246;Finland;FIN;375,00;Finland 1987;FIN87;10,00
246,00;Finland;1988;246;Finland;FIN;375,00;Finland 1988;FIN88;10,00
246,00;Finland;1989;246;Finland;FIN;375,00;Finland 1989;FIN89;10,00
246,00;Finland;1990;246;Finland;FIN;375,00;Finland 1990;FIN90;10,00
246,00;Finland;1991;246;Finland;FIN;375,00;Finland 1991;FIN91;10,00
246,00;Finland;1992;246;Finland;FIN;375,00;Finland 1992;FIN92;10,00
246,00;Finland;1993;246;Finland;FIN;375,00;Finland 1993;FIN93;10,00
246,00;Finland;1994;246;Finland;FIN;375,00;Finland 1994;FIN94;10,00
246,00;Finland;1995;246;Finland;FIN;375,00;Finland 1995;FIN95;10,00
246,00;Finland;1996;246;Finland;FIN;375,00;Finland 1996;FIN96;10,00
246,00;Finland;1997;246;Finland;FIN;375,00;Finland 1997;FIN97;10,00
246,00;Finland;1998;246;Finland;FIN;375,00;Finland 1998;FIN98;10,00
246,00;Finland;1999;246;Finland;FIN;375,00;Finland 1999;FIN99;10,00
246,00;Finland;2000;246;Finland;FIN;375,00;Finland 2000;FIN00;10,00
246,00;Finland;2001;246;Finland;FIN;375,00;Finland 2001;FIN01;10,00
246,00;Finland;2002;246;Finland;FIN;375,00;Finland 2002;FIN02;10,00
246,00;Finland;2003;246;Finland;FIN;375,00;Finland 2003;FIN03;10,00
246,00;Finland;2004;246;Finland;FIN;375,00;Finland 2004;FIN04;10,00
246,00;Finland;2005;246;Finland;FIN;375,00;Finland 2005;FIN05;10,00
246,00;Finland;2006;246;Finland;FIN;375,00;Finland 2006;FIN06;10,00
246,00;Finland;2007;246;Finland;FIN;375,00;Finland 2007;FIN07;10,00
246,00;Finland;2008;246;Finland;FIN;375,00;Finland 2008;FIN08;10,00
246,00;Finland;2009;246;Finland;FIN;375,00;Finland 2009;FIN09;10,00
246,00;Finland;2010;246;Finland;FIN;375,00;Finland 2010;FIN10;10,00
246,00;Finland;2011;246;Finland;FIN;375,00;Finland 2011;FIN11;10,00
246,00;Finland;2012;246;Finland;FIN;375,00;Finland 2012;FIN12;10,00
246,00;Finland;2013;246;Finland;FIN;375,00;Finland 2013;FIN13;10,00
246,00;Finland;2014;246;Finland;FIN;375,00;Finland 2014;FIN14;10,00
246,00;Finland;2015;246;Finland;FIN;375,00;Finland 2015;FIN15;10,00
246,00;Finland;2016;246;Finland;FIN;375,00;Finland 2016;FIN16;10,00
246,00;Finland;2017;246;Finland;FIN;375,00;Finland 2017;FIN17;10,00
246,00;Finland;2018;246;Finland;FIN;375,00;Finland 2018;FIN18;10,00
250,00;France;1963;250;France (1963-);FRA;220,00;France (1963-) 1963;FRA63;4,00
250,00;France;1964;250;France (1963-);FRA;220,00;France (1963-) 1964;FRA64;4,00
250,00;France;1965;250;France (1963-);FRA;220,00;France (1963-) 1965;FRA65;7,00
250,00;France;1966;250;France (1963-);FRA;220,00;France (1963-) 1966;FRA66;7,00
250,00;France;1967;250;France (1963-);FRA;220,00;France (1963-) 1967;FRA67;7,00
250,00;France;1968;250;France (1963-);FRA;220,00;France (1963-) 1968;FRA68;7,00
250,00;France;1969;250;France (1963-);FRA;220,00;France (1963-) 1969;FRA69;9,00
250,00;France;1970;250;France (1963-);FRA;220,00;France (1963-) 1970;FRA70;9,00
250,00;France;1971;250;France (1963-);FRA;220,00;France (1963-) 1971;FRA71;9,00
250,00;France;1972;250;France (1963-);FRA;220,00;France (1963-) 1972;FRA72;9,00
250,00;France;1973;250;France (1963-);FRA;220,00;France (1963-) 1973;FRA73;9,00
250,00;France;1974;250;France (1963-);FRA;220,00;France (1963-) 1974;FRA74;9,00
250,00;France;1975;250;France (1963-);FRA;220,00;France (1963-) 1975;FRA75;9,00
250,00;France;1976;250;France (1963-);FRA;220,00;France (1963-) 1976;FRA76;9,00
250,00;France;1977;250;France (1963-);FRA;220,00;France (1963-) 1977;FRA77;9,00
250,00;France;1978;250;France (1963-);FRA;220,00;France (1963-) 1978;FRA78;9,00
250,00;France;1979;250;France (1963-);FRA;220,00;France (1963-) 1979;FRA79;9,00
250,00;France;1980;250;France (1963-);FRA;220,00;France (1963-) 1980;FRA80;9,00
250,00;France;1981;250;France (1963-);FRA;220,00;France (1963-) 1981;FRA81;9,00
250,00;France;1982;250;France (1963-);FRA;220,00;France (1963-) 1982;FRA82;9,00
250,00;France;1983;250;France (1963-);FRA;220,00;France (1963-) 1983;FRA83;9,00
250,00;France;1984;250;France (1963-);FRA;220,00;France (1963-) 1984;FRA84;9,00
250,00;France;1985;250;France (1963-);FRA;220,00;France (1963-) 1985;FRA85;9,00
250,00;France;1986;250;France (1963-);FRA;220,00;France (1963-) 1986;FRA86;10,00
250,00;France;1987;250;France (1963-);FRA;220,00;France (1963-) 1987;FRA87;10,00
250,00;France;1988;250;France (1963-);FRA;220,00;France (1963-) 1988;FRA88;10,00
250,00;France;1989;250;France (1963-);FRA;220,00;France (1963-) 1989;FRA89;10,00
250,00;France;1990;250;France (1963-);FRA;220,00;France (1963-) 1990;FRA90;10,00
250,00;France;1991;250;France (1963-);FRA;220,00;France (1963-) 1991;FRA91;10,00
250,00;France;1992;250;France (1963-);FRA;220,00;France (1963-) 1992;FRA92;10,00
250,00;France;1993;250;France (1963-);FRA;220,00;France (1963-) 1993;FRA93;10,00
250,00;France;1994;250;France (1963-);FRA;220,00;France (1963-) 1994;FRA94;10,00
250,00;France;1995;250;France (1963-);FRA;220,00;France (1963-) 1995;FRA95;10,00
250,00;France;1996;250;France (1963-);FRA;220,00;France (1963-) 1996;FRA96;10,00
250,00;France;1997;250;France (1963-);FRA;220,00;France (1963-) 1997;FRA97;10,00
250,00;France;1998;250;France (1963-);FRA;220,00;France (1963-) 1998;FRA98;10,00
250,00;France;1999;250;France (1963-);FRA;220,00;France (1963-) 1999;FRA99;10,00
250,00;France;2000;250;France (1963-);FRA;220,00;France (1963-) 2000;FRA00;10,00
250,00;France;2001;250;France (1963-);FRA;220,00;France (1963-) 2001;FRA01;10,00
250,00;France;2002;250;France (1963-);FRA;220,00;France (1963-) 2002;FRA02;10,00
250,00;France;2003;250;France (1963-);FRA;220,00;France (1963-) 2003;FRA03;10,00
250,00;France;2004;250;France (1963-);FRA;220,00;France (1963-) 2004;FRA04;10,00
250,00;France;2005;250;France (1963-);FRA;220,00;France (1963-) 2005;FRA05;10,00
250,00;France;2006;250;France (1963-);FRA;220,00;France (1963-) 2006;FRA06;10,00
250,00;France;2007;250;France (1963-);FRA;220,00;France (1963-) 2007;FRA07;10,00
250,00;France;2008;250;France (1963-);FRA;220,00;France (1963-) 2008;FRA08;10,00
250,00;France;2009;250;France (1963-);FRA;220,00;France (1963-) 2009;FRA09;10,00
250,00;France;2010;250;France (1963-);FRA;220,00;France (1963-) 2010;FRA10;10,00
250,00;France;2011;250;France (1963-);FRA;220,00;France (1963-) 2011;FRA11;10,00
250,00;France;2012;250;France (1963-);FRA;220,00;France (1963-) 2012;FRA12;10,00
250,00;France;2013;250;France (1963-);FRA;220,00;France (1963-) 2013;FRA13;10,00
250,00;France;2014;250;France (1963-);FRA;220,00;France (1963-) 2014;FRA14;10,00
250,00;France;2015;250;France (1963-);FRA;220,00;France (1963-) 2015;FRA15;10,00
250,00;France;2016;250;France (1963-);FRA;220,00;France (1963-) 2016;FRA16;10,00
250,00;France;2017;250;France (1963-);FRA;220,00;France (1963-) 2017;FRA17;10,00
250,00;France;2018;250;France (1963-);FRA;220,00;France (1963-) 2018;FRA18;10,00
262,00;Djibouti;1977;262;Djibouti;DJI;522,00;Djibouti 1977;DJI77;-8,00
262,00;Djibouti;1978;262;Djibouti;DJI;522,00;Djibouti 1978;DJI78;-8,00
262,00;Djibouti;1979;262;Djibouti;DJI;522,00;Djibouti 1979;DJI79;-8,00
262,00;Djibouti;1980;262;Djibouti;DJI;522,00;Djibouti 1980;DJI80;-8,00
262,00;Djibouti;1981;262;Djibouti;DJI;522,00;Djibouti 1981;DJI81;-8,00
262,00;Djibouti;1982;262;Djibouti;DJI;522,00;Djibouti 1982;DJI82;-8,00
262,00;Djibouti;1983;262;Djibouti;DJI;522,00;Djibouti 1983;DJI83;-8,00
262,00;Djibouti;1984;262;Djibouti;DJI;522,00;Djibouti 1984;DJI84;-8,00
262,00;Djibouti;1985;262;Djibouti;DJI;522,00;Djibouti 1985;DJI85;-8,00
262,00;Djibouti;1986;262;Djibouti;DJI;522,00;Djibouti 1986;DJI86;-8,00
262,00;Djibouti;1987;262;Djibouti;DJI;522,00;Djibouti 1987;DJI87;-8,00
262,00;Djibouti;1988;262;Djibouti;DJI;522,00;Djibouti 1988;DJI88;-8,00
262,00;Djibouti;1989;262;Djibouti;DJI;522,00;Djibouti 1989;DJI89;-8,00
262,00;Djibouti;1990;262;Djibouti;DJI;522,00;Djibouti 1990;DJI90;-8,00
262,00;Djibouti;1991;262;Djibouti;DJI;522,00;Djibouti 1991;DJI91;-8,00
262,00;Djibouti;1992;262;Djibouti;DJI;522,00;Djibouti 1992;DJI92;-7,00
262,00;Djibouti;1993;262;Djibouti;DJI;522,00;Djibouti 1993;DJI93;-7,00
262,00;Djibouti;1994;262;Djibouti;DJI;522,00;Djibouti 1994;DJI94;-7,00
262,00;Djibouti;1995;262;Djibouti;DJI;522,00;Djibouti 1995;DJI95;-7,00
262,00;Djibouti;1996;262;Djibouti;DJI;522,00;Djibouti 1996;DJI96;-6,00
262,00;Djibouti;1997;262;Djibouti;DJI;522,00;Djibouti 1997;DJI97;-6,00
262,00;Djibouti;1998;262;Djibouti;DJI;522,00;Djibouti 1998;DJI98;-6,00
262,00;Djibouti;1999;262;Djibouti;DJI;522,00;Djibouti 1999;DJI99;1,00
262,00;Djibouti;2000;262;Djibouti;DJI;522,00;Djibouti 2000;DJI00;1,00
262,00;Djibouti;2001;262;Djibouti;DJI;522,00;Djibouti 2001;DJI01;1,00
262,00;Djibouti;2002;262;Djibouti;DJI;522,00;Djibouti 2002;DJI02;1,00
262,00;Djibouti;2003;262;Djibouti;DJI;522,00;Djibouti 2003;DJI03;1,00
262,00;Djibouti;2004;262;Djibouti;DJI;522,00;Djibouti 2004;DJI04;1,00
262,00;Djibouti;2005;262;Djibouti;DJI;522,00;Djibouti 2005;DJI05;2,00
262,00;Djibouti;2006;262;Djibouti;DJI;522,00;Djibouti 2006;DJI06;2,00
262,00;Djibouti;2007;262;Djibouti;DJI;522,00;Djibouti 2007;DJI07;2,00
262,00;Djibouti;2008;262;Djibouti;DJI;522,00;Djibouti 2008;DJI08;2,00
262,00;Djibouti;2009;262;Djibouti;DJI;522,00;Djibouti 2009;DJI09;2,00
262,00;Djibouti;2010;262;Djibouti;DJI;522,00;Djibouti 2010;DJI10;2,00
262,00;Djibouti;2011;262;Djibouti;DJI;522,00;Djibouti 2011;DJI11;2,00
262,00;Djibouti;2012;262;Djibouti;DJI;522,00;Djibouti 2012;DJI12;2,00
262,00;Djibouti;2013;262;Djibouti;DJI;522,00;Djibouti 2013;DJI13;3,00
262,00;Djibouti;2014;262;Djibouti;DJI;522,00;Djibouti 2014;DJI14;3,00
262,00;Djibouti;2015;262;Djibouti;DJI;522,00;Djibouti 2015;DJI15;3,00
262,00;Djibouti;2016;262;Djibouti;DJI;522,00;Djibouti 2016;DJI16;3,00
262,00;Djibouti;2017;262;Djibouti;DJI;522,00;Djibouti 2017;DJI17;3,00
262,00;Djibouti;2018;262;Djibouti;DJI;522,00;Djibouti 2018;DJI18;3,00
266,00;Gabon;1960;266;Gabon;GAB;481,00;Gabon 1960;GAB60;-7,00
266,00;Gabon;1961;266;Gabon;GAB;481,00;Gabon 1961;GAB61;-7,00
266,00;Gabon;1962;266;Gabon;GAB;481,00;Gabon 1962;GAB62;-7,00
266,00;Gabon;1963;266;Gabon;GAB;481,00;Gabon 1963;GAB63;-7,00
266,00;Gabon;1964;266;Gabon;GAB;481,00;Gabon 1964;GAB64;-7,00
266,00;Gabon;1965;266;Gabon;GAB;481,00;Gabon 1965;GAB65;-7,00
266,00;Gabon;1966;266;Gabon;GAB;481,00;Gabon 1966;GAB66;-7,00
266,00;Gabon;1967;266;Gabon;GAB;481,00;Gabon 1967;GAB67;-7,00
266,00;Gabon;1968;266;Gabon;GAB;481,00;Gabon 1968;GAB68;-9,00
266,00;Gabon;1969;266;Gabon;GAB;481,00;Gabon 1969;GAB69;-9,00
266,00;Gabon;1970;266;Gabon;GAB;481,00;Gabon 1970;GAB70;-9,00
266,00;Gabon;1971;266;Gabon;GAB;481,00;Gabon 1971;GAB71;-9,00
266,00;Gabon;1972;266;Gabon;GAB;481,00;Gabon 1972;GAB72;-9,00
266,00;Gabon;1973;266;Gabon;GAB;481,00;Gabon 1973;GAB73;-9,00
266,00;Gabon;1974;266;Gabon;GAB;481,00;Gabon 1974;GAB74;-9,00
266,00;Gabon;1975;266;Gabon;GAB;481,00;Gabon 1975;GAB75;-9,00
266,00;Gabon;1976;266;Gabon;GAB;481,00;Gabon 1976;GAB76;-9,00
266,00;Gabon;1977;266;Gabon;GAB;481,00;Gabon 1977;GAB77;-9,00
266,00;Gabon;1978;266;Gabon;GAB;481,00;Gabon 1978;GAB78;-9,00
266,00;Gabon;1979;266;Gabon;GAB;481,00;Gabon 1979;GAB79;-9,00
266,00;Gabon;1980;266;Gabon;GAB;481,00;Gabon 1980;GAB80;-9,00
266,00;Gabon;1981;266;Gabon;GAB;481,00;Gabon 1981;GAB81;-9,00
266,00;Gabon;1982;266;Gabon;GAB;481,00;Gabon 1982;GAB82;-9,00
266,00;Gabon;1983;266;Gabon;GAB;481,00;Gabon 1983;GAB83;-9,00
266,00;Gabon;1984;266;Gabon;GAB;481,00;Gabon 1984;GAB84;-9,00
266,00;Gabon;1985;266;Gabon;GAB;481,00;Gabon 1985;GAB85;-9,00
266,00;Gabon;1986;266;Gabon;GAB;481,00;Gabon 1986;GAB86;-9,00
266,00;Gabon;1987;266;Gabon;GAB;481,00;Gabon 1987;GAB87;-9,00
266,00;Gabon;1988;266;Gabon;GAB;481,00;Gabon 1988;GAB88;-9,00
266,00;Gabon;1989;266;Gabon;GAB;481,00;Gabon 1989;GAB89;-9,00
266,00;Gabon;1990;266;Gabon;GAB;481,00;Gabon 1990;GAB90;-6,00
266,00;Gabon;1991;266;Gabon;GAB;481,00;Gabon 1991;GAB91;-4,00
266,00;Gabon;1992;266;Gabon;GAB;481,00;Gabon 1992;GAB92;-4,00
266,00;Gabon;1993;266;Gabon;GAB;481,00;Gabon 1993;GAB93;-4,00
266,00;Gabon;1994;266;Gabon;GAB;481,00;Gabon 1994;GAB94;-4,00
266,00;Gabon;1995;266;Gabon;GAB;481,00;Gabon 1995;GAB95;-4,00
266,00;Gabon;1996;266;Gabon;GAB;481,00;Gabon 1996;GAB96;-4,00
266,00;Gabon;1997;266;Gabon;GAB;481,00;Gabon 1997;GAB97;-4,00
266,00;Gabon;1998;266;Gabon;GAB;481,00;Gabon 1998;GAB98;-4,00
266,00;Gabon;1999;266;Gabon;GAB;481,00;Gabon 1999;GAB99;-4,00
266,00;Gabon;2000;266;Gabon;GAB;481,00;Gabon 2000;GAB00;-4,00
266,00;Gabon;2001;266;Gabon;GAB;481,00;Gabon 2001;GAB01;-4,00
266,00;Gabon;2002;266;Gabon;GAB;481,00;Gabon 2002;GAB02;-4,00
266,00;Gabon;2003;266;Gabon;GAB;481,00;Gabon 2003;GAB03;-4,00
266,00;Gabon;2004;266;Gabon;GAB;481,00;Gabon 2004;GAB04;-4,00
266,00;Gabon;2005;266;Gabon;GAB;481,00;Gabon 2005;GAB05;-4,00
266,00;Gabon;2006;266;Gabon;GAB;481,00;Gabon 2006;GAB06;-4,00
266,00;Gabon;2007;266;Gabon;GAB;481,00;Gabon 2007;GAB07;-4,00
266,00;Gabon;2008;266;Gabon;GAB;481,00;Gabon 2008;GAB08;-4,00
266,00;Gabon;2009;266;Gabon;GAB;481,00;Gabon 2009;GAB09;3,00
266,00;Gabon;2010;266;Gabon;GAB;481,00;Gabon 2010;GAB10;3,00
266,00;Gabon;2011;266;Gabon;GAB;481,00;Gabon 2011;GAB11;3,00
266,00;Gabon;2012;266;Gabon;GAB;481,00;Gabon 2012;GAB12;3,00
266,00;Gabon;2013;266;Gabon;GAB;481,00;Gabon 2013;GAB13;3,00
266,00;Gabon;2014;266;Gabon;GAB;481,00;Gabon 2014;GAB14;3,00
266,00;Gabon;2015;266;Gabon;GAB;481,00;Gabon 2015;GAB15;3,00
266,00;Gabon;2016;266;Gabon;GAB;481,00;Gabon 2016;GAB16;3,00
266,00;Gabon;2017;266;Gabon;GAB;481,00;Gabon 2017;GAB17;3,00
266,00;Gabon;2018;266;Gabon;GAB;481,00;Gabon 2018;GAB18;3,00
268,00;Georgia;1992;268;Georgia;GEO;372,00;Georgia 1992;GEO92;0,00
268,00;Georgia;1993;268;Georgia;GEO;372,00;Georgia 1993;GEO93;0,00
268,00;Georgia;1994;268;Georgia;GEO;372,00;Georgia 1994;GEO94;2,00
268,00;Georgia;1995;268;Georgia;GEO;372,00;Georgia 1995;GEO95;4,00
268,00;Georgia;1996;268;Georgia;GEO;372,00;Georgia 1996;GEO96;4,00
268,00;Georgia;1997;268;Georgia;GEO;372,00;Georgia 1997;GEO97;4,00
268,00;Georgia;1998;268;Georgia;GEO;372,00;Georgia 1998;GEO98;4,00
268,00;Georgia;1999;268;Georgia;GEO;372,00;Georgia 1999;GEO99;4,00
268,00;Georgia;2000;268;Georgia;GEO;372,00;Georgia 2000;GEO00;2,00
268,00;Georgia;2001;268;Georgia;GEO;372,00;Georgia 2001;GEO01;2,00
268,00;Georgia;2002;268;Georgia;GEO;372,00;Georgia 2002;GEO02;2,00
268,00;Georgia;2003;268;Georgia;GEO;372,00;Georgia 2003;GEO03;2,00
268,00;Georgia;2004;268;Georgia;GEO;372,00;Georgia 2004;GEO04;6,00
268,00;Georgia;2005;268;Georgia;GEO;372,00;Georgia 2005;GEO05;6,00
268,00;Georgia;2006;268;Georgia;GEO;372,00;Georgia 2006;GEO06;6,00
268,00;Georgia;2007;268;Georgia;GEO;372,00;Georgia 2007;GEO07;6,00
268,00;Georgia;2008;268;Georgia;GEO;372,00;Georgia 2008;GEO08;6,00
268,00;Georgia;2009;268;Georgia;GEO;372,00;Georgia 2009;GEO09;6,00
268,00;Georgia;2010;268;Georgia;GEO;372,00;Georgia 2010;GEO10;6,00
268,00;Georgia;2011;268;Georgia;GEO;372,00;Georgia 2011;GEO11;6,00
268,00;Georgia;2012;268;Georgia;GEO;372,00;Georgia 2012;GEO12;6,00
268,00;Georgia;2013;268;Georgia;GEO;372,00;Georgia 2013;GEO13;7,00
268,00;Georgia;2014;268;Georgia;GEO;372,00;Georgia 2014;GEO14;7,00
268,00;Georgia;2015;268;Georgia;GEO;372,00;Georgia 2015;GEO15;7,00
268,00;Georgia;2016;268;Georgia;GEO;372,00;Georgia 2016;GEO16;7,00
268,00;Georgia;2017;268;Georgia;GEO;372,00;Georgia 2017;GEO17;7,00
268,00;Georgia;2018;268;Georgia;GEO;372,00;Georgia 2018;GEO18;7,00
270,00;Gambia (the);1965;270;Gambia;GMB;420,00;Gambia 1965;GMB65;8,00
270,00;Gambia (the);1966;270;Gambia;GMB;420,00;Gambia 1966;GMB66;8,00
270,00;Gambia (the);1967;270;Gambia;GMB;420,00;Gambia 1967;GMB67;8,00
270,00;Gambia (the);1968;270;Gambia;GMB;420,00;Gambia 1968;GMB68;8,00
270,00;Gambia (the);1969;270;Gambia;GMB;420,00;Gambia 1969;GMB69;8,00
270,00;Gambia (the);1970;270;Gambia;GMB;420,00;Gambia 1970;GMB70;8,00
270,00;Gambia (the);1971;270;Gambia;GMB;420,00;Gambia 1971;GMB71;8,00
270,00;Gambia (the);1972;270;Gambia;GMB;420,00;Gambia 1972;GMB72;8,00
270,00;Gambia (the);1973;270;Gambia;GMB;420,00;Gambia 1973;GMB73;8,00
270,00;Gambia (the);1974;270;Gambia;GMB;420,00;Gambia 1974;GMB74;8,00
270,00;Gambia (the);1975;270;Gambia;GMB;420,00;Gambia 1975;GMB75;8,00
270,00;Gambia (the);1976;270;Gambia;GMB;420,00;Gambia 1976;GMB76;8,00
270,00;Gambia (the);1977;270;Gambia;GMB;420,00;Gambia 1977;GMB77;8,00
270,00;Gambia (the);1978;270;Gambia;GMB;420,00;Gambia 1978;GMB78;8,00
270,00;Gambia (the);1979;270;Gambia;GMB;420,00;Gambia 1979;GMB79;8,00
270,00;Gambia (the);1980;270;Gambia;GMB;420,00;Gambia 1980;GMB80;8,00
270,00;Gambia (the);1981;270;Gambia;GMB;420,00;Gambia 1981;GMB81;7,00
270,00;Gambia (the);1982;270;Gambia;GMB;420,00;Gambia 1982;GMB82;7,00
270,00;Gambia (the);1983;270;Gambia;GMB;420,00;Gambia 1983;GMB83;7,00
270,00;Gambia (the);1984;270;Gambia;GMB;420,00;Gambia 1984;GMB84;7,00
270,00;Gambia (the);1985;270;Gambia;GMB;420,00;Gambia 1985;GMB85;7,00
270,00;Gambia (the);1986;270;Gambia;GMB;420,00;Gambia 1986;GMB86;7,00
270,00;Gambia (the);1987;270;Gambia;GMB;420,00;Gambia 1987;GMB87;7,00
270,00;Gambia (the);1988;270;Gambia;GMB;420,00;Gambia 1988;GMB88;7,00
270,00;Gambia (the);1989;270;Gambia;GMB;420,00;Gambia 1989;GMB89;7,00
270,00;Gambia (the);1990;270;Gambia;GMB;420,00;Gambia 1990;GMB90;8,00
270,00;Gambia (the);1991;270;Gambia;GMB;420,00;Gambia 1991;GMB91;8,00
270,00;Gambia (the);1992;270;Gambia;GMB;420,00;Gambia 1992;GMB92;8,00
270,00;Gambia (the);1993;270;Gambia;GMB;420,00;Gambia 1993;GMB93;8,00
270,00;Gambia (the);1994;270;Gambia;GMB;420,00;Gambia 1994;GMB94;-7,00
270,00;Gambia (the);1995;270;Gambia;GMB;420,00;Gambia 1995;GMB95;-7,00
270,00;Gambia (the);1996;270;Gambia;GMB;420,00;Gambia 1996;GMB96;-6,00
270,00;Gambia (the);1997;270;Gambia;GMB;420,00;Gambia 1997;GMB97;-5,00
270,00;Gambia (the);1998;270;Gambia;GMB;420,00;Gambia 1998;GMB98;-5,00
270,00;Gambia (the);1999;270;Gambia;GMB;420,00;Gambia 1999;GMB99;-5,00
270,00;Gambia (the);2000;270;Gambia;GMB;420,00;Gambia 2000;GMB00;-5,00
270,00;Gambia (the);2001;270;Gambia;GMB;420,00;Gambia 2001;GMB01;-5,00
270,00;Gambia (the);2002;270;Gambia;GMB;420,00;Gambia 2002;GMB02;-5,00
270,00;Gambia (the);2003;270;Gambia;GMB;420,00;Gambia 2003;GMB03;-5,00
270,00;Gambia (the);2004;270;Gambia;GMB;420,00;Gambia 2004;GMB04;-5,00
270,00;Gambia (the);2005;270;Gambia;GMB;420,00;Gambia 2005;GMB05;-5,00
270,00;Gambia (the);2006;270;Gambia;GMB;420,00;Gambia 2006;GMB06;-5,00
270,00;Gambia (the);2007;270;Gambia;GMB;420,00;Gambia 2007;GMB07;-5,00
270,00;Gambia (the);2008;270;Gambia;GMB;420,00;Gambia 2008;GMB08;-5,00
270,00;Gambia (the);2009;270;Gambia;GMB;420,00;Gambia 2009;GMB09;-5,00
270,00;Gambia (the);2010;270;Gambia;GMB;420,00;Gambia 2010;GMB10;-5,00
270,00;Gambia (the);2011;270;Gambia;GMB;420,00;Gambia 2011;GMB11;-5,00
270,00;Gambia (the);2012;270;Gambia;GMB;420,00;Gambia 2012;GMB12;-5,00
270,00;Gambia (the);2013;270;Gambia;GMB;420,00;Gambia 2013;GMB13;-5,00
270,00;Gambia (the);2014;270;Gambia;GMB;420,00;Gambia 2014;GMB14;-5,00
270,00;Gambia (the);2015;270;Gambia;GMB;420,00;Gambia 2015;GMB15;-5,00
270,00;Gambia (the);2016;270;Gambia;GMB;420,00;Gambia 2016;GMB16;-5,00
270,00;Gambia (the);2017;270;Gambia;GMB;420,00;Gambia 2017;GMB17;4,00
270,00;Gambia (the);2018;270;Gambia;GMB;420,00;Gambia 2018;GMB18;4,00
276,00;Germany;1991;276;Germany;DEU;255,00;Germany 1991;DEU91;10,00
276,00;Germany;1992;276;Germany;DEU;255,00;Germany 1992;DEU92;10,00
276,00;Germany;1993;276;Germany;DEU;255,00;Germany 1993;DEU93;10,00
276,00;Germany;1994;276;Germany;DEU;255,00;Germany 1994;DEU94;10,00
276,00;Germany;1995;276;Germany;DEU;255,00;Germany 1995;DEU95;10,00
276,00;Germany;1996;276;Germany;DEU;255,00;Germany 1996;DEU96;10,00
276,00;Germany;1997;276;Germany;DEU;255,00;Germany 1997;DEU97;10,00
276,00;Germany;1998;276;Germany;DEU;255,00;Germany 1998;DEU98;10,00
276,00;Germany;1999;276;Germany;DEU;255,00;Germany 1999;DEU99;10,00
276,00;Germany;2000;276;Germany;DEU;255,00;Germany 2000;DEU00;10,00
276,00;Germany;2001;276;Germany;DEU;255,00;Germany 2001;DEU01;10,00
276,00;Germany;2002;276;Germany;DEU;255,00;Germany 2002;DEU02;10,00
276,00;Germany;2003;276;Germany;DEU;255,00;Germany 2003;DEU03;10,00
276,00;Germany;2004;276;Germany;DEU;255,00;Germany 2004;DEU04;10,00
276,00;Germany;2005;276;Germany;DEU;255,00;Germany 2005;DEU05;10,00
276,00;Germany;2006;276;Germany;DEU;255,00;Germany 2006;DEU06;10,00
276,00;Germany;2007;276;Germany;DEU;255,00;Germany 2007;DEU07;10,00
276,00;Germany;2008;276;Germany;DEU;255,00;Germany 2008;DEU08;10,00
276,00;Germany;2009;276;Germany;DEU;255,00;Germany 2009;DEU09;10,00
276,00;Germany;2010;276;Germany;DEU;255,00;Germany 2010;DEU10;10,00
276,00;Germany;2011;276;Germany;DEU;255,00;Germany 2011;DEU11;10,00
276,00;Germany;2012;276;Germany;DEU;255,00;Germany 2012;DEU12;10,00
276,00;Germany;2013;276;Germany;DEU;255,00;Germany 2013;DEU13;10,00
276,00;Germany;2014;276;Germany;DEU;255,00;Germany 2014;DEU14;10,00
276,00;Germany;2015;276;Germany;DEU;255,00;Germany 2015;DEU15;10,00
276,00;Germany;2016;276;Germany;DEU;255,00;Germany 2016;DEU16;10,00
276,00;Germany;2017;276;Germany;DEU;255,00;Germany 2017;DEU17;10,00
276,00;Germany;2018;276;Germany;DEU;255,00;Germany 2018;DEU18;10,00
278,00;German Democratic Republic;1949;278;Germany, East;DDR;265,00;Germany, East 1949;DDR49;-7,00
278,00;German Democratic Republic;1950;278;Germany, East;DDR;265,00;Germany, East 1950;DDR50;-8,00
278,00;German Democratic Republic;1951;278;Germany, East;DDR;265,00;Germany, East 1951;DDR51;-8,00
278,00;German Democratic Republic;1952;278;Germany, East;DDR;265,00;Germany, East 1952;DDR52;-8,00
278,00;German Democratic Republic;1953;278;Germany, East;DDR;265,00;Germany, East 1953;DDR53;-8,00
278,00;German Democratic Republic;1954;278;Germany, East;DDR;265,00;Germany, East 1954;DDR54;-8,00
278,00;German Democratic Republic;1955;278;Germany, East;DDR;265,00;Germany, East 1955;DDR55;-8,00
278,00;German Democratic Republic;1956;278;Germany, East;DDR;265,00;Germany, East 1956;DDR56;-8,00
278,00;German Democratic Republic;1957;278;Germany, East;DDR;265,00;Germany, East 1957;DDR57;-8,00
278,00;German Democratic Republic;1958;278;Germany, East;DDR;265,00;Germany, East 1958;DDR58;-8,00
278,00;German Democratic Republic;1959;278;Germany, East;DDR;265,00;Germany, East 1959;DDR59;-8,00
278,00;German Democratic Republic;1960;278;Germany, East;DDR;265,00;Germany, East 1960;DDR60;-9,00
278,00;German Democratic Republic;1961;278;Germany, East;DDR;265,00;Germany, East 1961;DDR61;-9,00
278,00;German Democratic Republic;1962;278;Germany, East;DDR;265,00;Germany, East 1962;DDR62;-9,00
278,00;German Democratic Republic;1963;278;Germany, East;DDR;265,00;Germany, East 1963;DDR63;-9,00
278,00;German Democratic Republic;1964;278;Germany, East;DDR;265,00;Germany, East 1964;DDR64;-9,00
278,00;German Democratic Republic;1965;278;Germany, East;DDR;265,00;Germany, East 1965;DDR65;-9,00
278,00;German Democratic Republic;1966;278;Germany, East;DDR;265,00;Germany, East 1966;DDR66;-9,00
278,00;German Democratic Republic;1967;278;Germany, East;DDR;265,00;Germany, East 1967;DDR67;-9,00
278,00;German Democratic Republic;1968;278;Germany, East;DDR;265,00;Germany, East 1968;DDR68;-9,00
278,00;German Democratic Republic;1969;278;Germany, East;DDR;265,00;Germany, East 1969;DDR69;-9,00
278,00;German Democratic Republic;1970;278;Germany, East;DDR;265,00;Germany, East 1970;DDR70;-9,00
278,00;German Democratic Republic;1971;278;Germany, East;DDR;265,00;Germany, East 1971;DDR71;-9,00
278,00;German Democratic Republic;1972;278;Germany, East;DDR;265,00;Germany, East 1972;DDR72;-9,00
278,00;German Democratic Republic;1973;278;Germany, East;DDR;265,00;Germany, East 1973;DDR73;-9,00
278,00;German Democratic Republic;1974;278;Germany, East;DDR;265,00;Germany, East 1974;DDR74;-9,00
278,00;German Democratic Republic;1975;278;Germany, East;DDR;265,00;Germany, East 1975;DDR75;-9,00
278,00;German Democratic Republic;1976;278;Germany, East;DDR;265,00;Germany, East 1976;DDR76;-9,00
278,00;German Democratic Republic;1977;278;Germany, East;DDR;265,00;Germany, East 1977;DDR77;-9,00
278,00;German Democratic Republic;1978;278;Germany, East;DDR;265,00;Germany, East 1978;DDR78;-9,00
278,00;German Democratic Republic;1979;278;Germany, East;DDR;265,00;Germany, East 1979;DDR79;-9,00
278,00;German Democratic Republic;1980;278;Germany, East;DDR;265,00;Germany, East 1980;DDR80;-9,00
278,00;German Democratic Republic;1981;278;Germany, East;DDR;265,00;Germany, East 1981;DDR81;-9,00
278,00;German Democratic Republic;1982;278;Germany, East;DDR;265,00;Germany, East 1982;DDR82;-9,00
278,00;German Democratic Republic;1983;278;Germany, East;DDR;265,00;Germany, East 1983;DDR83;-9,00
278,00;German Democratic Republic;1984;278;Germany, East;DDR;265,00;Germany, East 1984;DDR84;-9,00
278,00;German Democratic Republic;1985;278;Germany, East;DDR;265,00;Germany, East 1985;DDR85;-9,00
278,00;German Democratic Republic;1986;278;Germany, East;DDR;265,00;Germany, East 1986;DDR86;-9,00
278,00;German Democratic Republic;1987;278;Germany, East;DDR;265,00;Germany, East 1987;DDR87;-9,00
278,00;German Democratic Republic;1988;278;Germany, East;DDR;265,00;Germany, East 1988;DDR88;-9,00
;Germany;1949;280;Germany, West;DEU;;Germany, West 1949;DEU49;10,00
;Germany;1950;280;Germany, West;DEU;;Germany, West 1950;DEU50;10,00
;Germany;1951;280;Germany, West;DEU;;Germany, West 1951;DEU51;10,00
;Germany;1952;280;Germany, West;DEU;;Germany, West 1952;DEU52;10,00
;Germany;1953;280;Germany, West;DEU;;Germany, West 1953;DEU53;10,00
;Germany;1954;280;Germany, West;DEU;;Germany, West 1954;DEU54;10,00
;Germany;1955;280;Germany, West;DEU;;Germany, West 1955;DEU55;10,00
;Germany;1956;280;Germany, West;DEU;;Germany, West 1956;DEU56;10,00
;Germany;1957;280;Germany, West;DEU;;Germany, West 1957;DEU57;10,00
;Germany;1958;280;Germany, West;DEU;;Germany, West 1958;DEU58;10,00
;Germany;1959;280;Germany, West;DEU;;Germany, West 1959;DEU59;10,00
;Germany;1960;280;Germany, West;DEU;;Germany, West 1960;DEU60;10,00
;Germany;1961;280;Germany, West;DEU;;Germany, West 1961;DEU61;10,00
;Germany;1962;280;Germany, West;DEU;;Germany, West 1962;DEU62;10,00
;Germany;1963;280;Germany, West;DEU;;Germany, West 1963;DEU63;10,00
;Germany;1964;280;Germany, West;DEU;;Germany, West 1964;DEU64;10,00
;Germany;1965;280;Germany, West;DEU;;Germany, West 1965;DEU65;10,00
;Germany;1966;280;Germany, West;DEU;;Germany, West 1966;DEU66;10,00
;Germany;1967;280;Germany, West;DEU;;Germany, West 1967;DEU67;10,00
;Germany;1968;280;Germany, West;DEU;;Germany, West 1968;DEU68;10,00
;Germany;1969;280;Germany, West;DEU;;Germany, West 1969;DEU69;10,00
;Germany;1970;280;Germany, West;DEU;;Germany, West 1970;DEU70;10,00
;Germany;1971;280;Germany, West;DEU;;Germany, West 1971;DEU71;10,00
;Germany;1972;280;Germany, West;DEU;;Germany, West 1972;DEU72;10,00
;Germany;1973;280;Germany, West;DEU;;Germany, West 1973;DEU73;10,00
;Germany;1974;280;Germany, West;DEU;;Germany, West 1974;DEU74;10,00
;Germany;1975;280;Germany, West;DEU;;Germany, West 1975;DEU75;10,00
;Germany;1976;280;Germany, West;DEU;;Germany, West 1976;DEU76;10,00
;Germany;1977;280;Germany, West;DEU;;Germany, West 1977;DEU77;10,00
;Germany;1978;280;Germany, West;DEU;;Germany, West 1978;DEU78;10,00
;Germany;1979;280;Germany, West;DEU;;Germany, West 1979;DEU79;10,00
;Germany;1980;280;Germany, West;DEU;;Germany, West 1980;DEU80;10,00
;Germany;1981;280;Germany, West;DEU;;Germany, West 1981;DEU81;10,00
;Germany;1982;280;Germany, West;DEU;;Germany, West 1982;DEU82;10,00
;Germany;1983;280;Germany, West;DEU;;Germany, West 1983;DEU83;10,00
;Germany;1984;280;Germany, West;DEU;;Germany, West 1984;DEU84;10,00
;Germany;1985;280;Germany, West;DEU;;Germany, West 1985;DEU85;10,00
;Germany;1986;280;Germany, West;DEU;;Germany, West 1986;DEU86;10,00
;Germany;1987;280;Germany, West;DEU;;Germany, West 1987;DEU87;10,00
;Germany;1988;280;Germany, West;DEU;;Germany, West 1988;DEU88;10,00
;Germany;1989;280;Germany, West;DEU;;Germany, West 1989;DEU89;10,00
;Germany;1990;280;Germany, West;DEU;;Germany, West 1990;DEU90;10,00
288,00;Ghana;1960;288;Ghana;GHA;452,00;Ghana 1960;GHA60;1,00
288,00;Ghana;1961;288;Ghana;GHA;452,00;Ghana 1961;GHA61;1,00
288,00;Ghana;1962;288;Ghana;GHA;452,00;Ghana 1962;GHA62;-3,00
288,00;Ghana;1963;288;Ghana;GHA;452,00;Ghana 1963;GHA63;-3,00
288,00;Ghana;1964;288;Ghana;GHA;452,00;Ghana 1964;GHA64;-9,00
288,00;Ghana;1965;288;Ghana;GHA;452,00;Ghana 1965;GHA65;-9,00
288,00;Ghana;1966;288;Ghana;GHA;452,00;Ghana 1966;GHA66;-4,00
288,00;Ghana;1967;288;Ghana;GHA;452,00;Ghana 1967;GHA67;-4,00
288,00;Ghana;1968;288;Ghana;GHA;452,00;Ghana 1968;GHA68;-4,00
288,00;Ghana;1969;288;Ghana;GHA;452,00;Ghana 1969;GHA69;-4,00
288,00;Ghana;1970;288;Ghana;GHA;452,00;Ghana 1970;GHA70;4,00
288,00;Ghana;1971;288;Ghana;GHA;452,00;Ghana 1971;GHA71;4,00
288,00;Ghana;1972;288;Ghana;GHA;452,00;Ghana 1972;GHA72;-7,00
288,00;Ghana;1973;288;Ghana;GHA;452,00;Ghana 1973;GHA73;-7,00
288,00;Ghana;1974;288;Ghana;GHA;452,00;Ghana 1974;GHA74;-7,00
288,00;Ghana;1975;288;Ghana;GHA;452,00;Ghana 1975;GHA75;-7,00
288,00;Ghana;1976;288;Ghana;GHA;452,00;Ghana 1976;GHA76;-7,00
288,00;Ghana;1977;288;Ghana;GHA;452,00;Ghana 1977;GHA77;-7,00
288,00;Ghana;1978;288;Ghana;GHA;452,00;Ghana 1978;GHA78;-5,00
288,00;Ghana;1979;288;Ghana;GHA;452,00;Ghana 1979;GHA79;5,00
288,00;Ghana;1980;288;Ghana;GHA;452,00;Ghana 1980;GHA80;5,00
288,00;Ghana;1981;288;Ghana;GHA;452,00;Ghana 1981;GHA81;5,00
288,00;Ghana;1982;288;Ghana;GHA;452,00;Ghana 1982;GHA82;-7,00
288,00;Ghana;1983;288;Ghana;GHA;452,00;Ghana 1983;GHA83;-7,00
288,00;Ghana;1984;288;Ghana;GHA;452,00;Ghana 1984;GHA84;-7,00
288,00;Ghana;1985;288;Ghana;GHA;452,00;Ghana 1985;GHA85;-7,00
288,00;Ghana;1986;288;Ghana;GHA;452,00;Ghana 1986;GHA86;-7,00
288,00;Ghana;1987;288;Ghana;GHA;452,00;Ghana 1987;GHA87;-7,00
288,00;Ghana;1988;288;Ghana;GHA;452,00;Ghana 1988;GHA88;-7,00
288,00;Ghana;1989;288;Ghana;GHA;452,00;Ghana 1989;GHA89;-7,00
288,00;Ghana;1990;288;Ghana;GHA;452,00;Ghana 1990;GHA90;-7,00
288,00;Ghana;1991;288;Ghana;GHA;452,00;Ghana 1991;GHA91;-4,00
288,00;Ghana;1992;288;Ghana;GHA;452,00;Ghana 1992;GHA92;-1,00
288,00;Ghana;1993;288;Ghana;GHA;452,00;Ghana 1993;GHA93;-1,00
288,00;Ghana;1994;288;Ghana;GHA;452,00;Ghana 1994;GHA94;-1,00
288,00;Ghana;1995;288;Ghana;GHA;452,00;Ghana 1995;GHA95;-1,00
288,00;Ghana;1996;288;Ghana;GHA;452,00;Ghana 1996;GHA96;2,00
288,00;Ghana;1997;288;Ghana;GHA;452,00;Ghana 1997;GHA97;2,00
288,00;Ghana;1998;288;Ghana;GHA;452,00;Ghana 1998;GHA98;2,00
288,00;Ghana;1999;288;Ghana;GHA;452,00;Ghana 1999;GHA99;2,00
288,00;Ghana;2000;288;Ghana;GHA;452,00;Ghana 2000;GHA00;2,00
288,00;Ghana;2001;288;Ghana;GHA;452,00;Ghana 2001;GHA01;6,00
288,00;Ghana;2002;288;Ghana;GHA;452,00;Ghana 2002;GHA02;6,00
288,00;Ghana;2003;288;Ghana;GHA;452,00;Ghana 2003;GHA03;6,00
288,00;Ghana;2004;288;Ghana;GHA;452,00;Ghana 2004;GHA04;8,00
288,00;Ghana;2005;288;Ghana;GHA;452,00;Ghana 2005;GHA05;8,00
288,00;Ghana;2006;288;Ghana;GHA;452,00;Ghana 2006;GHA06;8,00
288,00;Ghana;2007;288;Ghana;GHA;452,00;Ghana 2007;GHA07;8,00
288,00;Ghana;2008;288;Ghana;GHA;452,00;Ghana 2008;GHA08;8,00
288,00;Ghana;2009;288;Ghana;GHA;452,00;Ghana 2009;GHA09;8,00
288,00;Ghana;2010;288;Ghana;GHA;452,00;Ghana 2010;GHA10;8,00
288,00;Ghana;2011;288;Ghana;GHA;452,00;Ghana 2011;GHA11;8,00
288,00;Ghana;2012;288;Ghana;GHA;452,00;Ghana 2012;GHA12;8,00
288,00;Ghana;2013;288;Ghana;GHA;452,00;Ghana 2013;GHA13;8,00
288,00;Ghana;2014;288;Ghana;GHA;452,00;Ghana 2014;GHA14;8,00
288,00;Ghana;2015;288;Ghana;GHA;452,00;Ghana 2015;GHA15;8,00
288,00;Ghana;2016;288;Ghana;GHA;452,00;Ghana 2016;GHA16;8,00
288,00;Ghana;2017;288;Ghana;GHA;452,00;Ghana 2017;GHA17;8,00
288,00;Ghana;2018;288;Ghana;GHA;452,00;Ghana 2018;GHA18;8,00
300,00;Greece;1946;300;Greece;GRC;350,00;Greece 1946;GRC46;8,00
300,00;Greece;1947;300;Greece;GRC;350,00;Greece 1947;GRC47;8,00
300,00;Greece;1948;300;Greece;GRC;350,00;Greece 1948;GRC48;8,00
300,00;Greece;1949;300;Greece;GRC;350,00;Greece 1949;GRC49;4,00
300,00;Greece;1950;300;Greece;GRC;350,00;Greece 1950;GRC50;4,00
300,00;Greece;1951;300;Greece;GRC;350,00;Greece 1951;GRC51;4,00
300,00;Greece;1952;300;Greece;GRC;350,00;Greece 1952;GRC52;4,00
300,00;Greece;1953;300;Greece;GRC;350,00;Greece 1953;GRC53;4,00
300,00;Greece;1954;300;Greece;GRC;350,00;Greece 1954;GRC54;4,00
300,00;Greece;1955;300;Greece;GRC;350,00;Greece 1955;GRC55;4,00
300,00;Greece;1956;300;Greece;GRC;350,00;Greece 1956;GRC56;4,00
300,00;Greece;1957;300;Greece;GRC;350,00;Greece 1957;GRC57;4,00
300,00;Greece;1958;300;Greece;GRC;350,00;Greece 1958;GRC58;4,00
300,00;Greece;1959;300;Greece;GRC;350,00;Greece 1959;GRC59;4,00
300,00;Greece;1960;300;Greece;GRC;350,00;Greece 1960;GRC60;4,00
300,00;Greece;1961;300;Greece;GRC;350,00;Greece 1961;GRC61;4,00
300,00;Greece;1962;300;Greece;GRC;350,00;Greece 1962;GRC62;4,00
300,00;Greece;1963;300;Greece;GRC;350,00;Greece 1963;GRC63;4,00
300,00;Greece;1964;300;Greece;GRC;350,00;Greece 1964;GRC64;4,00
300,00;Greece;1965;300;Greece;GRC;350,00;Greece 1965;GRC65;4,00
300,00;Greece;1966;300;Greece;GRC;350,00;Greece 1966;GRC66;4,00
300,00;Greece;1967;300;Greece;GRC;350,00;Greece 1967;GRC67;-7,00
300,00;Greece;1968;300;Greece;GRC;350,00;Greece 1968;GRC68;-7,00
300,00;Greece;1969;300;Greece;GRC;350,00;Greece 1969;GRC69;-7,00
300,00;Greece;1970;300;Greece;GRC;350,00;Greece 1970;GRC70;-7,00
300,00;Greece;1971;300;Greece;GRC;350,00;Greece 1971;GRC71;-7,00
300,00;Greece;1972;300;Greece;GRC;350,00;Greece 1972;GRC72;-7,00
300,00;Greece;1973;300;Greece;GRC;350,00;Greece 1973;GRC73;-7,00
300,00;Greece;1974;300;Greece;GRC;350,00;Greece 1974;GRC74;1,00
300,00;Greece;1975;300;Greece;GRC;350,00;Greece 1975;GRC75;8,00
300,00;Greece;1976;300;Greece;GRC;350,00;Greece 1976;GRC76;8,00
300,00;Greece;1977;300;Greece;GRC;350,00;Greece 1977;GRC77;8,00
300,00;Greece;1978;300;Greece;GRC;350,00;Greece 1978;GRC78;8,00
300,00;Greece;1979;300;Greece;GRC;350,00;Greece 1979;GRC79;8,00
300,00;Greece;1980;300;Greece;GRC;350,00;Greece 1980;GRC80;8,00
300,00;Greece;1981;300;Greece;GRC;350,00;Greece 1981;GRC81;8,00
300,00;Greece;1982;300;Greece;GRC;350,00;Greece 1982;GRC82;8,00
300,00;Greece;1983;300;Greece;GRC;350,00;Greece 1983;GRC83;8,00
300,00;Greece;1984;300;Greece;GRC;350,00;Greece 1984;GRC84;8,00
300,00;Greece;1985;300;Greece;GRC;350,00;Greece 1985;GRC85;8,00
300,00;Greece;1986;300;Greece;GRC;350,00;Greece 1986;GRC86;10,00
300,00;Greece;1987;300;Greece;GRC;350,00;Greece 1987;GRC87;10,00
300,00;Greece;1988;300;Greece;GRC;350,00;Greece 1988;GRC88;10,00
300,00;Greece;1989;300;Greece;GRC;350,00;Greece 1989;GRC89;10,00
300,00;Greece;1990;300;Greece;GRC;350,00;Greece 1990;GRC90;10,00
300,00;Greece;1991;300;Greece;GRC;350,00;Greece 1991;GRC91;10,00
300,00;Greece;1992;300;Greece;GRC;350,00;Greece 1992;GRC92;10,00
300,00;Greece;1993;300;Greece;GRC;350,00;Greece 1993;GRC93;10,00
300,00;Greece;1994;300;Greece;GRC;350,00;Greece 1994;GRC94;10,00
300,00;Greece;1995;300;Greece;GRC;350,00;Greece 1995;GRC95;10,00
300,00;Greece;1996;300;Greece;GRC;350,00;Greece 1996;GRC96;10,00
300,00;Greece;1997;300;Greece;GRC;350,00;Greece 1997;GRC97;10,00
300,00;Greece;1998;300;Greece;GRC;350,00;Greece 1998;GRC98;10,00
300,00;Greece;1999;300;Greece;GRC;350,00;Greece 1999;GRC99;10,00
300,00;Greece;2000;300;Greece;GRC;350,00;Greece 2000;GRC00;10,00
300,00;Greece;2001;300;Greece;GRC;350,00;Greece 2001;GRC01;10,00
300,00;Greece;2002;300;Greece;GRC;350,00;Greece 2002;GRC02;10,00
300,00;Greece;2003;300;Greece;GRC;350,00;Greece 2003;GRC03;10,00
300,00;Greece;2004;300;Greece;GRC;350,00;Greece 2004;GRC04;10,00
300,00;Greece;2005;300;Greece;GRC;350,00;Greece 2005;GRC05;10,00
300,00;Greece;2006;300;Greece;GRC;350,00;Greece 2006;GRC06;10,00
300,00;Greece;2007;300;Greece;GRC;350,00;Greece 2007;GRC07;10,00
300,00;Greece;2008;300;Greece;GRC;350,00;Greece 2008;GRC08;10,00
300,00;Greece;2009;300;Greece;GRC;350,00;Greece 2009;GRC09;10,00
300,00;Greece;2010;300;Greece;GRC;350,00;Greece 2010;GRC10;10,00
300,00;Greece;2011;300;Greece;GRC;350,00;Greece 2011;GRC11;10,00
300,00;Greece;2012;300;Greece;GRC;350,00;Greece 2012;GRC12;10,00
300,00;Greece;2013;300;Greece;GRC;350,00;Greece 2013;GRC13;10,00
300,00;Greece;2014;300;Greece;GRC;350,00;Greece 2014;GRC14;10,00
300,00;Greece;2015;300;Greece;GRC;350,00;Greece 2015;GRC15;10,00
300,00;Greece;2016;300;Greece;GRC;350,00;Greece 2016;GRC16;10,00
300,00;Greece;2017;300;Greece;GRC;350,00;Greece 2017;GRC17;10,00
300,00;Greece;2018;300;Greece;GRC;350,00;Greece 2018;GRC18;10,00
320,00;Guatemala;1946;320;Guatemala;GTM;90,00;Guatemala 1946;GTM46;5,00
320,00;Guatemala;1947;320;Guatemala;GTM;90,00;Guatemala 1947;GTM47;5,00
320,00;Guatemala;1948;320;Guatemala;GTM;90,00;Guatemala 1948;GTM48;5,00
320,00;Guatemala;1949;320;Guatemala;GTM;90,00;Guatemala 1949;GTM49;5,00
320,00;Guatemala;1950;320;Guatemala;GTM;90,00;Guatemala 1950;GTM50;2,00
320,00;Guatemala;1951;320;Guatemala;GTM;90,00;Guatemala 1951;GTM51;2,00
320,00;Guatemala;1952;320;Guatemala;GTM;90,00;Guatemala 1952;GTM52;2,00
320,00;Guatemala;1953;320;Guatemala;GTM;90,00;Guatemala 1953;GTM53;2,00
320,00;Guatemala;1954;320;Guatemala;GTM;90,00;Guatemala 1954;GTM54;-6,00
320,00;Guatemala;1955;320;Guatemala;GTM;90,00;Guatemala 1955;GTM55;-6,00
320,00;Guatemala;1956;320;Guatemala;GTM;90,00;Guatemala 1956;GTM56;-6,00
320,00;Guatemala;1957;320;Guatemala;GTM;90,00;Guatemala 1957;GTM57;-6,00
320,00;Guatemala;1958;320;Guatemala;GTM;90,00;Guatemala 1958;GTM58;-5,00
320,00;Guatemala;1959;320;Guatemala;GTM;90,00;Guatemala 1959;GTM59;-5,00
320,00;Guatemala;1960;320;Guatemala;GTM;90,00;Guatemala 1960;GTM60;-5,00
320,00;Guatemala;1961;320;Guatemala;GTM;90,00;Guatemala 1961;GTM61;-5,00
320,00;Guatemala;1962;320;Guatemala;GTM;90,00;Guatemala 1962;GTM62;-5,00
320,00;Guatemala;1963;320;Guatemala;GTM;90,00;Guatemala 1963;GTM63;-5,00
320,00;Guatemala;1964;320;Guatemala;GTM;90,00;Guatemala 1964;GTM64;-5,00
320,00;Guatemala;1965;320;Guatemala;GTM;90,00;Guatemala 1965;GTM65;-5,00
320,00;Guatemala;1966;320;Guatemala;GTM;90,00;Guatemala 1966;GTM66;3,00
320,00;Guatemala;1967;320;Guatemala;GTM;90,00;Guatemala 1967;GTM67;3,00
320,00;Guatemala;1968;320;Guatemala;GTM;90,00;Guatemala 1968;GTM68;3,00
320,00;Guatemala;1969;320;Guatemala;GTM;90,00;Guatemala 1969;GTM69;3,00
320,00;Guatemala;1970;320;Guatemala;GTM;90,00;Guatemala 1970;GTM70;1,00
320,00;Guatemala;1971;320;Guatemala;GTM;90,00;Guatemala 1971;GTM71;1,00
320,00;Guatemala;1972;320;Guatemala;GTM;90,00;Guatemala 1972;GTM72;1,00
320,00;Guatemala;1973;320;Guatemala;GTM;90,00;Guatemala 1973;GTM73;1,00
320,00;Guatemala;1974;320;Guatemala;GTM;90,00;Guatemala 1974;GTM74;-3,00
320,00;Guatemala;1975;320;Guatemala;GTM;90,00;Guatemala 1975;GTM75;-3,00
320,00;Guatemala;1976;320;Guatemala;GTM;90,00;Guatemala 1976;GTM76;-3,00
320,00;Guatemala;1977;320;Guatemala;GTM;90,00;Guatemala 1977;GTM77;-3,00
320,00;Guatemala;1978;320;Guatemala;GTM;90,00;Guatemala 1978;GTM78;-5,00
320,00;Guatemala;1979;320;Guatemala;GTM;90,00;Guatemala 1979;GTM79;-5,00
320,00;Guatemala;1980;320;Guatemala;GTM;90,00;Guatemala 1980;GTM80;-5,00
320,00;Guatemala;1981;320;Guatemala;GTM;90,00;Guatemala 1981;GTM81;-5,00
320,00;Guatemala;1982;320;Guatemala;GTM;90,00;Guatemala 1982;GTM82;-7,00
320,00;Guatemala;1983;320;Guatemala;GTM;90,00;Guatemala 1983;GTM83;-7,00
320,00;Guatemala;1984;320;Guatemala;GTM;90,00;Guatemala 1984;GTM84;-6,00
320,00;Guatemala;1985;320;Guatemala;GTM;90,00;Guatemala 1985;GTM85;-1,00
320,00;Guatemala;1986;320;Guatemala;GTM;90,00;Guatemala 1986;GTM86;3,00
320,00;Guatemala;1987;320;Guatemala;GTM;90,00;Guatemala 1987;GTM87;3,00
320,00;Guatemala;1988;320;Guatemala;GTM;90,00;Guatemala 1988;GTM88;3,00
320,00;Guatemala;1989;320;Guatemala;GTM;90,00;Guatemala 1989;GTM89;3,00
320,00;Guatemala;1990;320;Guatemala;GTM;90,00;Guatemala 1990;GTM90;3,00
320,00;Guatemala;1991;320;Guatemala;GTM;90,00;Guatemala 1991;GTM91;3,00
320,00;Guatemala;1992;320;Guatemala;GTM;90,00;Guatemala 1992;GTM92;3,00
320,00;Guatemala;1993;320;Guatemala;GTM;90,00;Guatemala 1993;GTM93;3,00
320,00;Guatemala;1994;320;Guatemala;GTM;90,00;Guatemala 1994;GTM94;3,00
320,00;Guatemala;1995;320;Guatemala;GTM;90,00;Guatemala 1995;GTM95;3,00
320,00;Guatemala;1996;320;Guatemala;GTM;90,00;Guatemala 1996;GTM96;8,00
320,00;Guatemala;1997;320;Guatemala;GTM;90,00;Guatemala 1997;GTM97;8,00
320,00;Guatemala;1998;320;Guatemala;GTM;90,00;Guatemala 1998;GTM98;8,00
320,00;Guatemala;1999;320;Guatemala;GTM;90,00;Guatemala 1999;GTM99;8,00
320,00;Guatemala;2000;320;Guatemala;GTM;90,00;Guatemala 2000;GTM00;8,00
320,00;Guatemala;2001;320;Guatemala;GTM;90,00;Guatemala 2001;GTM01;8,00
320,00;Guatemala;2002;320;Guatemala;GTM;90,00;Guatemala 2002;GTM02;8,00
320,00;Guatemala;2003;320;Guatemala;GTM;90,00;Guatemala 2003;GTM03;8,00
320,00;Guatemala;2004;320;Guatemala;GTM;90,00;Guatemala 2004;GTM04;8,00
320,00;Guatemala;2005;320;Guatemala;GTM;90,00;Guatemala 2005;GTM05;8,00
320,00;Guatemala;2006;320;Guatemala;GTM;90,00;Guatemala 2006;GTM06;8,00
320,00;Guatemala;2007;320;Guatemala;GTM;90,00;Guatemala 2007;GTM07;8,00
320,00;Guatemala;2008;320;Guatemala;GTM;90,00;Guatemala 2008;GTM08;8,00
320,00;Guatemala;2009;320;Guatemala;GTM;90,00;Guatemala 2009;GTM09;8,00
320,00;Guatemala;2010;320;Guatemala;GTM;90,00;Guatemala 2010;GTM10;8,00
320,00;Guatemala;2011;320;Guatemala;GTM;90,00;Guatemala 2011;GTM11;8,00
320,00;Guatemala;2012;320;Guatemala;GTM;90,00;Guatemala 2012;GTM12;8,00
320,00;Guatemala;2013;320;Guatemala;GTM;90,00;Guatemala 2013;GTM13;8,00
320,00;Guatemala;2014;320;Guatemala;GTM;90,00;Guatemala 2014;GTM14;8,00
320,00;Guatemala;2015;320;Guatemala;GTM;90,00;Guatemala 2015;GTM15;8,00
320,00;Guatemala;2016;320;Guatemala;GTM;90,00;Guatemala 2016;GTM16;8,00
320,00;Guatemala;2017;320;Guatemala;GTM;90,00;Guatemala 2017;GTM17;8,00
320,00;Guatemala;2018;320;Guatemala;GTM;90,00;Guatemala 2018;GTM18;8,00
324,00;Guinea;1959;324;Guinea;GIN;438,00;Guinea 1959;GIN59;-9,00
324,00;Guinea;1960;324;Guinea;GIN;438,00;Guinea 1960;GIN60;-9,00
324,00;Guinea;1961;324;Guinea;GIN;438,00;Guinea 1961;GIN61;-9,00
324,00;Guinea;1962;324;Guinea;GIN;438,00;Guinea 1962;GIN62;-9,00
324,00;Guinea;1963;324;Guinea;GIN;438,00;Guinea 1963;GIN63;-9,00
324,00;Guinea;1964;324;Guinea;GIN;438,00;Guinea 1964;GIN64;-9,00
324,00;Guinea;1965;324;Guinea;GIN;438,00;Guinea 1965;GIN65;-9,00
324,00;Guinea;1966;324;Guinea;GIN;438,00;Guinea 1966;GIN66;-9,00
324,00;Guinea;1967;324;Guinea;GIN;438,00;Guinea 1967;GIN67;-9,00
324,00;Guinea;1968;324;Guinea;GIN;438,00;Guinea 1968;GIN68;-9,00
324,00;Guinea;1969;324;Guinea;GIN;438,00;Guinea 1969;GIN69;-9,00
324,00;Guinea;1970;324;Guinea;GIN;438,00;Guinea 1970;GIN70;-9,00
324,00;Guinea;1971;324;Guinea;GIN;438,00;Guinea 1971;GIN71;-9,00
324,00;Guinea;1972;324;Guinea;GIN;438,00;Guinea 1972;GIN72;-9,00
324,00;Guinea;1973;324;Guinea;GIN;438,00;Guinea 1973;GIN73;-9,00
324,00;Guinea;1974;324;Guinea;GIN;438,00;Guinea 1974;GIN74;-9,00
324,00;Guinea;1975;324;Guinea;GIN;438,00;Guinea 1975;GIN75;-9,00
324,00;Guinea;1976;324;Guinea;GIN;438,00;Guinea 1976;GIN76;-9,00
324,00;Guinea;1977;324;Guinea;GIN;438,00;Guinea 1977;GIN77;-9,00
324,00;Guinea;1978;324;Guinea;GIN;438,00;Guinea 1978;GIN78;-9,00
324,00;Guinea;1979;324;Guinea;GIN;438,00;Guinea 1979;GIN79;-9,00
324,00;Guinea;1980;324;Guinea;GIN;438,00;Guinea 1980;GIN80;-9,00
324,00;Guinea;1981;324;Guinea;GIN;438,00;Guinea 1981;GIN81;-9,00
324,00;Guinea;1982;324;Guinea;GIN;438,00;Guinea 1982;GIN82;-9,00
324,00;Guinea;1983;324;Guinea;GIN;438,00;Guinea 1983;GIN83;-9,00
324,00;Guinea;1984;324;Guinea;GIN;438,00;Guinea 1984;GIN84;-7,00
324,00;Guinea;1985;324;Guinea;GIN;438,00;Guinea 1985;GIN85;-7,00
324,00;Guinea;1986;324;Guinea;GIN;438,00;Guinea 1986;GIN86;-7,00
324,00;Guinea;1987;324;Guinea;GIN;438,00;Guinea 1987;GIN87;-7,00
324,00;Guinea;1988;324;Guinea;GIN;438,00;Guinea 1988;GIN88;-7,00
324,00;Guinea;1989;324;Guinea;GIN;438,00;Guinea 1989;GIN89;-7,00
324,00;Guinea;1990;324;Guinea;GIN;438,00;Guinea 1990;GIN90;-7,00
324,00;Guinea;1991;324;Guinea;GIN;438,00;Guinea 1991;GIN91;-5,00
324,00;Guinea;1992;324;Guinea;GIN;438,00;Guinea 1992;GIN92;-5,00
324,00;Guinea;1993;324;Guinea;GIN;438,00;Guinea 1993;GIN93;-5,00
324,00;Guinea;1994;324;Guinea;GIN;438,00;Guinea 1994;GIN94;-5,00
324,00;Guinea;1995;324;Guinea;GIN;438,00;Guinea 1995;GIN95;-1,00
324,00;Guinea;1996;324;Guinea;GIN;438,00;Guinea 1996;GIN96;-1,00
324,00;Guinea;1997;324;Guinea;GIN;438,00;Guinea 1997;GIN97;-1,00
324,00;Guinea;1998;324;Guinea;GIN;438,00;Guinea 1998;GIN98;-1,00
324,00;Guinea;1999;324;Guinea;GIN;438,00;Guinea 1999;GIN99;-1,00
324,00;Guinea;2000;324;Guinea;GIN;438,00;Guinea 2000;GIN00;-1,00
324,00;Guinea;2001;324;Guinea;GIN;438,00;Guinea 2001;GIN01;-1,00
324,00;Guinea;2002;324;Guinea;GIN;438,00;Guinea 2002;GIN02;-1,00
324,00;Guinea;2003;324;Guinea;GIN;438,00;Guinea 2003;GIN03;-1,00
324,00;Guinea;2004;324;Guinea;GIN;438,00;Guinea 2004;GIN04;-1,00
324,00;Guinea;2005;324;Guinea;GIN;438,00;Guinea 2005;GIN05;-1,00
324,00;Guinea;2006;324;Guinea;GIN;438,00;Guinea 2006;GIN06;-1,00
324,00;Guinea;2007;324;Guinea;GIN;438,00;Guinea 2007;GIN07;-1,00
324,00;Guinea;2008;324;Guinea;GIN;438,00;Guinea 2008;GIN08;-1,00
324,00;Guinea;2009;324;Guinea;GIN;438,00;Guinea 2009;GIN09;-1,00
324,00;Guinea;2010;324;Guinea;GIN;438,00;Guinea 2010;GIN10;1,00
324,00;Guinea;2011;324;Guinea;GIN;438,00;Guinea 2011;GIN11;1,00
324,00;Guinea;2012;324;Guinea;GIN;438,00;Guinea 2012;GIN12;1,00
324,00;Guinea;2013;324;Guinea;GIN;438,00;Guinea 2013;GIN13;4,00
324,00;Guinea;2014;324;Guinea;GIN;438,00;Guinea 2014;GIN14;4,00
324,00;Guinea;2015;324;Guinea;GIN;438,00;Guinea 2015;GIN15;4,00
324,00;Guinea;2016;324;Guinea;GIN;438,00;Guinea 2016;GIN16;4,00
324,00;Guinea;2017;324;Guinea;GIN;438,00;Guinea 2017;GIN17;4,00
324,00;Guinea;2018;324;Guinea;GIN;438,00;Guinea 2018;GIN18;4,00
328,00;Guyana;1966;328;Guyana;GUY;110,00;Guyana 1966;GUY66;2,00
328,00;Guyana;1967;328;Guyana;GUY;110,00;Guyana 1967;GUY67;2,00
328,00;Guyana;1968;328;Guyana;GUY;110,00;Guyana 1968;GUY68;1,00
328,00;Guyana;1969;328;Guyana;GUY;110,00;Guyana 1969;GUY69;1,00
328,00;Guyana;1970;328;Guyana;GUY;110,00;Guyana 1970;GUY70;1,00
328,00;Guyana;1971;328;Guyana;GUY;110,00;Guyana 1971;GUY71;1,00
328,00;Guyana;1972;328;Guyana;GUY;110,00;Guyana 1972;GUY72;1,00
328,00;Guyana;1973;328;Guyana;GUY;110,00;Guyana 1973;GUY73;1,00
328,00;Guyana;1974;328;Guyana;GUY;110,00;Guyana 1974;GUY74;1,00
328,00;Guyana;1975;328;Guyana;GUY;110,00;Guyana 1975;GUY75;1,00
328,00;Guyana;1976;328;Guyana;GUY;110,00;Guyana 1976;GUY76;1,00
328,00;Guyana;1977;328;Guyana;GUY;110,00;Guyana 1977;GUY77;1,00
328,00;Guyana;1978;328;Guyana;GUY;110,00;Guyana 1978;GUY78;0,00
328,00;Guyana;1979;328;Guyana;GUY;110,00;Guyana 1979;GUY79;0,00
328,00;Guyana;1980;328;Guyana;GUY;110,00;Guyana 1980;GUY80;-7,00
328,00;Guyana;1981;328;Guyana;GUY;110,00;Guyana 1981;GUY81;-7,00
328,00;Guyana;1982;328;Guyana;GUY;110,00;Guyana 1982;GUY82;-7,00
328,00;Guyana;1983;328;Guyana;GUY;110,00;Guyana 1983;GUY83;-7,00
328,00;Guyana;1984;328;Guyana;GUY;110,00;Guyana 1984;GUY84;-7,00
328,00;Guyana;1985;328;Guyana;GUY;110,00;Guyana 1985;GUY85;-7,00
328,00;Guyana;1986;328;Guyana;GUY;110,00;Guyana 1986;GUY86;-7,00
328,00;Guyana;1987;328;Guyana;GUY;110,00;Guyana 1987;GUY87;-7,00
328,00;Guyana;1988;328;Guyana;GUY;110,00;Guyana 1988;GUY88;-7,00
328,00;Guyana;1989;328;Guyana;GUY;110,00;Guyana 1989;GUY89;-7,00
328,00;Guyana;1990;328;Guyana;GUY;110,00;Guyana 1990;GUY90;-7,00
328,00;Guyana;1991;328;Guyana;GUY;110,00;Guyana 1991;GUY91;-7,00
328,00;Guyana;1992;328;Guyana;GUY;110,00;Guyana 1992;GUY92;6,00
328,00;Guyana;1993;328;Guyana;GUY;110,00;Guyana 1993;GUY93;6,00
328,00;Guyana;1994;328;Guyana;GUY;110,00;Guyana 1994;GUY94;6,00
328,00;Guyana;1995;328;Guyana;GUY;110,00;Guyana 1995;GUY95;6,00
328,00;Guyana;1996;328;Guyana;GUY;110,00;Guyana 1996;GUY96;6,00
328,00;Guyana;1997;328;Guyana;GUY;110,00;Guyana 1997;GUY97;6,00
328,00;Guyana;1998;328;Guyana;GUY;110,00;Guyana 1998;GUY98;6,00
328,00;Guyana;1999;328;Guyana;GUY;110,00;Guyana 1999;GUY99;6,00
328,00;Guyana;2000;328;Guyana;GUY;110,00;Guyana 2000;GUY00;6,00
328,00;Guyana;2001;328;Guyana;GUY;110,00;Guyana 2001;GUY01;6,00
328,00;Guyana;2002;328;Guyana;GUY;110,00;Guyana 2002;GUY02;6,00
328,00;Guyana;2003;328;Guyana;GUY;110,00;Guyana 2003;GUY03;6,00
328,00;Guyana;2004;328;Guyana;GUY;110,00;Guyana 2004;GUY04;6,00
328,00;Guyana;2005;328;Guyana;GUY;110,00;Guyana 2005;GUY05;6,00
328,00;Guyana;2006;328;Guyana;GUY;110,00;Guyana 2006;GUY06;6,00
328,00;Guyana;2007;328;Guyana;GUY;110,00;Guyana 2007;GUY07;6,00
328,00;Guyana;2008;328;Guyana;GUY;110,00;Guyana 2008;GUY08;6,00
328,00;Guyana;2009;328;Guyana;GUY;110,00;Guyana 2009;GUY09;6,00
328,00;Guyana;2010;328;Guyana;GUY;110,00;Guyana 2010;GUY10;6,00
328,00;Guyana;2011;328;Guyana;GUY;110,00;Guyana 2011;GUY11;6,00
328,00;Guyana;2012;328;Guyana;GUY;110,00;Guyana 2012;GUY12;6,00
328,00;Guyana;2013;328;Guyana;GUY;110,00;Guyana 2013;GUY13;6,00
328,00;Guyana;2014;328;Guyana;GUY;110,00;Guyana 2014;GUY14;6,00
328,00;Guyana;2015;328;Guyana;GUY;110,00;Guyana 2015;GUY15;7,00
328,00;Guyana;2016;328;Guyana;GUY;110,00;Guyana 2016;GUY16;7,00
328,00;Guyana;2017;328;Guyana;GUY;110,00;Guyana 2017;GUY17;7,00
328,00;Guyana;2018;328;Guyana;GUY;110,00;Guyana 2018;GUY18;7,00
332,00;Haiti;1946;332;Haiti;HTI;41,00;Haiti 1946;HTI46;1,00
332,00;Haiti;1947;332;Haiti;HTI;41,00;Haiti 1947;HTI47;4,00
332,00;Haiti;1948;332;Haiti;HTI;41,00;Haiti 1948;HTI48;4,00
332,00;Haiti;1949;332;Haiti;HTI;41,00;Haiti 1949;HTI49;4,00
332,00;Haiti;1950;332;Haiti;HTI;41,00;Haiti 1950;HTI50;-5,00
332,00;Haiti;1951;332;Haiti;HTI;41,00;Haiti 1951;HTI51;-5,00
332,00;Haiti;1952;332;Haiti;HTI;41,00;Haiti 1952;HTI52;-5,00
332,00;Haiti;1953;332;Haiti;HTI;41,00;Haiti 1953;HTI53;-5,00
332,00;Haiti;1954;332;Haiti;HTI;41,00;Haiti 1954;HTI54;-5,00
332,00;Haiti;1955;332;Haiti;HTI;41,00;Haiti 1955;HTI55;-5,00
332,00;Haiti;1956;332;Haiti;HTI;41,00;Haiti 1956;HTI56;0,00
332,00;Haiti;1957;332;Haiti;HTI;41,00;Haiti 1957;HTI57;4,00
332,00;Haiti;1958;332;Haiti;HTI;41,00;Haiti 1958;HTI58;4,00
332,00;Haiti;1959;332;Haiti;HTI;41,00;Haiti 1959;HTI59;4,00
332,00;Haiti;1960;332;Haiti;HTI;41,00;Haiti 1960;HTI60;4,00
332,00;Haiti;1961;332;Haiti;HTI;41,00;Haiti 1961;HTI61;-7,00
332,00;Haiti;1962;332;Haiti;HTI;41,00;Haiti 1962;HTI62;-7,00
332,00;Haiti;1963;332;Haiti;HTI;41,00;Haiti 1963;HTI63;-7,00
332,00;Haiti;1964;332;Haiti;HTI;41,00;Haiti 1964;HTI64;-7,00
332,00;Haiti;1965;332;Haiti;HTI;41,00;Haiti 1965;HTI65;-7,00
332,00;Haiti;1966;332;Haiti;HTI;41,00;Haiti 1966;HTI66;-7,00
332,00;Haiti;1967;332;Haiti;HTI;41,00;Haiti 1967;HTI67;-7,00
332,00;Haiti;1968;332;Haiti;HTI;41,00;Haiti 1968;HTI68;-7,00
332,00;Haiti;1969;332;Haiti;HTI;41,00;Haiti 1969;HTI69;-7,00
332,00;Haiti;1970;332;Haiti;HTI;41,00;Haiti 1970;HTI70;-7,00
332,00;Haiti;1971;332;Haiti;HTI;41,00;Haiti 1971;HTI71;-9,00
332,00;Haiti;1972;332;Haiti;HTI;41,00;Haiti 1972;HTI72;-9,00
332,00;Haiti;1973;332;Haiti;HTI;41,00;Haiti 1973;HTI73;-9,00
332,00;Haiti;1974;332;Haiti;HTI;41,00;Haiti 1974;HTI74;-9,00
332,00;Haiti;1975;332;Haiti;HTI;41,00;Haiti 1975;HTI75;-9,00
332,00;Haiti;1976;332;Haiti;HTI;41,00;Haiti 1976;HTI76;-9,00
332,00;Haiti;1977;332;Haiti;HTI;41,00;Haiti 1977;HTI77;-9,00
332,00;Haiti;1978;332;Haiti;HTI;41,00;Haiti 1978;HTI78;-9,00
332,00;Haiti;1979;332;Haiti;HTI;41,00;Haiti 1979;HTI79;-8,00
332,00;Haiti;1980;332;Haiti;HTI;41,00;Haiti 1980;HTI80;-8,00
332,00;Haiti;1981;332;Haiti;HTI;41,00;Haiti 1981;HTI81;-8,00
332,00;Haiti;1982;332;Haiti;HTI;41,00;Haiti 1982;HTI82;-8,00
332,00;Haiti;1983;332;Haiti;HTI;41,00;Haiti 1983;HTI83;-8,00
332,00;Haiti;1984;332;Haiti;HTI;41,00;Haiti 1984;HTI84;-8,00
332,00;Haiti;1985;332;Haiti;HTI;41,00;Haiti 1985;HTI85;-8,00
332,00;Haiti;1986;332;Haiti;HTI;41,00;Haiti 1986;HTI86;0,00
332,00;Haiti;1987;332;Haiti;HTI;41,00;Haiti 1987;HTI87;0,00
332,00;Haiti;1988;332;Haiti;HTI;41,00;Haiti 1988;HTI88;0,00
332,00;Haiti;1989;332;Haiti;HTI;41,00;Haiti 1989;HTI89;0,00
332,00;Haiti;1990;332;Haiti;HTI;41,00;Haiti 1990;HTI90;0,00
332,00;Haiti;1991;332;Haiti;HTI;41,00;Haiti 1991;HTI91;-7,00
332,00;Haiti;1992;332;Haiti;HTI;41,00;Haiti 1992;HTI92;-7,00
332,00;Haiti;1993;332;Haiti;HTI;41,00;Haiti 1993;HTI93;-7,00
332,00;Haiti;1994;332;Haiti;HTI;41,00;Haiti 1994;HTI94;6,00
332,00;Haiti;1995;332;Haiti;HTI;41,00;Haiti 1995;HTI95;6,00
332,00;Haiti;1996;332;Haiti;HTI;41,00;Haiti 1996;HTI96;7,00
332,00;Haiti;1997;332;Haiti;HTI;41,00;Haiti 1997;HTI97;7,00
332,00;Haiti;1998;332;Haiti;HTI;41,00;Haiti 1998;HTI98;7,00
332,00;Haiti;1999;332;Haiti;HTI;41,00;Haiti 1999;HTI99;3,00
332,00;Haiti;2000;332;Haiti;HTI;41,00;Haiti 2000;HTI00;-2,00
332,00;Haiti;2001;332;Haiti;HTI;41,00;Haiti 2001;HTI01;-2,00
332,00;Haiti;2002;332;Haiti;HTI;41,00;Haiti 2002;HTI02;-2,00
332,00;Haiti;2003;332;Haiti;HTI;41,00;Haiti 2003;HTI03;-2,00
332,00;Haiti;2004;332;Haiti;HTI;41,00;Haiti 2004;HTI04;0,00
332,00;Haiti;2005;332;Haiti;HTI;41,00;Haiti 2005;HTI05;3,00
332,00;Haiti;2006;332;Haiti;HTI;41,00;Haiti 2006;HTI06;5,00
332,00;Haiti;2007;332;Haiti;HTI;41,00;Haiti 2007;HTI07;5,00
332,00;Haiti;2008;332;Haiti;HTI;41,00;Haiti 2008;HTI08;5,00
332,00;Haiti;2009;332;Haiti;HTI;41,00;Haiti 2009;HTI09;5,00
332,00;Haiti;2010;332;Haiti;HTI;41,00;Haiti 2010;HTI10;0,00
332,00;Haiti;2011;332;Haiti;HTI;41,00;Haiti 2011;HTI11;0,00
332,00;Haiti;2012;332;Haiti;HTI;41,00;Haiti 2012;HTI12;0,00
332,00;Haiti;2013;332;Haiti;HTI;41,00;Haiti 2013;HTI13;0,00
332,00;Haiti;2014;332;Haiti;HTI;41,00;Haiti 2014;HTI14;0,00
332,00;Haiti;2015;332;Haiti;HTI;41,00;Haiti 2015;HTI15;0,00
332,00;Haiti;2016;332;Haiti;HTI;41,00;Haiti 2016;HTI16;5,00
332,00;Haiti;2017;332;Haiti;HTI;41,00;Haiti 2017;HTI17;5,00
332,00;Haiti;2018;332;Haiti;HTI;41,00;Haiti 2018;HTI18;5,00
340,00;Honduras;1946;340;Honduras;HND;91,00;Honduras 1946;HND46;-3,00
340,00;Honduras;1947;340;Honduras;HND;91,00;Honduras 1947;HND47;-3,00
340,00;Honduras;1948;340;Honduras;HND;91,00;Honduras 1948;HND48;-3,00
340,00;Honduras;1949;340;Honduras;HND;91,00;Honduras 1949;HND49;-3,00
340,00;Honduras;1950;340;Honduras;HND;91,00;Honduras 1950;HND50;-3,00
340,00;Honduras;1951;340;Honduras;HND;91,00;Honduras 1951;HND51;-3,00
340,00;Honduras;1952;340;Honduras;HND;91,00;Honduras 1952;HND52;-3,00
340,00;Honduras;1953;340;Honduras;HND;91,00;Honduras 1953;HND53;-3,00
340,00;Honduras;1954;340;Honduras;HND;91,00;Honduras 1954;HND54;-3,00
340,00;Honduras;1955;340;Honduras;HND;91,00;Honduras 1955;HND55;-3,00
340,00;Honduras;1956;340;Honduras;HND;91,00;Honduras 1956;HND56;-1,00
340,00;Honduras;1957;340;Honduras;HND;91,00;Honduras 1957;HND57;-1,00
340,00;Honduras;1958;340;Honduras;HND;91,00;Honduras 1958;HND58;-1,00
340,00;Honduras;1959;340;Honduras;HND;91,00;Honduras 1959;HND59;-1,00
340,00;Honduras;1960;340;Honduras;HND;91,00;Honduras 1960;HND60;-1,00
340,00;Honduras;1961;340;Honduras;HND;91,00;Honduras 1961;HND61;-1,00
340,00;Honduras;1962;340;Honduras;HND;91,00;Honduras 1962;HND62;-1,00
340,00;Honduras;1963;340;Honduras;HND;91,00;Honduras 1963;HND63;-1,00
340,00;Honduras;1964;340;Honduras;HND;91,00;Honduras 1964;HND64;-1,00
340,00;Honduras;1965;340;Honduras;HND;91,00;Honduras 1965;HND65;-1,00
340,00;Honduras;1966;340;Honduras;HND;91,00;Honduras 1966;HND66;-1,00
340,00;Honduras;1967;340;Honduras;HND;91,00;Honduras 1967;HND67;-1,00
340,00;Honduras;1968;340;Honduras;HND;91,00;Honduras 1968;HND68;-1,00
340,00;Honduras;1969;340;Honduras;HND;91,00;Honduras 1969;HND69;-1,00
340,00;Honduras;1970;340;Honduras;HND;91,00;Honduras 1970;HND70;-1,00
340,00;Honduras;1971;340;Honduras;HND;91,00;Honduras 1971;HND71;0,00
340,00;Honduras;1972;340;Honduras;HND;91,00;Honduras 1972;HND72;-1,00
340,00;Honduras;1973;340;Honduras;HND;91,00;Honduras 1973;HND73;-1,00
340,00;Honduras;1974;340;Honduras;HND;91,00;Honduras 1974;HND74;-1,00
340,00;Honduras;1975;340;Honduras;HND;91,00;Honduras 1975;HND75;-1,00
340,00;Honduras;1976;340;Honduras;HND;91,00;Honduras 1976;HND76;-1,00
340,00;Honduras;1977;340;Honduras;HND;91,00;Honduras 1977;HND77;-1,00
340,00;Honduras;1978;340;Honduras;HND;91,00;Honduras 1978;HND78;-1,00
340,00;Honduras;1979;340;Honduras;HND;91,00;Honduras 1979;HND79;-1,00
340,00;Honduras;1980;340;Honduras;HND;91,00;Honduras 1980;HND80;1,00
340,00;Honduras;1981;340;Honduras;HND;91,00;Honduras 1981;HND81;4,00
340,00;Honduras;1982;340;Honduras;HND;91,00;Honduras 1982;HND82;6,00
340,00;Honduras;1983;340;Honduras;HND;91,00;Honduras 1983;HND83;6,00
340,00;Honduras;1984;340;Honduras;HND;91,00;Honduras 1984;HND84;6,00
340,00;Honduras;1985;340;Honduras;HND;91,00;Honduras 1985;HND85;5,00
340,00;Honduras;1986;340;Honduras;HND;91,00;Honduras 1986;HND86;5,00
340,00;Honduras;1987;340;Honduras;HND;91,00;Honduras 1987;HND87;5,00
340,00;Honduras;1988;340;Honduras;HND;91,00;Honduras 1988;HND88;5,00
340,00;Honduras;1989;340;Honduras;HND;91,00;Honduras 1989;HND89;6,00
340,00;Honduras;1990;340;Honduras;HND;91,00;Honduras 1990;HND90;6,00
340,00;Honduras;1991;340;Honduras;HND;91,00;Honduras 1991;HND91;6,00
340,00;Honduras;1992;340;Honduras;HND;91,00;Honduras 1992;HND92;6,00
340,00;Honduras;1993;340;Honduras;HND;91,00;Honduras 1993;HND93;6,00
340,00;Honduras;1994;340;Honduras;HND;91,00;Honduras 1994;HND94;6,00
340,00;Honduras;1995;340;Honduras;HND;91,00;Honduras 1995;HND95;6,00
340,00;Honduras;1996;340;Honduras;HND;91,00;Honduras 1996;HND96;6,00
340,00;Honduras;1997;340;Honduras;HND;91,00;Honduras 1997;HND97;6,00
340,00;Honduras;1998;340;Honduras;HND;91,00;Honduras 1998;HND98;6,00
340,00;Honduras;1999;340;Honduras;HND;91,00;Honduras 1999;HND99;7,00
340,00;Honduras;2000;340;Honduras;HND;91,00;Honduras 2000;HND00;7,00
340,00;Honduras;2001;340;Honduras;HND;91,00;Honduras 2001;HND01;7,00
340,00;Honduras;2002;340;Honduras;HND;91,00;Honduras 2002;HND02;7,00
340,00;Honduras;2003;340;Honduras;HND;91,00;Honduras 2003;HND03;7,00
340,00;Honduras;2004;340;Honduras;HND;91,00;Honduras 2004;HND04;7,00
340,00;Honduras;2005;340;Honduras;HND;91,00;Honduras 2005;HND05;7,00
340,00;Honduras;2006;340;Honduras;HND;91,00;Honduras 2006;HND06;7,00
340,00;Honduras;2007;340;Honduras;HND;91,00;Honduras 2007;HND07;7,00
340,00;Honduras;2008;340;Honduras;HND;91,00;Honduras 2008;HND08;7,00
340,00;Honduras;2009;340;Honduras;HND;91,00;Honduras 2009;HND09;7,00
340,00;Honduras;2010;340;Honduras;HND;91,00;Honduras 2010;HND10;7,00
340,00;Honduras;2011;340;Honduras;HND;91,00;Honduras 2011;HND11;7,00
340,00;Honduras;2012;340;Honduras;HND;91,00;Honduras 2012;HND12;7,00
340,00;Honduras;2013;340;Honduras;HND;91,00;Honduras 2013;HND13;7,00
340,00;Honduras;2014;340;Honduras;HND;91,00;Honduras 2014;HND14;7,00
340,00;Honduras;2015;340;Honduras;HND;91,00;Honduras 2015;HND15;7,00
340,00;Honduras;2016;340;Honduras;HND;91,00;Honduras 2016;HND16;7,00
340,00;Honduras;2017;340;Honduras;HND;91,00;Honduras 2017;HND17;7,00
340,00;Honduras;2018;340;Honduras;HND;91,00;Honduras 2018;HND18;7,00
348,00;Hungary;1946;348;Hungary;HUN;310,00;Hungary 1946;HUN46;-4,00
348,00;Hungary;1947;348;Hungary;HUN;310,00;Hungary 1947;HUN47;-6,00
348,00;Hungary;1948;348;Hungary;HUN;310,00;Hungary 1948;HUN48;-7,00
348,00;Hungary;1949;348;Hungary;HUN;310,00;Hungary 1949;HUN49;-7,00
348,00;Hungary;1950;348;Hungary;HUN;310,00;Hungary 1950;HUN50;-7,00
348,00;Hungary;1951;348;Hungary;HUN;310,00;Hungary 1951;HUN51;-7,00
348,00;Hungary;1952;348;Hungary;HUN;310,00;Hungary 1952;HUN52;-7,00
348,00;Hungary;1953;348;Hungary;HUN;310,00;Hungary 1953;HUN53;-7,00
348,00;Hungary;1954;348;Hungary;HUN;310,00;Hungary 1954;HUN54;-7,00
348,00;Hungary;1955;348;Hungary;HUN;310,00;Hungary 1955;HUN55;-7,00
348,00;Hungary;1957;348;Hungary;HUN;310,00;Hungary 1957;HUN57;-7,00
348,00;Hungary;1958;348;Hungary;HUN;310,00;Hungary 1958;HUN58;-7,00
348,00;Hungary;1959;348;Hungary;HUN;310,00;Hungary 1959;HUN59;-7,00
348,00;Hungary;1960;348;Hungary;HUN;310,00;Hungary 1960;HUN60;-7,00
348,00;Hungary;1961;348;Hungary;HUN;310,00;Hungary 1961;HUN61;-7,00
348,00;Hungary;1962;348;Hungary;HUN;310,00;Hungary 1962;HUN62;-7,00
348,00;Hungary;1963;348;Hungary;HUN;310,00;Hungary 1963;HUN63;-7,00
348,00;Hungary;1964;348;Hungary;HUN;310,00;Hungary 1964;HUN64;-7,00
348,00;Hungary;1965;348;Hungary;HUN;310,00;Hungary 1965;HUN65;-7,00
348,00;Hungary;1966;348;Hungary;HUN;310,00;Hungary 1966;HUN66;-7,00
348,00;Hungary;1967;348;Hungary;HUN;310,00;Hungary 1967;HUN67;-7,00
348,00;Hungary;1968;348;Hungary;HUN;310,00;Hungary 1968;HUN68;-7,00
348,00;Hungary;1969;348;Hungary;HUN;310,00;Hungary 1969;HUN69;-7,00
348,00;Hungary;1970;348;Hungary;HUN;310,00;Hungary 1970;HUN70;-7,00
348,00;Hungary;1971;348;Hungary;HUN;310,00;Hungary 1971;HUN71;-7,00
348,00;Hungary;1972;348;Hungary;HUN;310,00;Hungary 1972;HUN72;-7,00
348,00;Hungary;1973;348;Hungary;HUN;310,00;Hungary 1973;HUN73;-7,00
348,00;Hungary;1974;348;Hungary;HUN;310,00;Hungary 1974;HUN74;-7,00
348,00;Hungary;1975;348;Hungary;HUN;310,00;Hungary 1975;HUN75;-7,00
348,00;Hungary;1976;348;Hungary;HUN;310,00;Hungary 1976;HUN76;-7,00
348,00;Hungary;1977;348;Hungary;HUN;310,00;Hungary 1977;HUN77;-7,00
348,00;Hungary;1978;348;Hungary;HUN;310,00;Hungary 1978;HUN78;-7,00
348,00;Hungary;1979;348;Hungary;HUN;310,00;Hungary 1979;HUN79;-7,00
348,00;Hungary;1980;348;Hungary;HUN;310,00;Hungary 1980;HUN80;-7,00
348,00;Hungary;1981;348;Hungary;HUN;310,00;Hungary 1981;HUN81;-7,00
348,00;Hungary;1982;348;Hungary;HUN;310,00;Hungary 1982;HUN82;-7,00
348,00;Hungary;1983;348;Hungary;HUN;310,00;Hungary 1983;HUN83;-7,00
348,00;Hungary;1984;348;Hungary;HUN;310,00;Hungary 1984;HUN84;-7,00
348,00;Hungary;1985;348;Hungary;HUN;310,00;Hungary 1985;HUN85;-7,00
348,00;Hungary;1986;348;Hungary;HUN;310,00;Hungary 1986;HUN86;-7,00
348,00;Hungary;1987;348;Hungary;HUN;310,00;Hungary 1987;HUN87;-7,00
348,00;Hungary;1988;348;Hungary;HUN;310,00;Hungary 1988;HUN88;-2,00
348,00;Hungary;1989;348;Hungary;HUN;310,00;Hungary 1989;HUN89;4,00
348,00;Hungary;1990;348;Hungary;HUN;310,00;Hungary 1990;HUN90;10,00
348,00;Hungary;1991;348;Hungary;HUN;310,00;Hungary 1991;HUN91;10,00
348,00;Hungary;1992;348;Hungary;HUN;310,00;Hungary 1992;HUN92;10,00
348,00;Hungary;1993;348;Hungary;HUN;310,00;Hungary 1993;HUN93;10,00
348,00;Hungary;1994;348;Hungary;HUN;310,00;Hungary 1994;HUN94;10,00
348,00;Hungary;1995;348;Hungary;HUN;310,00;Hungary 1995;HUN95;10,00
348,00;Hungary;1996;348;Hungary;HUN;310,00;Hungary 1996;HUN96;10,00
348,00;Hungary;1997;348;Hungary;HUN;310,00;Hungary 1997;HUN97;10,00
348,00;Hungary;1998;348;Hungary;HUN;310,00;Hungary 1998;HUN98;10,00
348,00;Hungary;1999;348;Hungary;HUN;310,00;Hungary 1999;HUN99;10,00
348,00;Hungary;2000;348;Hungary;HUN;310,00;Hungary 2000;HUN00;10,00
348,00;Hungary;2001;348;Hungary;HUN;310,00;Hungary 2001;HUN01;10,00
348,00;Hungary;2002;348;Hungary;HUN;310,00;Hungary 2002;HUN02;10,00
348,00;Hungary;2003;348;Hungary;HUN;310,00;Hungary 2003;HUN03;10,00
348,00;Hungary;2004;348;Hungary;HUN;310,00;Hungary 2004;HUN04;10,00
348,00;Hungary;2005;348;Hungary;HUN;310,00;Hungary 2005;HUN05;10,00
348,00;Hungary;2006;348;Hungary;HUN;310,00;Hungary 2006;HUN06;10,00
348,00;Hungary;2007;348;Hungary;HUN;310,00;Hungary 2007;HUN07;10,00
348,00;Hungary;2008;348;Hungary;HUN;310,00;Hungary 2008;HUN08;10,00
348,00;Hungary;2009;348;Hungary;HUN;310,00;Hungary 2009;HUN09;10,00
348,00;Hungary;2010;348;Hungary;HUN;310,00;Hungary 2010;HUN10;10,00
348,00;Hungary;2011;348;Hungary;HUN;310,00;Hungary 2011;HUN11;10,00
348,00;Hungary;2012;348;Hungary;HUN;310,00;Hungary 2012;HUN12;10,00
348,00;Hungary;2013;348;Hungary;HUN;310,00;Hungary 2013;HUN13;10,00
348,00;Hungary;2014;348;Hungary;HUN;310,00;Hungary 2014;HUN14;10,00
348,00;Hungary;2015;348;Hungary;HUN;310,00;Hungary 2015;HUN15;10,00
348,00;Hungary;2016;348;Hungary;HUN;310,00;Hungary 2016;HUN16;10,00
348,00;Hungary;2017;348;Hungary;HUN;310,00;Hungary 2017;HUN17;10,00
348,00;Hungary;2018;348;Hungary;HUN;310,00;Hungary 2018;HUN18;10,00
356,00;India;1952;356;India;IND;750,00;India 1952;IND52;5,00
356,00;India;1953;356;India;IND;750,00;India 1953;IND53;5,00
356,00;India;1954;356;India;IND;750,00;India 1954;IND54;5,00
356,00;India;1955;356;India;IND;750,00;India 1955;IND55;5,00
356,00;India;1956;356;India;IND;750,00;India 1956;IND56;5,00
356,00;India;1957;356;India;IND;750,00;India 1957;IND57;5,00
356,00;India;1958;356;India;IND;750,00;India 1958;IND58;5,00
356,00;India;1959;356;India;IND;750,00;India 1959;IND59;5,00
356,00;India;1960;356;India;IND;750,00;India 1960;IND60;5,00
356,00;India;1961;356;India;IND;750,00;India 1961;IND61;5,00
356,00;India;1962;356;India;IND;750,00;India 1962;IND62;5,00
356,00;India;1963;356;India;IND;750,00;India 1963;IND63;5,00
356,00;India;1964;356;India;IND;750,00;India 1964;IND64;5,00
356,00;India;1965;356;India;IND;750,00;India 1965;IND65;5,00
356,00;India;1966;356;India;IND;750,00;India 1966;IND66;5,00
356,00;India;1967;356;India;IND;750,00;India 1967;IND67;8,00
356,00;India;1968;356;India;IND;750,00;India 1968;IND68;8,00
356,00;India;1969;356;India;IND;750,00;India 1969;IND69;8,00
356,00;India;1970;356;India;IND;750,00;India 1970;IND70;8,00
356,00;India;1971;356;India;IND;750,00;India 1971;IND71;8,00
356,00;India;1972;356;India;IND;750,00;India 1972;IND72;8,00
356,00;India;1973;356;India;IND;750,00;India 1973;IND73;8,00
356,00;India;1974;356;India;IND;750,00;India 1974;IND74;8,00
356,00;India;1975;356;India;IND;750,00;India 1975;IND75;6,00
356,00;India;1976;356;India;IND;750,00;India 1976;IND76;6,00
356,00;India;1977;356;India;IND;750,00;India 1977;IND77;8,00
356,00;India;1978;356;India;IND;750,00;India 1978;IND78;8,00
356,00;India;1979;356;India;IND;750,00;India 1979;IND79;8,00
356,00;India;1980;356;India;IND;750,00;India 1980;IND80;8,00
356,00;India;1981;356;India;IND;750,00;India 1981;IND81;8,00
356,00;India;1982;356;India;IND;750,00;India 1982;IND82;8,00
356,00;India;1983;356;India;IND;750,00;India 1983;IND83;8,00
356,00;India;1984;356;India;IND;750,00;India 1984;IND84;8,00
356,00;India;1985;356;India;IND;750,00;India 1985;IND85;8,00
356,00;India;1986;356;India;IND;750,00;India 1986;IND86;8,00
356,00;India;1987;356;India;IND;750,00;India 1987;IND87;8,00
356,00;India;1988;356;India;IND;750,00;India 1988;IND88;8,00
356,00;India;1989;356;India;IND;750,00;India 1989;IND89;8,00
356,00;India;1990;356;India;IND;750,00;India 1990;IND90;8,00
356,00;India;1991;356;India;IND;750,00;India 1991;IND91;8,00
356,00;India;1992;356;India;IND;750,00;India 1992;IND92;8,00
356,00;India;1993;356;India;IND;750,00;India 1993;IND93;8,00
356,00;India;1994;356;India;IND;750,00;India 1994;IND94;8,00
356,00;India;1995;356;India;IND;750,00;India 1995;IND95;8,00
356,00;India;1996;356;India;IND;750,00;India 1996;IND96;8,00
356,00;India;1997;356;India;IND;750,00;India 1997;IND97;8,00
356,00;India;1998;356;India;IND;750,00;India 1998;IND98;9,00
356,00;India;1999;356;India;IND;750,00;India 1999;IND99;9,00
356,00;India;2000;356;India;IND;750,00;India 2000;IND00;9,00
356,00;India;2001;356;India;IND;750,00;India 2001;IND01;9,00
356,00;India;2002;356;India;IND;750,00;India 2002;IND02;9,00
356,00;India;2003;356;India;IND;750,00;India 2003;IND03;9,00
356,00;India;2004;356;India;IND;750,00;India 2004;IND04;9,00
356,00;India;2005;356;India;IND;750,00;India 2005;IND05;9,00
356,00;India;2006;356;India;IND;750,00;India 2006;IND06;9,00
356,00;India;2007;356;India;IND;750,00;India 2007;IND07;9,00
356,00;India;2008;356;India;IND;750,00;India 2008;IND08;9,00
356,00;India;2009;356;India;IND;750,00;India 2009;IND09;9,00
356,00;India;2010;356;India;IND;750,00;India 2010;IND10;9,00
356,00;India;2011;356;India;IND;750,00;India 2011;IND11;9,00
356,00;India;2012;356;India;IND;750,00;India 2012;IND12;9,00
356,00;India;2013;356;India;IND;750,00;India 2013;IND13;9,00
356,00;India;2014;356;India;IND;750,00;India 2014;IND14;9,00
356,00;India;2015;356;India;IND;750,00;India 2015;IND15;9,00
356,00;India;2016;356;India;IND;750,00;India 2016;IND16;9,00
356,00;India;2017;356;India;IND;750,00;India 2017;IND17;9,00
356,00;India;2018;356;India;IND;750,00;India 2018;IND18;9,00
360,00;Indonesia;1950;360;Indonesia;IDN;850,00;Indonesia 1950;IDN50;0,00
360,00;Indonesia;1951;360;Indonesia;IDN;850,00;Indonesia 1951;IDN51;0,00
360,00;Indonesia;1952;360;Indonesia;IDN;850,00;Indonesia 1952;IDN52;0,00
360,00;Indonesia;1953;360;Indonesia;IDN;850,00;Indonesia 1953;IDN53;0,00
360,00;Indonesia;1954;360;Indonesia;IDN;850,00;Indonesia 1954;IDN54;0,00
360,00;Indonesia;1955;360;Indonesia;IDN;850,00;Indonesia 1955;IDN55;0,00
360,00;Indonesia;1956;360;Indonesia;IDN;850,00;Indonesia 1956;IDN56;0,00
360,00;Indonesia;1957;360;Indonesia;IDN;850,00;Indonesia 1957;IDN57;-1,00
360,00;Indonesia;1958;360;Indonesia;IDN;850,00;Indonesia 1958;IDN58;-1,00
360,00;Indonesia;1959;360;Indonesia;IDN;850,00;Indonesia 1959;IDN59;-5,00
360,00;Indonesia;1960;360;Indonesia;IDN;850,00;Indonesia 1960;IDN60;-5,00
360,00;Indonesia;1961;360;Indonesia;IDN;850,00;Indonesia 1961;IDN61;-5,00
360,00;Indonesia;1962;360;Indonesia;IDN;850,00;Indonesia 1962;IDN62;-5,00
360,00;Indonesia;1963;360;Indonesia;IDN;850,00;Indonesia 1963;IDN63;-5,00
360,00;Indonesia;1964;360;Indonesia;IDN;850,00;Indonesia 1964;IDN64;-5,00
360,00;Indonesia;1965;360;Indonesia;IDN;850,00;Indonesia 1965;IDN65;-5,00
360,00;Indonesia;1966;360;Indonesia;IDN;850,00;Indonesia 1966;IDN66;-6,00
360,00;Indonesia;1967;360;Indonesia;IDN;850,00;Indonesia 1967;IDN67;-7,00
360,00;Indonesia;1968;360;Indonesia;IDN;850,00;Indonesia 1968;IDN68;-7,00
360,00;Indonesia;1969;360;Indonesia;IDN;850,00;Indonesia 1969;IDN69;-7,00
360,00;Indonesia;1970;360;Indonesia;IDN;850,00;Indonesia 1970;IDN70;-7,00
360,00;Indonesia;1971;360;Indonesia;IDN;850,00;Indonesia 1971;IDN71;-7,00
360,00;Indonesia;1972;360;Indonesia;IDN;850,00;Indonesia 1972;IDN72;-7,00
360,00;Indonesia;1973;360;Indonesia;IDN;850,00;Indonesia 1973;IDN73;-7,00
360,00;Indonesia;1974;360;Indonesia;IDN;850,00;Indonesia 1974;IDN74;-7,00
360,00;Indonesia;1975;360;Indonesia;IDN;850,00;Indonesia 1975;IDN75;-7,00
360,00;Indonesia;1976;360;Indonesia;IDN;850,00;Indonesia 1976;IDN76;-7,00
360,00;Indonesia;1977;360;Indonesia;IDN;850,00;Indonesia 1977;IDN77;-7,00
360,00;Indonesia;1978;360;Indonesia;IDN;850,00;Indonesia 1978;IDN78;-7,00
360,00;Indonesia;1979;360;Indonesia;IDN;850,00;Indonesia 1979;IDN79;-7,00
360,00;Indonesia;1980;360;Indonesia;IDN;850,00;Indonesia 1980;IDN80;-7,00
360,00;Indonesia;1981;360;Indonesia;IDN;850,00;Indonesia 1981;IDN81;-7,00
360,00;Indonesia;1982;360;Indonesia;IDN;850,00;Indonesia 1982;IDN82;-7,00
360,00;Indonesia;1983;360;Indonesia;IDN;850,00;Indonesia 1983;IDN83;-7,00
360,00;Indonesia;1984;360;Indonesia;IDN;850,00;Indonesia 1984;IDN84;-7,00
360,00;Indonesia;1985;360;Indonesia;IDN;850,00;Indonesia 1985;IDN85;-7,00
360,00;Indonesia;1986;360;Indonesia;IDN;850,00;Indonesia 1986;IDN86;-7,00
360,00;Indonesia;1987;360;Indonesia;IDN;850,00;Indonesia 1987;IDN87;-7,00
360,00;Indonesia;1988;360;Indonesia;IDN;850,00;Indonesia 1988;IDN88;-7,00
360,00;Indonesia;1989;360;Indonesia;IDN;850,00;Indonesia 1989;IDN89;-7,00
360,00;Indonesia;1990;360;Indonesia;IDN;850,00;Indonesia 1990;IDN90;-7,00
360,00;Indonesia;1991;360;Indonesia;IDN;850,00;Indonesia 1991;IDN91;-7,00
360,00;Indonesia;1992;360;Indonesia;IDN;850,00;Indonesia 1992;IDN92;-7,00
360,00;Indonesia;1993;360;Indonesia;IDN;850,00;Indonesia 1993;IDN93;-7,00
360,00;Indonesia;1994;360;Indonesia;IDN;850,00;Indonesia 1994;IDN94;-7,00
360,00;Indonesia;1995;360;Indonesia;IDN;850,00;Indonesia 1995;IDN95;-7,00
360,00;Indonesia;1996;360;Indonesia;IDN;850,00;Indonesia 1996;IDN96;-7,00
360,00;Indonesia;1997;360;Indonesia;IDN;850,00;Indonesia 1997;IDN97;-7,00
360,00;Indonesia;1998;360;Indonesia;IDN;850,00;Indonesia 1998;IDN98;-5,00
360,00;Indonesia;1999;360;Indonesia;IDN;850,00;Indonesia 1999;IDN99;6,00
360,00;Indonesia;2000;360;Indonesia;IDN;850,00;Indonesia 2000;IDN00;6,00
360,00;Indonesia;2001;360;Indonesia;IDN;850,00;Indonesia 2001;IDN01;6,00
360,00;Indonesia;2002;360;Indonesia;IDN;850,00;Indonesia 2002;IDN02;6,00
360,00;Indonesia;2003;360;Indonesia;IDN;850,00;Indonesia 2003;IDN03;6,00
360,00;Indonesia;2004;360;Indonesia;IDN;850,00;Indonesia 2004;IDN04;8,00
360,00;Indonesia;2005;360;Indonesia;IDN;850,00;Indonesia 2005;IDN05;8,00
360,00;Indonesia;2006;360;Indonesia;IDN;850,00;Indonesia 2006;IDN06;8,00
360,00;Indonesia;2007;360;Indonesia;IDN;850,00;Indonesia 2007;IDN07;8,00
360,00;Indonesia;2008;360;Indonesia;IDN;850,00;Indonesia 2008;IDN08;8,00
360,00;Indonesia;2009;360;Indonesia;IDN;850,00;Indonesia 2009;IDN09;8,00
360,00;Indonesia;2010;360;Indonesia;IDN;850,00;Indonesia 2010;IDN10;8,00
360,00;Indonesia;2011;360;Indonesia;IDN;850,00;Indonesia 2011;IDN11;8,00
360,00;Indonesia;2012;360;Indonesia;IDN;850,00;Indonesia 2012;IDN12;8,00
360,00;Indonesia;2013;360;Indonesia;IDN;850,00;Indonesia 2013;IDN13;8,00
360,00;Indonesia;2014;360;Indonesia;IDN;850,00;Indonesia 2014;IDN14;9,00
360,00;Indonesia;2015;360;Indonesia;IDN;850,00;Indonesia 2015;IDN15;9,00
360,00;Indonesia;2016;360;Indonesia;IDN;850,00;Indonesia 2016;IDN16;9,00
360,00;Indonesia;2017;360;Indonesia;IDN;850,00;Indonesia 2017;IDN17;9,00
360,00;Indonesia;2018;360;Indonesia;IDN;850,00;Indonesia 2018;IDN18;9,00
364,00;Iran (Islamic Republic of);1946;364;Iran;IRN;630,00;Iran 1946;IRN46;4,00
364,00;Iran (Islamic Republic of);1947;364;Iran;IRN;630,00;Iran 1947;IRN47;4,00
364,00;Iran (Islamic Republic of);1948;364;Iran;IRN;630,00;Iran 1948;IRN48;4,00
364,00;Iran (Islamic Republic of);1949;364;Iran;IRN;630,00;Iran 1949;IRN49;4,00
364,00;Iran (Islamic Republic of);1950;364;Iran;IRN;630,00;Iran 1950;IRN50;4,00
364,00;Iran (Islamic Republic of);1951;364;Iran;IRN;630,00;Iran 1951;IRN51;4,00
364,00;Iran (Islamic Republic of);1952;364;Iran;IRN;630,00;Iran 1952;IRN52;4,00
364,00;Iran (Islamic Republic of);1953;364;Iran;IRN;630,00;Iran 1953;IRN53;-10,00
364,00;Iran (Islamic Republic of);1954;364;Iran;IRN;630,00;Iran 1954;IRN54;-10,00
364,00;Iran (Islamic Republic of);1955;364;Iran;IRN;630,00;Iran 1955;IRN55;-10,00
364,00;Iran (Islamic Republic of);1956;364;Iran;IRN;630,00;Iran 1956;IRN56;-10,00
364,00;Iran (Islamic Republic of);1957;364;Iran;IRN;630,00;Iran 1957;IRN57;-10,00
364,00;Iran (Islamic Republic of);1958;364;Iran;IRN;630,00;Iran 1958;IRN58;-10,00
364,00;Iran (Islamic Republic of);1959;364;Iran;IRN;630,00;Iran 1959;IRN59;-10,00
364,00;Iran (Islamic Republic of);1960;364;Iran;IRN;630,00;Iran 1960;IRN60;-10,00
364,00;Iran (Islamic Republic of);1961;364;Iran;IRN;630,00;Iran 1961;IRN61;-10,00
364,00;Iran (Islamic Republic of);1962;364;Iran;IRN;630,00;Iran 1962;IRN62;-10,00
364,00;Iran (Islamic Republic of);1963;364;Iran;IRN;630,00;Iran 1963;IRN63;-10,00
364,00;Iran (Islamic Republic of);1964;364;Iran;IRN;630,00;Iran 1964;IRN64;-10,00
364,00;Iran (Islamic Republic of);1965;364;Iran;IRN;630,00;Iran 1965;IRN65;-10,00
364,00;Iran (Islamic Republic of);1966;364;Iran;IRN;630,00;Iran 1966;IRN66;-10,00
364,00;Iran (Islamic Republic of);1967;364;Iran;IRN;630,00;Iran 1967;IRN67;-10,00
364,00;Iran (Islamic Republic of);1968;364;Iran;IRN;630,00;Iran 1968;IRN68;-10,00
364,00;Iran (Islamic Republic of);1969;364;Iran;IRN;630,00;Iran 1969;IRN69;-10,00
364,00;Iran (Islamic Republic of);1970;364;Iran;IRN;630,00;Iran 1970;IRN70;-10,00
364,00;Iran (Islamic Republic of);1971;364;Iran;IRN;630,00;Iran 1971;IRN71;-10,00
364,00;Iran (Islamic Republic of);1972;364;Iran;IRN;630,00;Iran 1972;IRN72;-10,00
364,00;Iran (Islamic Republic of);1973;364;Iran;IRN;630,00;Iran 1973;IRN73;-10,00
364,00;Iran (Islamic Republic of);1974;364;Iran;IRN;630,00;Iran 1974;IRN74;-10,00
364,00;Iran (Islamic Republic of);1975;364;Iran;IRN;630,00;Iran 1975;IRN75;-10,00
364,00;Iran (Islamic Republic of);1976;364;Iran;IRN;630,00;Iran 1976;IRN76;-10,00
364,00;Iran (Islamic Republic of);1977;364;Iran;IRN;630,00;Iran 1977;IRN77;-10,00
364,00;Iran (Islamic Republic of);1978;364;Iran;IRN;630,00;Iran 1978;IRN78;-10,00
364,00;Iran (Islamic Republic of);1979;364;Iran;IRN;630,00;Iran 1979;IRN79;-6,00
364,00;Iran (Islamic Republic of);1980;364;Iran;IRN;630,00;Iran 1980;IRN80;-6,00
364,00;Iran (Islamic Republic of);1981;364;Iran;IRN;630,00;Iran 1981;IRN81;-6,00
364,00;Iran (Islamic Republic of);1982;364;Iran;IRN;630,00;Iran 1982;IRN82;-6,00
364,00;Iran (Islamic Republic of);1983;364;Iran;IRN;630,00;Iran 1983;IRN83;-6,00
364,00;Iran (Islamic Republic of);1984;364;Iran;IRN;630,00;Iran 1984;IRN84;-6,00
364,00;Iran (Islamic Republic of);1985;364;Iran;IRN;630,00;Iran 1985;IRN85;-6,00
364,00;Iran (Islamic Republic of);1986;364;Iran;IRN;630,00;Iran 1986;IRN86;-6,00
364,00;Iran (Islamic Republic of);1987;364;Iran;IRN;630,00;Iran 1987;IRN87;-6,00
364,00;Iran (Islamic Republic of);1988;364;Iran;IRN;630,00;Iran 1988;IRN88;-6,00
364,00;Iran (Islamic Republic of);1989;364;Iran;IRN;630,00;Iran 1989;IRN89;-6,00
364,00;Iran (Islamic Republic of);1990;364;Iran;IRN;630,00;Iran 1990;IRN90;-6,00
364,00;Iran (Islamic Republic of);1991;364;Iran;IRN;630,00;Iran 1991;IRN91;-6,00
364,00;Iran (Islamic Republic of);1992;364;Iran;IRN;630,00;Iran 1992;IRN92;-6,00
364,00;Iran (Islamic Republic of);1993;364;Iran;IRN;630,00;Iran 1993;IRN93;-6,00
364,00;Iran (Islamic Republic of);1994;364;Iran;IRN;630,00;Iran 1994;IRN94;-6,00
364,00;Iran (Islamic Republic of);1995;364;Iran;IRN;630,00;Iran 1995;IRN95;-6,00
364,00;Iran (Islamic Republic of);1996;364;Iran;IRN;630,00;Iran 1996;IRN96;-6,00
364,00;Iran (Islamic Republic of);1997;364;Iran;IRN;630,00;Iran 1997;IRN97;3,00
364,00;Iran (Islamic Republic of);1998;364;Iran;IRN;630,00;Iran 1998;IRN98;3,00
364,00;Iran (Islamic Republic of);1999;364;Iran;IRN;630,00;Iran 1999;IRN99;3,00
364,00;Iran (Islamic Republic of);2000;364;Iran;IRN;630,00;Iran 2000;IRN00;3,00
364,00;Iran (Islamic Republic of);2001;364;Iran;IRN;630,00;Iran 2001;IRN01;3,00
364,00;Iran (Islamic Republic of);2002;364;Iran;IRN;630,00;Iran 2002;IRN02;3,00
364,00;Iran (Islamic Republic of);2003;364;Iran;IRN;630,00;Iran 2003;IRN03;3,00
364,00;Iran (Islamic Republic of);2004;364;Iran;IRN;630,00;Iran 2004;IRN04;-7,00
364,00;Iran (Islamic Republic of);2005;364;Iran;IRN;630,00;Iran 2005;IRN05;-6,00
364,00;Iran (Islamic Republic of);2006;364;Iran;IRN;630,00;Iran 2006;IRN06;-6,00
364,00;Iran (Islamic Republic of);2007;364;Iran;IRN;630,00;Iran 2007;IRN07;-6,00
364,00;Iran (Islamic Republic of);2008;364;Iran;IRN;630,00;Iran 2008;IRN08;-6,00
364,00;Iran (Islamic Republic of);2009;364;Iran;IRN;630,00;Iran 2009;IRN09;-7,00
364,00;Iran (Islamic Republic of);2010;364;Iran;IRN;630,00;Iran 2010;IRN10;-7,00
364,00;Iran (Islamic Republic of);2011;364;Iran;IRN;630,00;Iran 2011;IRN11;-7,00
364,00;Iran (Islamic Republic of);2012;364;Iran;IRN;630,00;Iran 2012;IRN12;-7,00
364,00;Iran (Islamic Republic of);2013;364;Iran;IRN;630,00;Iran 2013;IRN13;-7,00
364,00;Iran (Islamic Republic of);2014;364;Iran;IRN;630,00;Iran 2014;IRN14;-7,00
364,00;Iran (Islamic Republic of);2015;364;Iran;IRN;630,00;Iran 2015;IRN15;-7,00
364,00;Iran (Islamic Republic of);2016;364;Iran;IRN;630,00;Iran 2016;IRN16;-7,00
364,00;Iran (Islamic Republic of);2017;364;Iran;IRN;630,00;Iran 2017;IRN17;-7,00
364,00;Iran (Islamic Republic of);2018;364;Iran;IRN;630,00;Iran 2018;IRN18;-7,00
368,00;Iraq;1946;368;Iraq;IRQ;645,00;Iraq 1946;IRQ46;-4,00
368,00;Iraq;1947;368;Iraq;IRQ;645,00;Iraq 1947;IRQ47;-4,00
368,00;Iraq;1948;368;Iraq;IRQ;645,00;Iraq 1948;IRQ48;-4,00
368,00;Iraq;1949;368;Iraq;IRQ;645,00;Iraq 1949;IRQ49;-4,00
368,00;Iraq;1950;368;Iraq;IRQ;645,00;Iraq 1950;IRQ50;-4,00
368,00;Iraq;1951;368;Iraq;IRQ;645,00;Iraq 1951;IRQ51;-4,00
368,00;Iraq;1952;368;Iraq;IRQ;645,00;Iraq 1952;IRQ52;-4,00
368,00;Iraq;1953;368;Iraq;IRQ;645,00;Iraq 1953;IRQ53;-4,00
368,00;Iraq;1954;368;Iraq;IRQ;645,00;Iraq 1954;IRQ54;-4,00
368,00;Iraq;1955;368;Iraq;IRQ;645,00;Iraq 1955;IRQ55;-4,00
368,00;Iraq;1956;368;Iraq;IRQ;645,00;Iraq 1956;IRQ56;-4,00
368,00;Iraq;1957;368;Iraq;IRQ;645,00;Iraq 1957;IRQ57;-4,00
368,00;Iraq;1958;368;Iraq;IRQ;645,00;Iraq 1958;IRQ58;-5,00
368,00;Iraq;1959;368;Iraq;IRQ;645,00;Iraq 1959;IRQ59;-5,00
368,00;Iraq;1960;368;Iraq;IRQ;645,00;Iraq 1960;IRQ60;-5,00
368,00;Iraq;1961;368;Iraq;IRQ;645,00;Iraq 1961;IRQ61;-5,00
368,00;Iraq;1962;368;Iraq;IRQ;645,00;Iraq 1962;IRQ62;-5,00
368,00;Iraq;1963;368;Iraq;IRQ;645,00;Iraq 1963;IRQ63;-5,00
368,00;Iraq;1964;368;Iraq;IRQ;645,00;Iraq 1964;IRQ64;-5,00
368,00;Iraq;1965;368;Iraq;IRQ;645,00;Iraq 1965;IRQ65;-5,00
368,00;Iraq;1966;368;Iraq;IRQ;645,00;Iraq 1966;IRQ66;-5,00
368,00;Iraq;1967;368;Iraq;IRQ;645,00;Iraq 1967;IRQ67;-5,00
368,00;Iraq;1968;368;Iraq;IRQ;645,00;Iraq 1968;IRQ68;-7,00
368,00;Iraq;1969;368;Iraq;IRQ;645,00;Iraq 1969;IRQ69;-7,00
368,00;Iraq;1970;368;Iraq;IRQ;645,00;Iraq 1970;IRQ70;-7,00
368,00;Iraq;1971;368;Iraq;IRQ;645,00;Iraq 1971;IRQ71;-7,00
368,00;Iraq;1972;368;Iraq;IRQ;645,00;Iraq 1972;IRQ72;-7,00
368,00;Iraq;1973;368;Iraq;IRQ;645,00;Iraq 1973;IRQ73;-7,00
368,00;Iraq;1974;368;Iraq;IRQ;645,00;Iraq 1974;IRQ74;-7,00
368,00;Iraq;1975;368;Iraq;IRQ;645,00;Iraq 1975;IRQ75;-7,00
368,00;Iraq;1976;368;Iraq;IRQ;645,00;Iraq 1976;IRQ76;-7,00
368,00;Iraq;1977;368;Iraq;IRQ;645,00;Iraq 1977;IRQ77;-7,00
368,00;Iraq;1978;368;Iraq;IRQ;645,00;Iraq 1978;IRQ78;-7,00
368,00;Iraq;1979;368;Iraq;IRQ;645,00;Iraq 1979;IRQ79;-9,00
368,00;Iraq;1980;368;Iraq;IRQ;645,00;Iraq 1980;IRQ80;-9,00
368,00;Iraq;1981;368;Iraq;IRQ;645,00;Iraq 1981;IRQ81;-9,00
368,00;Iraq;1982;368;Iraq;IRQ;645,00;Iraq 1982;IRQ82;-9,00
368,00;Iraq;1983;368;Iraq;IRQ;645,00;Iraq 1983;IRQ83;-9,00
368,00;Iraq;1984;368;Iraq;IRQ;645,00;Iraq 1984;IRQ84;-9,00
368,00;Iraq;1985;368;Iraq;IRQ;645,00;Iraq 1985;IRQ85;-9,00
368,00;Iraq;1986;368;Iraq;IRQ;645,00;Iraq 1986;IRQ86;-9,00
368,00;Iraq;1987;368;Iraq;IRQ;645,00;Iraq 1987;IRQ87;-9,00
368,00;Iraq;1988;368;Iraq;IRQ;645,00;Iraq 1988;IRQ88;-9,00
368,00;Iraq;1989;368;Iraq;IRQ;645,00;Iraq 1989;IRQ89;-9,00
368,00;Iraq;1990;368;Iraq;IRQ;645,00;Iraq 1990;IRQ90;-9,00
368,00;Iraq;1991;368;Iraq;IRQ;645,00;Iraq 1991;IRQ91;-9,00
368,00;Iraq;1992;368;Iraq;IRQ;645,00;Iraq 1992;IRQ92;-9,00
368,00;Iraq;1993;368;Iraq;IRQ;645,00;Iraq 1993;IRQ93;-9,00
368,00;Iraq;1994;368;Iraq;IRQ;645,00;Iraq 1994;IRQ94;-9,00
368,00;Iraq;1995;368;Iraq;IRQ;645,00;Iraq 1995;IRQ95;-9,00
368,00;Iraq;1996;368;Iraq;IRQ;645,00;Iraq 1996;IRQ96;-9,00
368,00;Iraq;1997;368;Iraq;IRQ;645,00;Iraq 1997;IRQ97;-9,00
368,00;Iraq;1998;368;Iraq;IRQ;645,00;Iraq 1998;IRQ98;-9,00
368,00;Iraq;1999;368;Iraq;IRQ;645,00;Iraq 1999;IRQ99;-9,00
368,00;Iraq;2000;368;Iraq;IRQ;645,00;Iraq 2000;IRQ00;-9,00
368,00;Iraq;2001;368;Iraq;IRQ;645,00;Iraq 2001;IRQ01;-9,00
368,00;Iraq;2002;368;Iraq;IRQ;645,00;Iraq 2002;IRQ02;-9,00
368,00;Iraq;2010;368;Iraq;IRQ;645,00;Iraq 2010;IRQ10;3,00
368,00;Iraq;2011;368;Iraq;IRQ;645,00;Iraq 2011;IRQ11;3,00
368,00;Iraq;2012;368;Iraq;IRQ;645,00;Iraq 2012;IRQ12;3,00
368,00;Iraq;2013;368;Iraq;IRQ;645,00;Iraq 2013;IRQ13;3,00
368,00;Iraq;2014;368;Iraq;IRQ;645,00;Iraq 2014;IRQ14;6,00
368,00;Iraq;2015;368;Iraq;IRQ;645,00;Iraq 2015;IRQ15;6,00
368,00;Iraq;2016;368;Iraq;IRQ;645,00;Iraq 2016;IRQ16;6,00
368,00;Iraq;2017;368;Iraq;IRQ;645,00;Iraq 2017;IRQ17;6,00
368,00;Iraq;2018;368;Iraq;IRQ;645,00;Iraq 2018;IRQ18;6,00
372,00;Ireland;1946;372;Ireland;IRL;205,00;Ireland 1946;IRL46;8,00
372,00;Ireland;1947;372;Ireland;IRL;205,00;Ireland 1947;IRL47;8,00
372,00;Ireland;1948;372;Ireland;IRL;205,00;Ireland 1948;IRL48;8,00
372,00;Ireland;1949;372;Ireland;IRL;205,00;Ireland 1949;IRL49;8,00
372,00;Ireland;1950;372;Ireland;IRL;205,00;Ireland 1950;IRL50;8,00
372,00;Ireland;1951;372;Ireland;IRL;205,00;Ireland 1951;IRL51;8,00
372,00;Ireland;1952;372;Ireland;IRL;205,00;Ireland 1952;IRL52;10,00
372,00;Ireland;1953;372;Ireland;IRL;205,00;Ireland 1953;IRL53;10,00
372,00;Ireland;1954;372;Ireland;IRL;205,00;Ireland 1954;IRL54;10,00
372,00;Ireland;1955;372;Ireland;IRL;205,00;Ireland 1955;IRL55;10,00
372,00;Ireland;1956;372;Ireland;IRL;205,00;Ireland 1956;IRL56;10,00
372,00;Ireland;1957;372;Ireland;IRL;205,00;Ireland 1957;IRL57;10,00
372,00;Ireland;1958;372;Ireland;IRL;205,00;Ireland 1958;IRL58;10,00
372,00;Ireland;1959;372;Ireland;IRL;205,00;Ireland 1959;IRL59;10,00
372,00;Ireland;1960;372;Ireland;IRL;205,00;Ireland 1960;IRL60;10,00
372,00;Ireland;1961;372;Ireland;IRL;205,00;Ireland 1961;IRL61;10,00
372,00;Ireland;1962;372;Ireland;IRL;205,00;Ireland 1962;IRL62;10,00
372,00;Ireland;1963;372;Ireland;IRL;205,00;Ireland 1963;IRL63;10,00
372,00;Ireland;1964;372;Ireland;IRL;205,00;Ireland 1964;IRL64;10,00
372,00;Ireland;1965;372;Ireland;IRL;205,00;Ireland 1965;IRL65;10,00
372,00;Ireland;1966;372;Ireland;IRL;205,00;Ireland 1966;IRL66;10,00
372,00;Ireland;1967;372;Ireland;IRL;205,00;Ireland 1967;IRL67;10,00
372,00;Ireland;1968;372;Ireland;IRL;205,00;Ireland 1968;IRL68;10,00
372,00;Ireland;1969;372;Ireland;IRL;205,00;Ireland 1969;IRL69;10,00
372,00;Ireland;1970;372;Ireland;IRL;205,00;Ireland 1970;IRL70;10,00
372,00;Ireland;1971;372;Ireland;IRL;205,00;Ireland 1971;IRL71;10,00
372,00;Ireland;1972;372;Ireland;IRL;205,00;Ireland 1972;IRL72;10,00
372,00;Ireland;1973;372;Ireland;IRL;205,00;Ireland 1973;IRL73;10,00
372,00;Ireland;1974;372;Ireland;IRL;205,00;Ireland 1974;IRL74;10,00
372,00;Ireland;1975;372;Ireland;IRL;205,00;Ireland 1975;IRL75;10,00
372,00;Ireland;1976;372;Ireland;IRL;205,00;Ireland 1976;IRL76;10,00
372,00;Ireland;1977;372;Ireland;IRL;205,00;Ireland 1977;IRL77;10,00
372,00;Ireland;1978;372;Ireland;IRL;205,00;Ireland 1978;IRL78;10,00
372,00;Ireland;1979;372;Ireland;IRL;205,00;Ireland 1979;IRL79;10,00
372,00;Ireland;1980;372;Ireland;IRL;205,00;Ireland 1980;IRL80;10,00
372,00;Ireland;1981;372;Ireland;IRL;205,00;Ireland 1981;IRL81;10,00
372,00;Ireland;1982;372;Ireland;IRL;205,00;Ireland 1982;IRL82;10,00
372,00;Ireland;1983;372;Ireland;IRL;205,00;Ireland 1983;IRL83;10,00
372,00;Ireland;1984;372;Ireland;IRL;205,00;Ireland 1984;IRL84;10,00
372,00;Ireland;1985;372;Ireland;IRL;205,00;Ireland 1985;IRL85;10,00
372,00;Ireland;1986;372;Ireland;IRL;205,00;Ireland 1986;IRL86;10,00
372,00;Ireland;1987;372;Ireland;IRL;205,00;Ireland 1987;IRL87;10,00
372,00;Ireland;1988;372;Ireland;IRL;205,00;Ireland 1988;IRL88;10,00
372,00;Ireland;1989;372;Ireland;IRL;205,00;Ireland 1989;IRL89;10,00
372,00;Ireland;1990;372;Ireland;IRL;205,00;Ireland 1990;IRL90;10,00
372,00;Ireland;1991;372;Ireland;IRL;205,00;Ireland 1991;IRL91;10,00
372,00;Ireland;1992;372;Ireland;IRL;205,00;Ireland 1992;IRL92;10,00
372,00;Ireland;1993;372;Ireland;IRL;205,00;Ireland 1993;IRL93;10,00
372,00;Ireland;1994;372;Ireland;IRL;205,00;Ireland 1994;IRL94;10,00
372,00;Ireland;1995;372;Ireland;IRL;205,00;Ireland 1995;IRL95;10,00
372,00;Ireland;1996;372;Ireland;IRL;205,00;Ireland 1996;IRL96;10,00
372,00;Ireland;1997;372;Ireland;IRL;205,00;Ireland 1997;IRL97;10,00
372,00;Ireland;1998;372;Ireland;IRL;205,00;Ireland 1998;IRL98;10,00
372,00;Ireland;1999;372;Ireland;IRL;205,00;Ireland 1999;IRL99;10,00
372,00;Ireland;2000;372;Ireland;IRL;205,00;Ireland 2000;IRL00;10,00
372,00;Ireland;2001;372;Ireland;IRL;205,00;Ireland 2001;IRL01;10,00
372,00;Ireland;2002;372;Ireland;IRL;205,00;Ireland 2002;IRL02;10,00
372,00;Ireland;2003;372;Ireland;IRL;205,00;Ireland 2003;IRL03;10,00
372,00;Ireland;2004;372;Ireland;IRL;205,00;Ireland 2004;IRL04;10,00
372,00;Ireland;2005;372;Ireland;IRL;205,00;Ireland 2005;IRL05;10,00
372,00;Ireland;2006;372;Ireland;IRL;205,00;Ireland 2006;IRL06;10,00
372,00;Ireland;2007;372;Ireland;IRL;205,00;Ireland 2007;IRL07;10,00
372,00;Ireland;2008;372;Ireland;IRL;205,00;Ireland 2008;IRL08;10,00
372,00;Ireland;2009;372;Ireland;IRL;205,00;Ireland 2009;IRL09;10,00
372,00;Ireland;2010;372;Ireland;IRL;205,00;Ireland 2010;IRL10;10,00
372,00;Ireland;2011;372;Ireland;IRL;205,00;Ireland 2011;IRL11;10,00
372,00;Ireland;2012;372;Ireland;IRL;205,00;Ireland 2012;IRL12;10,00
372,00;Ireland;2013;372;Ireland;IRL;205,00;Ireland 2013;IRL13;10,00
372,00;Ireland;2014;372;Ireland;IRL;205,00;Ireland 2014;IRL14;10,00
372,00;Ireland;2015;372;Ireland;IRL;205,00;Ireland 2015;IRL15;10,00
372,00;Ireland;2016;372;Ireland;IRL;205,00;Ireland 2016;IRL16;10,00
372,00;Ireland;2017;372;Ireland;IRL;205,00;Ireland 2017;IRL17;10,00
372,00;Ireland;2018;372;Ireland;IRL;205,00;Ireland 2018;IRL18;10,00
376,00;Israel;1948;376;Israel;ISR;666,00;Israel 1948;ISR48;10,00
376,00;Israel;1949;376;Israel;ISR;666,00;Israel 1949;ISR49;10,00
376,00;Israel;1950;376;Israel;ISR;666,00;Israel 1950;ISR50;10,00
376,00;Israel;1951;376;Israel;ISR;666,00;Israel 1951;ISR51;10,00
376,00;Israel;1952;376;Israel;ISR;666,00;Israel 1952;ISR52;10,00
376,00;Israel;1953;376;Israel;ISR;666,00;Israel 1953;ISR53;10,00
376,00;Israel;1954;376;Israel;ISR;666,00;Israel 1954;ISR54;10,00
376,00;Israel;1955;376;Israel;ISR;666,00;Israel 1955;ISR55;10,00
376,00;Israel;1956;376;Israel;ISR;666,00;Israel 1956;ISR56;10,00
376,00;Israel;1957;376;Israel;ISR;666,00;Israel 1957;ISR57;10,00
376,00;Israel;1958;376;Israel;ISR;666,00;Israel 1958;ISR58;10,00
376,00;Israel;1959;376;Israel;ISR;666,00;Israel 1959;ISR59;10,00
376,00;Israel;1960;376;Israel;ISR;666,00;Israel 1960;ISR60;10,00
376,00;Israel;1961;376;Israel;ISR;666,00;Israel 1961;ISR61;10,00
376,00;Israel;1962;376;Israel;ISR;666,00;Israel 1962;ISR62;10,00
376,00;Israel;1963;376;Israel;ISR;666,00;Israel 1963;ISR63;10,00
376,00;Israel;1964;376;Israel;ISR;666,00;Israel 1964;ISR64;10,00
376,00;Israel;1965;376;Israel;ISR;666,00;Israel 1965;ISR65;10,00
376,00;Israel;1966;376;Israel;ISR;666,00;Israel 1966;ISR66;10,00
376,00;Israel;1967;376;Israel;ISR;666,00;Israel 1967;ISR67;9,00
376,00;Israel;1968;376;Israel;ISR;666,00;Israel 1968;ISR68;9,00
376,00;Israel;1969;376;Israel;ISR;666,00;Israel 1969;ISR69;9,00
376,00;Israel;1970;376;Israel;ISR;666,00;Israel 1970;ISR70;9,00
376,00;Israel;1971;376;Israel;ISR;666,00;Israel 1971;ISR71;9,00
376,00;Israel;1972;376;Israel;ISR;666,00;Israel 1972;ISR72;9,00
376,00;Israel;1973;376;Israel;ISR;666,00;Israel 1973;ISR73;9,00
376,00;Israel;1974;376;Israel;ISR;666,00;Israel 1974;ISR74;9,00
376,00;Israel;1975;376;Israel;ISR;666,00;Israel 1975;ISR75;9,00
376,00;Israel;1976;376;Israel;ISR;666,00;Israel 1976;ISR76;9,00
376,00;Israel;1977;376;Israel;ISR;666,00;Israel 1977;ISR77;9,00
376,00;Israel;1978;376;Israel;ISR;666,00;Israel 1978;ISR78;9,00
376,00;Israel;1979;376;Israel;ISR;666,00;Israel 1979;ISR79;9,00
376,00;Israel;1980;376;Israel;ISR;666,00;Israel 1980;ISR80;9,00
376,00;Israel;1981;376;Israel;ISR;666,00;Israel 1981;ISR81;6,00
376,00;Israel;1982;376;Israel;ISR;666,00;Israel 1982;ISR82;6,00
376,00;Israel;1983;376;Israel;ISR;666,00;Israel 1983;ISR83;6,00
376,00;Israel;1984;376;Israel;ISR;666,00;Israel 1984;ISR84;6,00
376,00;Israel;1985;376;Israel;ISR;666,00;Israel 1985;ISR85;6,00
376,00;Israel;1986;376;Israel;ISR;666,00;Israel 1986;ISR86;6,00
376,00;Israel;1987;376;Israel;ISR;666,00;Israel 1987;ISR87;6,00
376,00;Israel;1988;376;Israel;ISR;666,00;Israel 1988;ISR88;6,00
376,00;Israel;1989;376;Israel;ISR;666,00;Israel 1989;ISR89;6,00
376,00;Israel;1990;376;Israel;ISR;666,00;Israel 1990;ISR90;6,00
376,00;Israel;1991;376;Israel;ISR;666,00;Israel 1991;ISR91;6,00
376,00;Israel;1992;376;Israel;ISR;666,00;Israel 1992;ISR92;6,00
376,00;Israel;1993;376;Israel;ISR;666,00;Israel 1993;ISR93;6,00
376,00;Israel;1994;376;Israel;ISR;666,00;Israel 1994;ISR94;6,00
376,00;Israel;1995;376;Israel;ISR;666,00;Israel 1995;ISR95;6,00
376,00;Israel;1996;376;Israel;ISR;666,00;Israel 1996;ISR96;6,00
376,00;Israel;1997;376;Israel;ISR;666,00;Israel 1997;ISR97;6,00
376,00;Israel;1998;376;Israel;ISR;666,00;Israel 1998;ISR98;6,00
376,00;Israel;1999;376;Israel;ISR;666,00;Israel 1999;ISR99;6,00
376,00;Israel;2000;376;Israel;ISR;666,00;Israel 2000;ISR00;6,00
376,00;Israel;2001;376;Israel;ISR;666,00;Israel 2001;ISR01;6,00
376,00;Israel;2002;376;Israel;ISR;666,00;Israel 2002;ISR02;6,00
376,00;Israel;2003;376;Israel;ISR;666,00;Israel 2003;ISR03;6,00
376,00;Israel;2004;376;Israel;ISR;666,00;Israel 2004;ISR04;6,00
376,00;Israel;2005;376;Israel;ISR;666,00;Israel 2005;ISR05;6,00
376,00;Israel;2006;376;Israel;ISR;666,00;Israel 2006;ISR06;6,00
376,00;Israel;2007;376;Israel;ISR;666,00;Israel 2007;ISR07;6,00
376,00;Israel;2008;376;Israel;ISR;666,00;Israel 2008;ISR08;6,00
376,00;Israel;2009;376;Israel;ISR;666,00;Israel 2009;ISR09;6,00
376,00;Israel;2010;376;Israel;ISR;666,00;Israel 2010;ISR10;6,00
376,00;Israel;2011;376;Israel;ISR;666,00;Israel 2011;ISR11;6,00
376,00;Israel;2012;376;Israel;ISR;666,00;Israel 2012;ISR12;6,00
376,00;Israel;2013;376;Israel;ISR;666,00;Israel 2013;ISR13;6,00
376,00;Israel;2014;376;Israel;ISR;666,00;Israel 2014;ISR14;6,00
376,00;Israel;2015;376;Israel;ISR;666,00;Israel 2015;ISR15;6,00
376,00;Israel;2016;376;Israel;ISR;666,00;Israel 2016;ISR16;6,00
376,00;Israel;2017;376;Israel;ISR;666,00;Israel 2017;ISR17;6,00
376,00;Israel;2018;376;Israel;ISR;666,00;Israel 2018;ISR18;6,00
380,00;Italy;1946;380;Italy;ITA;325,00;Italy 1946;ITA46;5,00
380,00;Italy;1947;380;Italy;ITA;325,00;Italy 1947;ITA47;8,00
380,00;Italy;1948;380;Italy;ITA;325,00;Italy 1948;ITA48;10,00
380,00;Italy;1949;380;Italy;ITA;325,00;Italy 1949;ITA49;10,00
380,00;Italy;1950;380;Italy;ITA;325,00;Italy 1950;ITA50;10,00
380,00;Italy;1951;380;Italy;ITA;325,00;Italy 1951;ITA51;10,00
380,00;Italy;1952;380;Italy;ITA;325,00;Italy 1952;ITA52;10,00
380,00;Italy;1953;380;Italy;ITA;325,00;Italy 1953;ITA53;10,00
380,00;Italy;1954;380;Italy;ITA;325,00;Italy 1954;ITA54;10,00
380,00;Italy;1955;380;Italy;ITA;325,00;Italy 1955;ITA55;10,00
380,00;Italy;1956;380;Italy;ITA;325,00;Italy 1956;ITA56;10,00
380,00;Italy;1957;380;Italy;ITA;325,00;Italy 1957;ITA57;10,00
380,00;Italy;1958;380;Italy;ITA;325,00;Italy 1958;ITA58;10,00
380,00;Italy;1959;380;Italy;ITA;325,00;Italy 1959;ITA59;10,00
380,00;Italy;1960;380;Italy;ITA;325,00;Italy 1960;ITA60;10,00
380,00;Italy;1961;380;Italy;ITA;325,00;Italy 1961;ITA61;10,00
380,00;Italy;1962;380;Italy;ITA;325,00;Italy 1962;ITA62;10,00
380,00;Italy;1963;380;Italy;ITA;325,00;Italy 1963;ITA63;10,00
380,00;Italy;1964;380;Italy;ITA;325,00;Italy 1964;ITA64;10,00
380,00;Italy;1965;380;Italy;ITA;325,00;Italy 1965;ITA65;10,00
380,00;Italy;1966;380;Italy;ITA;325,00;Italy 1966;ITA66;10,00
380,00;Italy;1967;380;Italy;ITA;325,00;Italy 1967;ITA67;10,00
380,00;Italy;1968;380;Italy;ITA;325,00;Italy 1968;ITA68;10,00
380,00;Italy;1969;380;Italy;ITA;325,00;Italy 1969;ITA69;10,00
380,00;Italy;1970;380;Italy;ITA;325,00;Italy 1970;ITA70;10,00
380,00;Italy;1971;380;Italy;ITA;325,00;Italy 1971;ITA71;10,00
380,00;Italy;1972;380;Italy;ITA;325,00;Italy 1972;ITA72;10,00
380,00;Italy;1973;380;Italy;ITA;325,00;Italy 1973;ITA73;10,00
380,00;Italy;1974;380;Italy;ITA;325,00;Italy 1974;ITA74;10,00
380,00;Italy;1975;380;Italy;ITA;325,00;Italy 1975;ITA75;10,00
380,00;Italy;1976;380;Italy;ITA;325,00;Italy 1976;ITA76;10,00
380,00;Italy;1977;380;Italy;ITA;325,00;Italy 1977;ITA77;10,00
380,00;Italy;1978;380;Italy;ITA;325,00;Italy 1978;ITA78;10,00
380,00;Italy;1979;380;Italy;ITA;325,00;Italy 1979;ITA79;10,00
380,00;Italy;1980;380;Italy;ITA;325,00;Italy 1980;ITA80;10,00
380,00;Italy;1981;380;Italy;ITA;325,00;Italy 1981;ITA81;10,00
380,00;Italy;1982;380;Italy;ITA;325,00;Italy 1982;ITA82;10,00
380,00;Italy;1983;380;Italy;ITA;325,00;Italy 1983;ITA83;10,00
380,00;Italy;1984;380;Italy;ITA;325,00;Italy 1984;ITA84;10,00
380,00;Italy;1985;380;Italy;ITA;325,00;Italy 1985;ITA85;10,00
380,00;Italy;1986;380;Italy;ITA;325,00;Italy 1986;ITA86;10,00
380,00;Italy;1987;380;Italy;ITA;325,00;Italy 1987;ITA87;10,00
380,00;Italy;1988;380;Italy;ITA;325,00;Italy 1988;ITA88;10,00
380,00;Italy;1989;380;Italy;ITA;325,00;Italy 1989;ITA89;10,00
380,00;Italy;1990;380;Italy;ITA;325,00;Italy 1990;ITA90;10,00
380,00;Italy;1991;380;Italy;ITA;325,00;Italy 1991;ITA91;10,00
380,00;Italy;1992;380;Italy;ITA;325,00;Italy 1992;ITA92;10,00
380,00;Italy;1993;380;Italy;ITA;325,00;Italy 1993;ITA93;10,00
380,00;Italy;1994;380;Italy;ITA;325,00;Italy 1994;ITA94;10,00
380,00;Italy;1995;380;Italy;ITA;325,00;Italy 1995;ITA95;10,00
380,00;Italy;1996;380;Italy;ITA;325,00;Italy 1996;ITA96;10,00
380,00;Italy;1997;380;Italy;ITA;325,00;Italy 1997;ITA97;10,00
380,00;Italy;1998;380;Italy;ITA;325,00;Italy 1998;ITA98;10,00
380,00;Italy;1999;380;Italy;ITA;325,00;Italy 1999;ITA99;10,00
380,00;Italy;2000;380;Italy;ITA;325,00;Italy 2000;ITA00;10,00
380,00;Italy;2001;380;Italy;ITA;325,00;Italy 2001;ITA01;10,00
380,00;Italy;2002;380;Italy;ITA;325,00;Italy 2002;ITA02;10,00
380,00;Italy;2003;380;Italy;ITA;325,00;Italy 2003;ITA03;10,00
380,00;Italy;2004;380;Italy;ITA;325,00;Italy 2004;ITA04;10,00
380,00;Italy;2005;380;Italy;ITA;325,00;Italy 2005;ITA05;10,00
380,00;Italy;2006;380;Italy;ITA;325,00;Italy 2006;ITA06;10,00
380,00;Italy;2007;380;Italy;ITA;325,00;Italy 2007;ITA07;10,00
380,00;Italy;2008;380;Italy;ITA;325,00;Italy 2008;ITA08;10,00
380,00;Italy;2009;380;Italy;ITA;325,00;Italy 2009;ITA09;10,00
380,00;Italy;2010;380;Italy;ITA;325,00;Italy 2010;ITA10;10,00
380,00;Italy;2011;380;Italy;ITA;325,00;Italy 2011;ITA11;10,00
380,00;Italy;2012;380;Italy;ITA;325,00;Italy 2012;ITA12;10,00
380,00;Italy;2013;380;Italy;ITA;325,00;Italy 2013;ITA13;10,00
380,00;Italy;2014;380;Italy;ITA;325,00;Italy 2014;ITA14;10,00
380,00;Italy;2015;380;Italy;ITA;325,00;Italy 2015;ITA15;10,00
380,00;Italy;2016;380;Italy;ITA;325,00;Italy 2016;ITA16;10,00
380,00;Italy;2017;380;Italy;ITA;325,00;Italy 2017;ITA17;10,00
380,00;Italy;2018;380;Italy;ITA;325,00;Italy 2018;ITA18;10,00
384,00;Cote d'Ivoire;1961;384;Cote d'Ivoire;CIV;437,00;Cote d'Ivoire 1961;CIV61;-9,00
384,00;Cote d'Ivoire;1962;384;Cote d'Ivoire;CIV;437,00;Cote d'Ivoire 1962;CIV62;-9,00
384,00;Cote d'Ivoire;1963;384;Cote d'Ivoire;CIV;437,00;Cote d'Ivoire 1963;CIV63;-9,00
384,00;Cote d'Ivoire;1964;384;Cote d'Ivoire;CIV;437,00;Cote d'Ivoire 1964;CIV64;-9,00
384,00;Cote d'Ivoire;1965;384;Cote d'Ivoire;CIV;437,00;Cote d'Ivoire 1965;CIV65;-9,00
384,00;Cote d'Ivoire;1966;384;Cote d'Ivoire;CIV;437,00;Cote d'Ivoire 1966;CIV66;-9,00
384,00;Cote d'Ivoire;1967;384;Cote d'Ivoire;CIV;437,00;Cote d'Ivoire 1967;CIV67;-9,00
384,00;Cote d'Ivoire;1968;384;Cote d'Ivoire;CIV;437,00;Cote d'Ivoire 1968;CIV68;-9,00
384,00;Cote d'Ivoire;1969;384;Cote d'Ivoire;CIV;437,00;Cote d'Ivoire 1969;CIV69;-9,00
384,00;Cote d'Ivoire;1970;384;Cote d'Ivoire;CIV;437,00;Cote d'Ivoire 1970;CIV70;-9,00
384,00;Cote d'Ivoire;1971;384;Cote d'Ivoire;CIV;437,00;Cote d'Ivoire 1971;CIV71;-9,00
384,00;Cote d'Ivoire;1972;384;Cote d'Ivoire;CIV;437,00;Cote d'Ivoire 1972;CIV72;-9,00
384,00;Cote d'Ivoire;1973;384;Cote d'Ivoire;CIV;437,00;Cote d'Ivoire 1973;CIV73;-9,00
384,00;Cote d'Ivoire;1974;384;Cote d'Ivoire;CIV;437,00;Cote d'Ivoire 1974;CIV74;-9,00
384,00;Cote d'Ivoire;1975;384;Cote d'Ivoire;CIV;437,00;Cote d'Ivoire 1975;CIV75;-9,00
384,00;Cote d'Ivoire;1976;384;Cote d'Ivoire;CIV;437,00;Cote d'Ivoire 1976;CIV76;-9,00
384,00;Cote d'Ivoire;1977;384;Cote d'Ivoire;CIV;437,00;Cote d'Ivoire 1977;CIV77;-9,00
384,00;Cote d'Ivoire;1978;384;Cote d'Ivoire;CIV;437,00;Cote d'Ivoire 1978;CIV78;-9,00
384,00;Cote d'Ivoire;1979;384;Cote d'Ivoire;CIV;437,00;Cote d'Ivoire 1979;CIV79;-9,00
384,00;Cote d'Ivoire;1980;384;Cote d'Ivoire;CIV;437,00;Cote d'Ivoire 1980;CIV80;-9,00
384,00;Cote d'Ivoire;1981;384;Cote d'Ivoire;CIV;437,00;Cote d'Ivoire 1981;CIV81;-9,00
384,00;Cote d'Ivoire;1982;384;Cote d'Ivoire;CIV;437,00;Cote d'Ivoire 1982;CIV82;-9,00
384,00;Cote d'Ivoire;1983;384;Cote d'Ivoire;CIV;437,00;Cote d'Ivoire 1983;CIV83;-9,00
384,00;Cote d'Ivoire;1984;384;Cote d'Ivoire;CIV;437,00;Cote d'Ivoire 1984;CIV84;-9,00
384,00;Cote d'Ivoire;1985;384;Cote d'Ivoire;CIV;437,00;Cote d'Ivoire 1985;CIV85;-9,00
384,00;Cote d'Ivoire;1986;384;Cote d'Ivoire;CIV;437,00;Cote d'Ivoire 1986;CIV86;-9,00
384,00;Cote d'Ivoire;1987;384;Cote d'Ivoire;CIV;437,00;Cote d'Ivoire 1987;CIV87;-9,00
384,00;Cote d'Ivoire;1988;384;Cote d'Ivoire;CIV;437,00;Cote d'Ivoire 1988;CIV88;-9,00
384,00;Cote d'Ivoire;1989;384;Cote d'Ivoire;CIV;437,00;Cote d'Ivoire 1989;CIV89;-9,00
384,00;Cote d'Ivoire;1990;384;Cote d'Ivoire;CIV;437,00;Cote d'Ivoire 1990;CIV90;-7,00
384,00;Cote d'Ivoire;1991;384;Cote d'Ivoire;CIV;437,00;Cote d'Ivoire 1991;CIV91;-7,00
384,00;Cote d'Ivoire;1992;384;Cote d'Ivoire;CIV;437,00;Cote d'Ivoire 1992;CIV92;-7,00
384,00;Cote d'Ivoire;1993;384;Cote d'Ivoire;CIV;437,00;Cote d'Ivoire 1993;CIV93;-6,00
384,00;Cote d'Ivoire;1994;384;Cote d'Ivoire;CIV;437,00;Cote d'Ivoire 1994;CIV94;-6,00
384,00;Cote d'Ivoire;1995;384;Cote d'Ivoire;CIV;437,00;Cote d'Ivoire 1995;CIV95;-6,00
384,00;Cote d'Ivoire;1996;384;Cote d'Ivoire;CIV;437,00;Cote d'Ivoire 1996;CIV96;-6,00
384,00;Cote d'Ivoire;1997;384;Cote d'Ivoire;CIV;437,00;Cote d'Ivoire 1997;CIV97;-6,00
384,00;Cote d'Ivoire;1998;384;Cote d'Ivoire;CIV;437,00;Cote d'Ivoire 1998;CIV98;-6,00
384,00;Cote d'Ivoire;1999;384;Cote d'Ivoire;CIV;437,00;Cote d'Ivoire 1999;CIV99;-1,00
384,00;Cote d'Ivoire;2000;384;Cote d'Ivoire;CIV;437,00;Cote d'Ivoire 2000;CIV00;4,00
384,00;Cote d'Ivoire;2001;384;Cote d'Ivoire;CIV;437,00;Cote d'Ivoire 2001;CIV01;4,00
384,00;Cote d'Ivoire;2002;384;Cote d'Ivoire;CIV;437,00;Cote d'Ivoire 2002;CIV02;0,00
384,00;Cote d'Ivoire;2003;384;Cote d'Ivoire;CIV;437,00;Cote d'Ivoire 2003;CIV03;0,00
384,00;Cote d'Ivoire;2004;384;Cote d'Ivoire;CIV;437,00;Cote d'Ivoire 2004;CIV04;0,00
384,00;Cote d'Ivoire;2005;384;Cote d'Ivoire;CIV;437,00;Cote d'Ivoire 2005;CIV05;0,00
384,00;Cote d'Ivoire;2006;384;Cote d'Ivoire;CIV;437,00;Cote d'Ivoire 2006;CIV06;0,00
384,00;Cote d'Ivoire;2007;384;Cote d'Ivoire;CIV;437,00;Cote d'Ivoire 2007;CIV07;0,00
384,00;Cote d'Ivoire;2008;384;Cote d'Ivoire;CIV;437,00;Cote d'Ivoire 2008;CIV08;0,00
384,00;Cote d'Ivoire;2009;384;Cote d'Ivoire;CIV;437,00;Cote d'Ivoire 2009;CIV09;0,00
384,00;Cote d'Ivoire;2010;384;Cote d'Ivoire;CIV;437,00;Cote d'Ivoire 2010;CIV10;0,00
384,00;Cote d'Ivoire;2011;384;Cote d'Ivoire;CIV;437,00;Cote d'Ivoire 2011;CIV11;4,00
384,00;Cote d'Ivoire;2012;384;Cote d'Ivoire;CIV;437,00;Cote d'Ivoire 2012;CIV12;4,00
384,00;Cote d'Ivoire;2013;384;Cote d'Ivoire;CIV;437,00;Cote d'Ivoire 2013;CIV13;4,00
384,00;Cote d'Ivoire;2014;384;Cote d'Ivoire;CIV;437,00;Cote d'Ivoire 2014;CIV14;4,00
384,00;Cote d'Ivoire;2015;384;Cote d'Ivoire;CIV;437,00;Cote d'Ivoire 2015;CIV15;4,00
384,00;Cote d'Ivoire;2016;384;Cote d'Ivoire;CIV;437,00;Cote d'Ivoire 2016;CIV16;4,00
384,00;Cote d'Ivoire;2017;384;Cote d'Ivoire;CIV;437,00;Cote d'Ivoire 2017;CIV17;4,00
384,00;Cote d'Ivoire;2018;384;Cote d'Ivoire;CIV;437,00;Cote d'Ivoire 2018;CIV18;4,00
388,00;Jamaica;1963;388;Jamaica;JAM;51,00;Jamaica 1963;JAM63;10,00
388,00;Jamaica;1964;388;Jamaica;JAM;51,00;Jamaica 1964;JAM64;10,00
388,00;Jamaica;1965;388;Jamaica;JAM;51,00;Jamaica 1965;JAM65;10,00
388,00;Jamaica;1966;388;Jamaica;JAM;51,00;Jamaica 1966;JAM66;10,00
388,00;Jamaica;1967;388;Jamaica;JAM;51,00;Jamaica 1967;JAM67;10,00
388,00;Jamaica;1968;388;Jamaica;JAM;51,00;Jamaica 1968;JAM68;10,00
388,00;Jamaica;1969;388;Jamaica;JAM;51,00;Jamaica 1969;JAM69;10,00
388,00;Jamaica;1970;388;Jamaica;JAM;51,00;Jamaica 1970;JAM70;10,00
388,00;Jamaica;1971;388;Jamaica;JAM;51,00;Jamaica 1971;JAM71;10,00
388,00;Jamaica;1972;388;Jamaica;JAM;51,00;Jamaica 1972;JAM72;10,00
388,00;Jamaica;1973;388;Jamaica;JAM;51,00;Jamaica 1973;JAM73;10,00
388,00;Jamaica;1974;388;Jamaica;JAM;51,00;Jamaica 1974;JAM74;10,00
388,00;Jamaica;1975;388;Jamaica;JAM;51,00;Jamaica 1975;JAM75;10,00
388,00;Jamaica;1976;388;Jamaica;JAM;51,00;Jamaica 1976;JAM76;10,00
388,00;Jamaica;1977;388;Jamaica;JAM;51,00;Jamaica 1977;JAM77;10,00
388,00;Jamaica;1978;388;Jamaica;JAM;51,00;Jamaica 1978;JAM78;10,00
388,00;Jamaica;1979;388;Jamaica;JAM;51,00;Jamaica 1979;JAM79;10,00
388,00;Jamaica;1980;388;Jamaica;JAM;51,00;Jamaica 1980;JAM80;10,00
388,00;Jamaica;1981;388;Jamaica;JAM;51,00;Jamaica 1981;JAM81;10,00
388,00;Jamaica;1982;388;Jamaica;JAM;51,00;Jamaica 1982;JAM82;10,00
388,00;Jamaica;1983;388;Jamaica;JAM;51,00;Jamaica 1983;JAM83;10,00
388,00;Jamaica;1984;388;Jamaica;JAM;51,00;Jamaica 1984;JAM84;10,00
388,00;Jamaica;1985;388;Jamaica;JAM;51,00;Jamaica 1985;JAM85;10,00
388,00;Jamaica;1986;388;Jamaica;JAM;51,00;Jamaica 1986;JAM86;10,00
388,00;Jamaica;1987;388;Jamaica;JAM;51,00;Jamaica 1987;JAM87;10,00
388,00;Jamaica;1988;388;Jamaica;JAM;51,00;Jamaica 1988;JAM88;10,00
388,00;Jamaica;1989;388;Jamaica;JAM;51,00;Jamaica 1989;JAM89;10,00
388,00;Jamaica;1990;388;Jamaica;JAM;51,00;Jamaica 1990;JAM90;10,00
388,00;Jamaica;1991;388;Jamaica;JAM;51,00;Jamaica 1991;JAM91;10,00
388,00;Jamaica;1992;388;Jamaica;JAM;51,00;Jamaica 1992;JAM92;10,00
388,00;Jamaica;1993;388;Jamaica;JAM;51,00;Jamaica 1993;JAM93;9,00
388,00;Jamaica;1994;388;Jamaica;JAM;51,00;Jamaica 1994;JAM94;9,00
388,00;Jamaica;1995;388;Jamaica;JAM;51,00;Jamaica 1995;JAM95;9,00
388,00;Jamaica;1996;388;Jamaica;JAM;51,00;Jamaica 1996;JAM96;9,00
388,00;Jamaica;1997;388;Jamaica;JAM;51,00;Jamaica 1997;JAM97;9,00
388,00;Jamaica;1998;388;Jamaica;JAM;51,00;Jamaica 1998;JAM98;9,00
388,00;Jamaica;1999;388;Jamaica;JAM;51,00;Jamaica 1999;JAM99;9,00
388,00;Jamaica;2000;388;Jamaica;JAM;51,00;Jamaica 2000;JAM00;9,00
388,00;Jamaica;2001;388;Jamaica;JAM;51,00;Jamaica 2001;JAM01;9,00
388,00;Jamaica;2002;388;Jamaica;JAM;51,00;Jamaica 2002;JAM02;9,00
388,00;Jamaica;2003;388;Jamaica;JAM;51,00;Jamaica 2003;JAM03;9,00
388,00;Jamaica;2004;388;Jamaica;JAM;51,00;Jamaica 2004;JAM04;9,00
388,00;Jamaica;2005;388;Jamaica;JAM;51,00;Jamaica 2005;JAM05;9,00
388,00;Jamaica;2006;388;Jamaica;JAM;51,00;Jamaica 2006;JAM06;9,00
388,00;Jamaica;2007;388;Jamaica;JAM;51,00;Jamaica 2007;JAM07;9,00
388,00;Jamaica;2008;388;Jamaica;JAM;51,00;Jamaica 2008;JAM08;9,00
388,00;Jamaica;2009;388;Jamaica;JAM;51,00;Jamaica 2009;JAM09;9,00
388,00;Jamaica;2010;388;Jamaica;JAM;51,00;Jamaica 2010;JAM10;9,00
388,00;Jamaica;2011;388;Jamaica;JAM;51,00;Jamaica 2011;JAM11;9,00
388,00;Jamaica;2012;388;Jamaica;JAM;51,00;Jamaica 2012;JAM12;9,00
388,00;Jamaica;2013;388;Jamaica;JAM;51,00;Jamaica 2013;JAM13;9,00
388,00;Jamaica;2014;388;Jamaica;JAM;51,00;Jamaica 2014;JAM14;9,00
388,00;Jamaica;2015;388;Jamaica;JAM;51,00;Jamaica 2015;JAM15;9,00
388,00;Jamaica;2016;388;Jamaica;JAM;51,00;Jamaica 2016;JAM16;9,00
388,00;Jamaica;2017;388;Jamaica;JAM;51,00;Jamaica 2017;JAM17;9,00
388,00;Jamaica;2018;388;Jamaica;JAM;51,00;Jamaica 2018;JAM18;9,00
392,00;Japan;1952;392;Japan;JPN;740,00;Japan 1952;JPN52;10,00
392,00;Japan;1953;392;Japan;JPN;740,00;Japan 1953;JPN53;10,00
392,00;Japan;1954;392;Japan;JPN;740,00;Japan 1954;JPN54;10,00
392,00;Japan;1955;392;Japan;JPN;740,00;Japan 1955;JPN55;10,00
392,00;Japan;1956;392;Japan;JPN;740,00;Japan 1956;JPN56;10,00
392,00;Japan;1957;392;Japan;JPN;740,00;Japan 1957;JPN57;10,00
392,00;Japan;1958;392;Japan;JPN;740,00;Japan 1958;JPN58;10,00
392,00;Japan;1959;392;Japan;JPN;740,00;Japan 1959;JPN59;10,00
392,00;Japan;1960;392;Japan;JPN;740,00;Japan 1960;JPN60;10,00
392,00;Japan;1961;392;Japan;JPN;740,00;Japan 1961;JPN61;10,00
392,00;Japan;1962;392;Japan;JPN;740,00;Japan 1962;JPN62;10,00
392,00;Japan;1963;392;Japan;JPN;740,00;Japan 1963;JPN63;10,00
392,00;Japan;1964;392;Japan;JPN;740,00;Japan 1964;JPN64;10,00
392,00;Japan;1965;392;Japan;JPN;740,00;Japan 1965;JPN65;10,00
392,00;Japan;1966;392;Japan;JPN;740,00;Japan 1966;JPN66;10,00
392,00;Japan;1967;392;Japan;JPN;740,00;Japan 1967;JPN67;10,00
392,00;Japan;1968;392;Japan;JPN;740,00;Japan 1968;JPN68;10,00
392,00;Japan;1969;392;Japan;JPN;740,00;Japan 1969;JPN69;10,00
392,00;Japan;1970;392;Japan;JPN;740,00;Japan 1970;JPN70;10,00
392,00;Japan;1971;392;Japan;JPN;740,00;Japan 1971;JPN71;10,00
392,00;Japan;1972;392;Japan;JPN;740,00;Japan 1972;JPN72;10,00
392,00;Japan;1973;392;Japan;JPN;740,00;Japan 1973;JPN73;10,00
392,00;Japan;1974;392;Japan;JPN;740,00;Japan 1974;JPN74;10,00
392,00;Japan;1975;392;Japan;JPN;740,00;Japan 1975;JPN75;10,00
392,00;Japan;1976;392;Japan;JPN;740,00;Japan 1976;JPN76;10,00
392,00;Japan;1977;392;Japan;JPN;740,00;Japan 1977;JPN77;10,00
392,00;Japan;1978;392;Japan;JPN;740,00;Japan 1978;JPN78;10,00
392,00;Japan;1979;392;Japan;JPN;740,00;Japan 1979;JPN79;10,00
392,00;Japan;1980;392;Japan;JPN;740,00;Japan 1980;JPN80;10,00
392,00;Japan;1981;392;Japan;JPN;740,00;Japan 1981;JPN81;10,00
392,00;Japan;1982;392;Japan;JPN;740,00;Japan 1982;JPN82;10,00
392,00;Japan;1983;392;Japan;JPN;740,00;Japan 1983;JPN83;10,00
392,00;Japan;1984;392;Japan;JPN;740,00;Japan 1984;JPN84;10,00
392,00;Japan;1985;392;Japan;JPN;740,00;Japan 1985;JPN85;10,00
392,00;Japan;1986;392;Japan;JPN;740,00;Japan 1986;JPN86;10,00
392,00;Japan;1987;392;Japan;JPN;740,00;Japan 1987;JPN87;10,00
392,00;Japan;1988;392;Japan;JPN;740,00;Japan 1988;JPN88;10,00
392,00;Japan;1989;392;Japan;JPN;740,00;Japan 1989;JPN89;10,00
392,00;Japan;1990;392;Japan;JPN;740,00;Japan 1990;JPN90;10,00
392,00;Japan;1991;392;Japan;JPN;740,00;Japan 1991;JPN91;10,00
392,00;Japan;1992;392;Japan;JPN;740,00;Japan 1992;JPN92;10,00
392,00;Japan;1993;392;Japan;JPN;740,00;Japan 1993;JPN93;10,00
392,00;Japan;1994;392;Japan;JPN;740,00;Japan 1994;JPN94;10,00
392,00;Japan;1995;392;Japan;JPN;740,00;Japan 1995;JPN95;10,00
392,00;Japan;1996;392;Japan;JPN;740,00;Japan 1996;JPN96;10,00
392,00;Japan;1997;392;Japan;JPN;740,00;Japan 1997;JPN97;10,00
392,00;Japan;1998;392;Japan;JPN;740,00;Japan 1998;JPN98;10,00
392,00;Japan;1999;392;Japan;JPN;740,00;Japan 1999;JPN99;10,00
392,00;Japan;2000;392;Japan;JPN;740,00;Japan 2000;JPN00;10,00
392,00;Japan;2001;392;Japan;JPN;740,00;Japan 2001;JPN01;10,00
392,00;Japan;2002;392;Japan;JPN;740,00;Japan 2002;JPN02;10,00
392,00;Japan;2003;392;Japan;JPN;740,00;Japan 2003;JPN03;10,00
392,00;Japan;2004;392;Japan;JPN;740,00;Japan 2004;JPN04;10,00
392,00;Japan;2005;392;Japan;JPN;740,00;Japan 2005;JPN05;10,00
392,00;Japan;2006;392;Japan;JPN;740,00;Japan 2006;JPN06;10,00
392,00;Japan;2007;392;Japan;JPN;740,00;Japan 2007;JPN07;10,00
392,00;Japan;2008;392;Japan;JPN;740,00;Japan 2008;JPN08;10,00
392,00;Japan;2009;392;Japan;JPN;740,00;Japan 2009;JPN09;10,00
392,00;Japan;2010;392;Japan;JPN;740,00;Japan 2010;JPN10;10,00
392,00;Japan;2011;392;Japan;JPN;740,00;Japan 2011;JPN11;10,00
392,00;Japan;2012;392;Japan;JPN;740,00;Japan 2012;JPN12;10,00
392,00;Japan;2013;392;Japan;JPN;740,00;Japan 2013;JPN13;10,00
392,00;Japan;2014;392;Japan;JPN;740,00;Japan 2014;JPN14;10,00
392,00;Japan;2015;392;Japan;JPN;740,00;Japan 2015;JPN15;10,00
392,00;Japan;2016;392;Japan;JPN;740,00;Japan 2016;JPN16;10,00
392,00;Japan;2017;392;Japan;JPN;740,00;Japan 2017;JPN17;10,00
392,00;Japan;2018;392;Japan;JPN;740,00;Japan 2018;JPN18;10,00
398,00;Kazakhstan;1992;398;Kazakhstan;KAZ;705,00;Kazakhstan 1992;KAZ92;-3,00
398,00;Kazakhstan;1993;398;Kazakhstan;KAZ;705,00;Kazakhstan 1993;KAZ93;-3,00
398,00;Kazakhstan;1994;398;Kazakhstan;KAZ;705,00;Kazakhstan 1994;KAZ94;-3,00
398,00;Kazakhstan;1995;398;Kazakhstan;KAZ;705,00;Kazakhstan 1995;KAZ95;-6,00
398,00;Kazakhstan;1996;398;Kazakhstan;KAZ;705,00;Kazakhstan 1996;KAZ96;-6,00
398,00;Kazakhstan;1997;398;Kazakhstan;KAZ;705,00;Kazakhstan 1997;KAZ97;-6,00
398,00;Kazakhstan;1998;398;Kazakhstan;KAZ;705,00;Kazakhstan 1998;KAZ98;-6,00
398,00;Kazakhstan;1999;398;Kazakhstan;KAZ;705,00;Kazakhstan 1999;KAZ99;-6,00
398,00;Kazakhstan;2000;398;Kazakhstan;KAZ;705,00;Kazakhstan 2000;KAZ00;-6,00
398,00;Kazakhstan;2001;398;Kazakhstan;KAZ;705,00;Kazakhstan 2001;KAZ01;-6,00
398,00;Kazakhstan;2002;398;Kazakhstan;KAZ;705,00;Kazakhstan 2002;KAZ02;-6,00
398,00;Kazakhstan;2003;398;Kazakhstan;KAZ;705,00;Kazakhstan 2003;KAZ03;-6,00
398,00;Kazakhstan;2004;398;Kazakhstan;KAZ;705,00;Kazakhstan 2004;KAZ04;-6,00
398,00;Kazakhstan;2005;398;Kazakhstan;KAZ;705,00;Kazakhstan 2005;KAZ05;-6,00
398,00;Kazakhstan;2006;398;Kazakhstan;KAZ;705,00;Kazakhstan 2006;KAZ06;-6,00
398,00;Kazakhstan;2007;398;Kazakhstan;KAZ;705,00;Kazakhstan 2007;KAZ07;-6,00
398,00;Kazakhstan;2008;398;Kazakhstan;KAZ;705,00;Kazakhstan 2008;KAZ08;-6,00
398,00;Kazakhstan;2009;398;Kazakhstan;KAZ;705,00;Kazakhstan 2009;KAZ09;-6,00
398,00;Kazakhstan;2010;398;Kazakhstan;KAZ;705,00;Kazakhstan 2010;KAZ10;-6,00
398,00;Kazakhstan;2011;398;Kazakhstan;KAZ;705,00;Kazakhstan 2011;KAZ11;-6,00
398,00;Kazakhstan;2012;398;Kazakhstan;KAZ;705,00;Kazakhstan 2012;KAZ12;-6,00
398,00;Kazakhstan;2013;398;Kazakhstan;KAZ;705,00;Kazakhstan 2013;KAZ13;-6,00
398,00;Kazakhstan;2014;398;Kazakhstan;KAZ;705,00;Kazakhstan 2014;KAZ14;-6,00
398,00;Kazakhstan;2015;398;Kazakhstan;KAZ;705,00;Kazakhstan 2015;KAZ15;-6,00
398,00;Kazakhstan;2016;398;Kazakhstan;KAZ;705,00;Kazakhstan 2016;KAZ16;-6,00
398,00;Kazakhstan;2017;398;Kazakhstan;KAZ;705,00;Kazakhstan 2017;KAZ17;-6,00
398,00;Kazakhstan;2018;398;Kazakhstan;KAZ;705,00;Kazakhstan 2018;KAZ18;-6,00
400,00;Jordan;1946;400;Jordan;JOR;663,00;Jordan 1946;JOR46;-9,00
400,00;Jordan;1947;400;Jordan;JOR;663,00;Jordan 1947;JOR47;-9,00
400,00;Jordan;1948;400;Jordan;JOR;663,00;Jordan 1948;JOR48;-9,00
400,00;Jordan;1949;400;Jordan;JOR;663,00;Jordan 1949;JOR49;-9,00
400,00;Jordan;1950;400;Jordan;JOR;663,00;Jordan 1950;JOR50;-9,00
400,00;Jordan;1951;400;Jordan;JOR;663,00;Jordan 1951;JOR51;-9,00
400,00;Jordan;1952;400;Jordan;JOR;663,00;Jordan 1952;JOR52;-4,00
400,00;Jordan;1953;400;Jordan;JOR;663,00;Jordan 1953;JOR53;-4,00
400,00;Jordan;1954;400;Jordan;JOR;663,00;Jordan 1954;JOR54;-4,00
400,00;Jordan;1955;400;Jordan;JOR;663,00;Jordan 1955;JOR55;-4,00
400,00;Jordan;1956;400;Jordan;JOR;663,00;Jordan 1956;JOR56;5,00
400,00;Jordan;1957;400;Jordan;JOR;663,00;Jordan 1957;JOR57;-9,00
400,00;Jordan;1958;400;Jordan;JOR;663,00;Jordan 1958;JOR58;-9,00
400,00;Jordan;1959;400;Jordan;JOR;663,00;Jordan 1959;JOR59;-9,00
400,00;Jordan;1960;400;Jordan;JOR;663,00;Jordan 1960;JOR60;-9,00
400,00;Jordan;1961;400;Jordan;JOR;663,00;Jordan 1961;JOR61;-9,00
400,00;Jordan;1962;400;Jordan;JOR;663,00;Jordan 1962;JOR62;-9,00
400,00;Jordan;1963;400;Jordan;JOR;663,00;Jordan 1963;JOR63;-9,00
400,00;Jordan;1964;400;Jordan;JOR;663,00;Jordan 1964;JOR64;-9,00
400,00;Jordan;1965;400;Jordan;JOR;663,00;Jordan 1965;JOR65;-9,00
400,00;Jordan;1966;400;Jordan;JOR;663,00;Jordan 1966;JOR66;-9,00
400,00;Jordan;1967;400;Jordan;JOR;663,00;Jordan 1967;JOR67;-9,00
400,00;Jordan;1968;400;Jordan;JOR;663,00;Jordan 1968;JOR68;-9,00
400,00;Jordan;1969;400;Jordan;JOR;663,00;Jordan 1969;JOR69;-9,00
400,00;Jordan;1970;400;Jordan;JOR;663,00;Jordan 1970;JOR70;-9,00
400,00;Jordan;1971;400;Jordan;JOR;663,00;Jordan 1971;JOR71;-9,00
400,00;Jordan;1972;400;Jordan;JOR;663,00;Jordan 1972;JOR72;-9,00
400,00;Jordan;1973;400;Jordan;JOR;663,00;Jordan 1973;JOR73;-9,00
400,00;Jordan;1974;400;Jordan;JOR;663,00;Jordan 1974;JOR74;-10,00
400,00;Jordan;1975;400;Jordan;JOR;663,00;Jordan 1975;JOR75;-10,00
400,00;Jordan;1976;400;Jordan;JOR;663,00;Jordan 1976;JOR76;-10,00
400,00;Jordan;1977;400;Jordan;JOR;663,00;Jordan 1977;JOR77;-10,00
400,00;Jordan;1978;400;Jordan;JOR;663,00;Jordan 1978;JOR78;-10,00
400,00;Jordan;1979;400;Jordan;JOR;663,00;Jordan 1979;JOR79;-10,00
400,00;Jordan;1980;400;Jordan;JOR;663,00;Jordan 1980;JOR80;-10,00
400,00;Jordan;1981;400;Jordan;JOR;663,00;Jordan 1981;JOR81;-10,00
400,00;Jordan;1982;400;Jordan;JOR;663,00;Jordan 1982;JOR82;-10,00
400,00;Jordan;1983;400;Jordan;JOR;663,00;Jordan 1983;JOR83;-10,00
400,00;Jordan;1984;400;Jordan;JOR;663,00;Jordan 1984;JOR84;-9,00
400,00;Jordan;1985;400;Jordan;JOR;663,00;Jordan 1985;JOR85;-9,00
400,00;Jordan;1986;400;Jordan;JOR;663,00;Jordan 1986;JOR86;-9,00
400,00;Jordan;1987;400;Jordan;JOR;663,00;Jordan 1987;JOR87;-9,00
400,00;Jordan;1988;400;Jordan;JOR;663,00;Jordan 1988;JOR88;-9,00
400,00;Jordan;1989;400;Jordan;JOR;663,00;Jordan 1989;JOR89;-4,00
400,00;Jordan;1990;400;Jordan;JOR;663,00;Jordan 1990;JOR90;-4,00
400,00;Jordan;1991;400;Jordan;JOR;663,00;Jordan 1991;JOR91;-4,00
400,00;Jordan;1992;400;Jordan;JOR;663,00;Jordan 1992;JOR92;-2,00
400,00;Jordan;1993;400;Jordan;JOR;663,00;Jordan 1993;JOR93;-2,00
400,00;Jordan;1994;400;Jordan;JOR;663,00;Jordan 1994;JOR94;-2,00
400,00;Jordan;1995;400;Jordan;JOR;663,00;Jordan 1995;JOR95;-2,00
400,00;Jordan;1996;400;Jordan;JOR;663,00;Jordan 1996;JOR96;-2,00
400,00;Jordan;1997;400;Jordan;JOR;663,00;Jordan 1997;JOR97;-2,00
400,00;Jordan;1998;400;Jordan;JOR;663,00;Jordan 1998;JOR98;-2,00
400,00;Jordan;1999;400;Jordan;JOR;663,00;Jordan 1999;JOR99;-2,00
400,00;Jordan;2000;400;Jordan;JOR;663,00;Jordan 2000;JOR00;-2,00
400,00;Jordan;2001;400;Jordan;JOR;663,00;Jordan 2001;JOR01;-2,00
400,00;Jordan;2002;400;Jordan;JOR;663,00;Jordan 2002;JOR02;-2,00
400,00;Jordan;2003;400;Jordan;JOR;663,00;Jordan 2003;JOR03;-2,00
400,00;Jordan;2004;400;Jordan;JOR;663,00;Jordan 2004;JOR04;-2,00
400,00;Jordan;2005;400;Jordan;JOR;663,00;Jordan 2005;JOR05;-2,00
400,00;Jordan;2006;400;Jordan;JOR;663,00;Jordan 2006;JOR06;-2,00
400,00;Jordan;2007;400;Jordan;JOR;663,00;Jordan 2007;JOR07;-3,00
400,00;Jordan;2008;400;Jordan;JOR;663,00;Jordan 2008;JOR08;-3,00
400,00;Jordan;2009;400;Jordan;JOR;663,00;Jordan 2009;JOR09;-3,00
400,00;Jordan;2010;400;Jordan;JOR;663,00;Jordan 2010;JOR10;-3,00
400,00;Jordan;2011;400;Jordan;JOR;663,00;Jordan 2011;JOR11;-3,00
400,00;Jordan;2012;400;Jordan;JOR;663,00;Jordan 2012;JOR12;-3,00
400,00;Jordan;2013;400;Jordan;JOR;663,00;Jordan 2013;JOR13;-3,00
400,00;Jordan;2014;400;Jordan;JOR;663,00;Jordan 2014;JOR14;-3,00
400,00;Jordan;2015;400;Jordan;JOR;663,00;Jordan 2015;JOR15;-3,00
400,00;Jordan;2016;400;Jordan;JOR;663,00;Jordan 2016;JOR16;-3,00
400,00;Jordan;2017;400;Jordan;JOR;663,00;Jordan 2017;JOR17;-3,00
400,00;Jordan;2018;400;Jordan;JOR;663,00;Jordan 2018;JOR18;-3,00
404,00;Kenya;1964;404;Kenya;KEN;501,00;Kenya 1964;KEN64;-1,00
404,00;Kenya;1965;404;Kenya;KEN;501,00;Kenya 1965;KEN65;-1,00
404,00;Kenya;1966;404;Kenya;KEN;501,00;Kenya 1966;KEN66;-1,00
404,00;Kenya;1967;404;Kenya;KEN;501,00;Kenya 1967;KEN67;-1,00
404,00;Kenya;1968;404;Kenya;KEN;501,00;Kenya 1968;KEN68;-1,00
404,00;Kenya;1969;404;Kenya;KEN;501,00;Kenya 1969;KEN69;-7,00
404,00;Kenya;1970;404;Kenya;KEN;501,00;Kenya 1970;KEN70;-7,00
404,00;Kenya;1971;404;Kenya;KEN;501,00;Kenya 1971;KEN71;-7,00
404,00;Kenya;1972;404;Kenya;KEN;501,00;Kenya 1972;KEN72;-7,00
404,00;Kenya;1973;404;Kenya;KEN;501,00;Kenya 1973;KEN73;-7,00
404,00;Kenya;1974;404;Kenya;KEN;501,00;Kenya 1974;KEN74;-7,00
404,00;Kenya;1975;404;Kenya;KEN;501,00;Kenya 1975;KEN75;-7,00
404,00;Kenya;1976;404;Kenya;KEN;501,00;Kenya 1976;KEN76;-7,00
404,00;Kenya;1977;404;Kenya;KEN;501,00;Kenya 1977;KEN77;-7,00
404,00;Kenya;1978;404;Kenya;KEN;501,00;Kenya 1978;KEN78;-7,00
404,00;Kenya;1979;404;Kenya;KEN;501,00;Kenya 1979;KEN79;-6,00
404,00;Kenya;1980;404;Kenya;KEN;501,00;Kenya 1980;KEN80;-6,00
404,00;Kenya;1981;404;Kenya;KEN;501,00;Kenya 1981;KEN81;-6,00
404,00;Kenya;1982;404;Kenya;KEN;501,00;Kenya 1982;KEN82;-7,00
404,00;Kenya;1983;404;Kenya;KEN;501,00;Kenya 1983;KEN83;-7,00
404,00;Kenya;1984;404;Kenya;KEN;501,00;Kenya 1984;KEN84;-7,00
404,00;Kenya;1985;404;Kenya;KEN;501,00;Kenya 1985;KEN85;-7,00
404,00;Kenya;1986;404;Kenya;KEN;501,00;Kenya 1986;KEN86;-7,00
404,00;Kenya;1987;404;Kenya;KEN;501,00;Kenya 1987;KEN87;-7,00
404,00;Kenya;1988;404;Kenya;KEN;501,00;Kenya 1988;KEN88;-7,00
404,00;Kenya;1989;404;Kenya;KEN;501,00;Kenya 1989;KEN89;-7,00
404,00;Kenya;1990;404;Kenya;KEN;501,00;Kenya 1990;KEN90;-7,00
404,00;Kenya;1991;404;Kenya;KEN;501,00;Kenya 1991;KEN91;-5,00
404,00;Kenya;1992;404;Kenya;KEN;501,00;Kenya 1992;KEN92;-5,00
404,00;Kenya;1993;404;Kenya;KEN;501,00;Kenya 1993;KEN93;-5,00
404,00;Kenya;1994;404;Kenya;KEN;501,00;Kenya 1994;KEN94;-5,00
404,00;Kenya;1995;404;Kenya;KEN;501,00;Kenya 1995;KEN95;-5,00
404,00;Kenya;1996;404;Kenya;KEN;501,00;Kenya 1996;KEN96;-5,00
404,00;Kenya;1997;404;Kenya;KEN;501,00;Kenya 1997;KEN97;4,00
404,00;Kenya;1998;404;Kenya;KEN;501,00;Kenya 1998;KEN98;4,00
404,00;Kenya;1999;404;Kenya;KEN;501,00;Kenya 1999;KEN99;4,00
404,00;Kenya;2000;404;Kenya;KEN;501,00;Kenya 2000;KEN00;4,00
404,00;Kenya;2001;404;Kenya;KEN;501,00;Kenya 2001;KEN01;4,00
404,00;Kenya;2002;404;Kenya;KEN;501,00;Kenya 2002;KEN02;8,00
404,00;Kenya;2003;404;Kenya;KEN;501,00;Kenya 2003;KEN03;8,00
404,00;Kenya;2004;404;Kenya;KEN;501,00;Kenya 2004;KEN04;8,00
404,00;Kenya;2005;404;Kenya;KEN;501,00;Kenya 2005;KEN05;8,00
404,00;Kenya;2006;404;Kenya;KEN;501,00;Kenya 2006;KEN06;8,00
404,00;Kenya;2007;404;Kenya;KEN;501,00;Kenya 2007;KEN07;7,00
404,00;Kenya;2008;404;Kenya;KEN;501,00;Kenya 2008;KEN08;7,00
404,00;Kenya;2009;404;Kenya;KEN;501,00;Kenya 2009;KEN09;7,00
404,00;Kenya;2010;404;Kenya;KEN;501,00;Kenya 2010;KEN10;8,00
404,00;Kenya;2011;404;Kenya;KEN;501,00;Kenya 2011;KEN11;8,00
404,00;Kenya;2012;404;Kenya;KEN;501,00;Kenya 2012;KEN12;8,00
404,00;Kenya;2013;404;Kenya;KEN;501,00;Kenya 2013;KEN13;9,00
404,00;Kenya;2014;404;Kenya;KEN;501,00;Kenya 2014;KEN14;9,00
404,00;Kenya;2015;404;Kenya;KEN;501,00;Kenya 2015;KEN15;9,00
404,00;Kenya;2016;404;Kenya;KEN;501,00;Kenya 2016;KEN16;9,00
404,00;Kenya;2017;404;Kenya;KEN;501,00;Kenya 2017;KEN17;9,00
404,00;Kenya;2018;404;Kenya;KEN;501,00;Kenya 2018;KEN18;9,00
408,00;Korea (the Democratic People's Republic of);1949;408;Korea, North;PRK;731,00;Korea, North 1949;PRK49;-7,00
408,00;Korea (the Democratic People's Republic of);1950;408;Korea, North;PRK;731,00;Korea, North 1950;PRK50;-7,00
408,00;Korea (the Democratic People's Republic of);1951;408;Korea, North;PRK;731,00;Korea, North 1951;PRK51;-7,00
408,00;Korea (the Democratic People's Republic of);1952;408;Korea, North;PRK;731,00;Korea, North 1952;PRK52;-7,00
408,00;Korea (the Democratic People's Republic of);1953;408;Korea, North;PRK;731,00;Korea, North 1953;PRK53;-7,00
408,00;Korea (the Democratic People's Republic of);1954;408;Korea, North;PRK;731,00;Korea, North 1954;PRK54;-7,00
408,00;Korea (the Democratic People's Republic of);1955;408;Korea, North;PRK;731,00;Korea, North 1955;PRK55;-7,00
408,00;Korea (the Democratic People's Republic of);1956;408;Korea, North;PRK;731,00;Korea, North 1956;PRK56;-8,00
408,00;Korea (the Democratic People's Republic of);1957;408;Korea, North;PRK;731,00;Korea, North 1957;PRK57;-8,00
408,00;Korea (the Democratic People's Republic of);1958;408;Korea, North;PRK;731,00;Korea, North 1958;PRK58;-8,00
408,00;Korea (the Democratic People's Republic of);1959;408;Korea, North;PRK;731,00;Korea, North 1959;PRK59;-8,00
408,00;Korea (the Democratic People's Republic of);1960;408;Korea, North;PRK;731,00;Korea, North 1960;PRK60;-8,00
408,00;Korea (the Democratic People's Republic of);1961;408;Korea, North;PRK;731,00;Korea, North 1961;PRK61;-8,00
408,00;Korea (the Democratic People's Republic of);1962;408;Korea, North;PRK;731,00;Korea, North 1962;PRK62;-8,00
408,00;Korea (the Democratic People's Republic of);1963;408;Korea, North;PRK;731,00;Korea, North 1963;PRK63;-8,00
408,00;Korea (the Democratic People's Republic of);1964;408;Korea, North;PRK;731,00;Korea, North 1964;PRK64;-8,00
408,00;Korea (the Democratic People's Republic of);1965;408;Korea, North;PRK;731,00;Korea, North 1965;PRK65;-8,00
408,00;Korea (the Democratic People's Republic of);1966;408;Korea, North;PRK;731,00;Korea, North 1966;PRK66;-9,00
408,00;Korea (the Democratic People's Republic of);1967;408;Korea, North;PRK;731,00;Korea, North 1967;PRK67;-9,00
408,00;Korea (the Democratic People's Republic of);1968;408;Korea, North;PRK;731,00;Korea, North 1968;PRK68;-9,00
408,00;Korea (the Democratic People's Republic of);1969;408;Korea, North;PRK;731,00;Korea, North 1969;PRK69;-9,00
408,00;Korea (the Democratic People's Republic of);1970;408;Korea, North;PRK;731,00;Korea, North 1970;PRK70;-9,00
408,00;Korea (the Democratic People's Republic of);1971;408;Korea, North;PRK;731,00;Korea, North 1971;PRK71;-9,00
408,00;Korea (the Democratic People's Republic of);1972;408;Korea, North;PRK;731,00;Korea, North 1972;PRK72;-9,00
408,00;Korea (the Democratic People's Republic of);1973;408;Korea, North;PRK;731,00;Korea, North 1973;PRK73;-9,00
408,00;Korea (the Democratic People's Republic of);1974;408;Korea, North;PRK;731,00;Korea, North 1974;PRK74;-9,00
408,00;Korea (the Democratic People's Republic of);1975;408;Korea, North;PRK;731,00;Korea, North 1975;PRK75;-9,00
408,00;Korea (the Democratic People's Republic of);1976;408;Korea, North;PRK;731,00;Korea, North 1976;PRK76;-9,00
408,00;Korea (the Democratic People's Republic of);1977;408;Korea, North;PRK;731,00;Korea, North 1977;PRK77;-9,00
408,00;Korea (the Democratic People's Republic of);1978;408;Korea, North;PRK;731,00;Korea, North 1978;PRK78;-9,00
408,00;Korea (the Democratic People's Republic of);1979;408;Korea, North;PRK;731,00;Korea, North 1979;PRK79;-9,00
408,00;Korea (the Democratic People's Republic of);1980;408;Korea, North;PRK;731,00;Korea, North 1980;PRK80;-9,00
408,00;Korea (the Democratic People's Republic of);1981;408;Korea, North;PRK;731,00;Korea, North 1981;PRK81;-9,00
408,00;Korea (the Democratic People's Republic of);1982;408;Korea, North;PRK;731,00;Korea, North 1982;PRK82;-9,00
408,00;Korea (the Democratic People's Republic of);1983;408;Korea, North;PRK;731,00;Korea, North 1983;PRK83;-9,00
408,00;Korea (the Democratic People's Republic of);1984;408;Korea, North;PRK;731,00;Korea, North 1984;PRK84;-9,00
408,00;Korea (the Democratic People's Republic of);1985;408;Korea, North;PRK;731,00;Korea, North 1985;PRK85;-9,00
408,00;Korea (the Democratic People's Republic of);1986;408;Korea, North;PRK;731,00;Korea, North 1986;PRK86;-9,00
408,00;Korea (the Democratic People's Republic of);1987;408;Korea, North;PRK;731,00;Korea, North 1987;PRK87;-9,00
408,00;Korea (the Democratic People's Republic of);1988;408;Korea, North;PRK;731,00;Korea, North 1988;PRK88;-9,00
408,00;Korea (the Democratic People's Republic of);1989;408;Korea, North;PRK;731,00;Korea, North 1989;PRK89;-9,00
408,00;Korea (the Democratic People's Republic of);1990;408;Korea, North;PRK;731,00;Korea, North 1990;PRK90;-9,00
408,00;Korea (the Democratic People's Republic of);1991;408;Korea, North;PRK;731,00;Korea, North 1991;PRK91;-9,00
408,00;Korea (the Democratic People's Republic of);1992;408;Korea, North;PRK;731,00;Korea, North 1992;PRK92;-9,00
408,00;Korea (the Democratic People's Republic of);1993;408;Korea, North;PRK;731,00;Korea, North 1993;PRK93;-9,00
408,00;Korea (the Democratic People's Republic of);1994;408;Korea, North;PRK;731,00;Korea, North 1994;PRK94;-10,00
408,00;Korea (the Democratic People's Republic of);1995;408;Korea, North;PRK;731,00;Korea, North 1995;PRK95;-10,00
408,00;Korea (the Democratic People's Republic of);1996;408;Korea, North;PRK;731,00;Korea, North 1996;PRK96;-10,00
408,00;Korea (the Democratic People's Republic of);1997;408;Korea, North;PRK;731,00;Korea, North 1997;PRK97;-10,00
408,00;Korea (the Democratic People's Republic of);1998;408;Korea, North;PRK;731,00;Korea, North 1998;PRK98;-10,00
408,00;Korea (the Democratic People's Republic of);1999;408;Korea, North;PRK;731,00;Korea, North 1999;PRK99;-10,00
408,00;Korea (the Democratic People's Republic of);2000;408;Korea, North;PRK;731,00;Korea, North 2000;PRK00;-10,00
408,00;Korea (the Democratic People's Republic of);2001;408;Korea, North;PRK;731,00;Korea, North 2001;PRK01;-10,00
408,00;Korea (the Democratic People's Republic of);2002;408;Korea, North;PRK;731,00;Korea, North 2002;PRK02;-10,00
408,00;Korea (the Democratic People's Republic of);2003;408;Korea, North;PRK;731,00;Korea, North 2003;PRK03;-10,00
408,00;Korea (the Democratic People's Republic of);2004;408;Korea, North;PRK;731,00;Korea, North 2004;PRK04;-10,00
408,00;Korea (the Democratic People's Republic of);2005;408;Korea, North;PRK;731,00;Korea, North 2005;PRK05;-10,00
408,00;Korea (the Democratic People's Republic of);2006;408;Korea, North;PRK;731,00;Korea, North 2006;PRK06;-10,00
408,00;Korea (the Democratic People's Republic of);2007;408;Korea, North;PRK;731,00;Korea, North 2007;PRK07;-10,00
408,00;Korea (the Democratic People's Republic of);2008;408;Korea, North;PRK;731,00;Korea, North 2008;PRK08;-10,00
408,00;Korea (the Democratic People's Republic of);2009;408;Korea, North;PRK;731,00;Korea, North 2009;PRK09;-10,00
408,00;Korea (the Democratic People's Republic of);2010;408;Korea, North;PRK;731,00;Korea, North 2010;PRK10;-10,00
408,00;Korea (the Democratic People's Republic of);2011;408;Korea, North;PRK;731,00;Korea, North 2011;PRK11;-10,00
408,00;Korea (the Democratic People's Republic of);2012;408;Korea, North;PRK;731,00;Korea, North 2012;PRK12;-10,00
408,00;Korea (the Democratic People's Republic of);2013;408;Korea, North;PRK;731,00;Korea, North 2013;PRK13;-10,00
408,00;Korea (the Democratic People's Republic of);2014;408;Korea, North;PRK;731,00;Korea, North 2014;PRK14;-10,00
408,00;Korea (the Democratic People's Republic of);2015;408;Korea, North;PRK;731,00;Korea, North 2015;PRK15;-10,00
408,00;Korea (the Democratic People's Republic of);2016;408;Korea, North;PRK;731,00;Korea, North 2016;PRK16;-10,00
408,00;Korea (the Democratic People's Republic of);2017;408;Korea, North;PRK;731,00;Korea, North 2017;PRK17;-10,00
408,00;Korea (the Democratic People's Republic of);2018;408;Korea, North;PRK;731,00;Korea, North 2018;PRK18;-10,00
410,00;Korea (the Republic of);1948;410;Korea, South;KOR;732,00;Korea, South 1948;KOR48;-3,00
410,00;Korea (the Republic of);1949;410;Korea, South;KOR;732,00;Korea, South 1949;KOR49;-3,00
410,00;Korea (the Republic of);1950;410;Korea, South;KOR;732,00;Korea, South 1950;KOR50;-3,00
410,00;Korea (the Republic of);1951;410;Korea, South;KOR;732,00;Korea, South 1951;KOR51;-3,00
410,00;Korea (the Republic of);1952;410;Korea, South;KOR;732,00;Korea, South 1952;KOR52;-4,00
410,00;Korea (the Republic of);1953;410;Korea, South;KOR;732,00;Korea, South 1953;KOR53;-4,00
410,00;Korea (the Republic of);1954;410;Korea, South;KOR;732,00;Korea, South 1954;KOR54;-4,00
410,00;Korea (the Republic of);1955;410;Korea, South;KOR;732,00;Korea, South 1955;KOR55;-4,00
410,00;Korea (the Republic of);1956;410;Korea, South;KOR;732,00;Korea, South 1956;KOR56;-4,00
410,00;Korea (the Republic of);1957;410;Korea, South;KOR;732,00;Korea, South 1957;KOR57;-4,00
410,00;Korea (the Republic of);1958;410;Korea, South;KOR;732,00;Korea, South 1958;KOR58;-4,00
410,00;Korea (the Republic of);1959;410;Korea, South;KOR;732,00;Korea, South 1959;KOR59;-4,00
410,00;Korea (the Republic of);1960;410;Korea, South;KOR;732,00;Korea, South 1960;KOR60;8,00
410,00;Korea (the Republic of);1961;410;Korea, South;KOR;732,00;Korea, South 1961;KOR61;-7,00
410,00;Korea (the Republic of);1962;410;Korea, South;KOR;732,00;Korea, South 1962;KOR62;-7,00
410,00;Korea (the Republic of);1963;410;Korea, South;KOR;732,00;Korea, South 1963;KOR63;3,00
410,00;Korea (the Republic of);1964;410;Korea, South;KOR;732,00;Korea, South 1964;KOR64;3,00
410,00;Korea (the Republic of);1965;410;Korea, South;KOR;732,00;Korea, South 1965;KOR65;3,00
410,00;Korea (the Republic of);1966;410;Korea, South;KOR;732,00;Korea, South 1966;KOR66;3,00
410,00;Korea (the Republic of);1967;410;Korea, South;KOR;732,00;Korea, South 1967;KOR67;3,00
410,00;Korea (the Republic of);1968;410;Korea, South;KOR;732,00;Korea, South 1968;KOR68;3,00
410,00;Korea (the Republic of);1969;410;Korea, South;KOR;732,00;Korea, South 1969;KOR69;3,00
410,00;Korea (the Republic of);1970;410;Korea, South;KOR;732,00;Korea, South 1970;KOR70;3,00
410,00;Korea (the Republic of);1971;410;Korea, South;KOR;732,00;Korea, South 1971;KOR71;3,00
410,00;Korea (the Republic of);1972;410;Korea, South;KOR;732,00;Korea, South 1972;KOR72;-9,00
410,00;Korea (the Republic of);1973;410;Korea, South;KOR;732,00;Korea, South 1973;KOR73;-8,00
410,00;Korea (the Republic of);1974;410;Korea, South;KOR;732,00;Korea, South 1974;KOR74;-8,00
410,00;Korea (the Republic of);1975;410;Korea, South;KOR;732,00;Korea, South 1975;KOR75;-8,00
410,00;Korea (the Republic of);1976;410;Korea, South;KOR;732,00;Korea, South 1976;KOR76;-8,00
410,00;Korea (the Republic of);1977;410;Korea, South;KOR;732,00;Korea, South 1977;KOR77;-8,00
410,00;Korea (the Republic of);1978;410;Korea, South;KOR;732,00;Korea, South 1978;KOR78;-8,00
410,00;Korea (the Republic of);1979;410;Korea, South;KOR;732,00;Korea, South 1979;KOR79;-8,00
410,00;Korea (the Republic of);1980;410;Korea, South;KOR;732,00;Korea, South 1980;KOR80;-8,00
410,00;Korea (the Republic of);1981;410;Korea, South;KOR;732,00;Korea, South 1981;KOR81;-5,00
410,00;Korea (the Republic of);1982;410;Korea, South;KOR;732,00;Korea, South 1982;KOR82;-5,00
410,00;Korea (the Republic of);1983;410;Korea, South;KOR;732,00;Korea, South 1983;KOR83;-5,00
410,00;Korea (the Republic of);1984;410;Korea, South;KOR;732,00;Korea, South 1984;KOR84;-5,00
410,00;Korea (the Republic of);1985;410;Korea, South;KOR;732,00;Korea, South 1985;KOR85;-5,00
410,00;Korea (the Republic of);1986;410;Korea, South;KOR;732,00;Korea, South 1986;KOR86;-5,00
410,00;Korea (the Republic of);1987;410;Korea, South;KOR;732,00;Korea, South 1987;KOR87;1,00
410,00;Korea (the Republic of);1988;410;Korea, South;KOR;732,00;Korea, South 1988;KOR88;6,00
410,00;Korea (the Republic of);1989;410;Korea, South;KOR;732,00;Korea, South 1989;KOR89;6,00
410,00;Korea (the Republic of);1990;410;Korea, South;KOR;732,00;Korea, South 1990;KOR90;6,00
410,00;Korea (the Republic of);1991;410;Korea, South;KOR;732,00;Korea, South 1991;KOR91;6,00
410,00;Korea (the Republic of);1992;410;Korea, South;KOR;732,00;Korea, South 1992;KOR92;6,00
410,00;Korea (the Republic of);1993;410;Korea, South;KOR;732,00;Korea, South 1993;KOR93;6,00
410,00;Korea (the Republic of);1994;410;Korea, South;KOR;732,00;Korea, South 1994;KOR94;6,00
410,00;Korea (the Republic of);1995;410;Korea, South;KOR;732,00;Korea, South 1995;KOR95;6,00
410,00;Korea (the Republic of);1996;410;Korea, South;KOR;732,00;Korea, South 1996;KOR96;6,00
410,00;Korea (the Republic of);1997;410;Korea, South;KOR;732,00;Korea, South 1997;KOR97;6,00
410,00;Korea (the Republic of);1998;410;Korea, South;KOR;732,00;Korea, South 1998;KOR98;8,00
410,00;Korea (the Republic of);1999;410;Korea, South;KOR;732,00;Korea, South 1999;KOR99;8,00
410,00;Korea (the Republic of);2000;410;Korea, South;KOR;732,00;Korea, South 2000;KOR00;8,00
410,00;Korea (the Republic of);2001;410;Korea, South;KOR;732,00;Korea, South 2001;KOR01;8,00
410,00;Korea (the Republic of);2002;410;Korea, South;KOR;732,00;Korea, South 2002;KOR02;8,00
410,00;Korea (the Republic of);2003;410;Korea, South;KOR;732,00;Korea, South 2003;KOR03;8,00
410,00;Korea (the Republic of);2004;410;Korea, South;KOR;732,00;Korea, South 2004;KOR04;8,00
410,00;Korea (the Republic of);2005;410;Korea, South;KOR;732,00;Korea, South 2005;KOR05;8,00
410,00;Korea (the Republic of);2006;410;Korea, South;KOR;732,00;Korea, South 2006;KOR06;8,00
410,00;Korea (the Republic of);2007;410;Korea, South;KOR;732,00;Korea, South 2007;KOR07;8,00
410,00;Korea (the Republic of);2008;410;Korea, South;KOR;732,00;Korea, South 2008;KOR08;8,00
410,00;Korea (the Republic of);2009;410;Korea, South;KOR;732,00;Korea, South 2009;KOR09;8,00
410,00;Korea (the Republic of);2010;410;Korea, South;KOR;732,00;Korea, South 2010;KOR10;8,00
410,00;Korea (the Republic of);2011;410;Korea, South;KOR;732,00;Korea, South 2011;KOR11;8,00
410,00;Korea (the Republic of);2012;410;Korea, South;KOR;732,00;Korea, South 2012;KOR12;8,00
410,00;Korea (the Republic of);2013;410;Korea, South;KOR;732,00;Korea, South 2013;KOR13;8,00
410,00;Korea (the Republic of);2014;410;Korea, South;KOR;732,00;Korea, South 2014;KOR14;8,00
410,00;Korea (the Republic of);2015;410;Korea, South;KOR;732,00;Korea, South 2015;KOR15;8,00
410,00;Korea (the Republic of);2016;410;Korea, South;KOR;732,00;Korea, South 2016;KOR16;8,00
410,00;Korea (the Republic of);2017;410;Korea, South;KOR;732,00;Korea, South 2017;KOR17;8,00
410,00;Korea (the Republic of);2018;410;Korea, South;KOR;732,00;Korea, South 2018;KOR18;8,00
414,00;Kuwait;1963;414;Kuwait;KWT;690,00;Kuwait 1963;KWT63;-8,00
414,00;Kuwait;1964;414;Kuwait;KWT;690,00;Kuwait 1964;KWT64;-8,00
414,00;Kuwait;1965;414;Kuwait;KWT;690,00;Kuwait 1965;KWT65;-9,00
414,00;Kuwait;1966;414;Kuwait;KWT;690,00;Kuwait 1966;KWT66;-9,00
414,00;Kuwait;1967;414;Kuwait;KWT;690,00;Kuwait 1967;KWT67;-9,00
414,00;Kuwait;1968;414;Kuwait;KWT;690,00;Kuwait 1968;KWT68;-9,00
414,00;Kuwait;1969;414;Kuwait;KWT;690,00;Kuwait 1969;KWT69;-9,00
414,00;Kuwait;1970;414;Kuwait;KWT;690,00;Kuwait 1970;KWT70;-9,00
414,00;Kuwait;1971;414;Kuwait;KWT;690,00;Kuwait 1971;KWT71;-8,00
414,00;Kuwait;1972;414;Kuwait;KWT;690,00;Kuwait 1972;KWT72;-8,00
414,00;Kuwait;1973;414;Kuwait;KWT;690,00;Kuwait 1973;KWT73;-8,00
414,00;Kuwait;1974;414;Kuwait;KWT;690,00;Kuwait 1974;KWT74;-8,00
414,00;Kuwait;1975;414;Kuwait;KWT;690,00;Kuwait 1975;KWT75;-8,00
414,00;Kuwait;1976;414;Kuwait;KWT;690,00;Kuwait 1976;KWT76;-10,00
414,00;Kuwait;1977;414;Kuwait;KWT;690,00;Kuwait 1977;KWT77;-10,00
414,00;Kuwait;1978;414;Kuwait;KWT;690,00;Kuwait 1978;KWT78;-10,00
414,00;Kuwait;1979;414;Kuwait;KWT;690,00;Kuwait 1979;KWT79;-10,00
414,00;Kuwait;1980;414;Kuwait;KWT;690,00;Kuwait 1980;KWT80;-10,00
414,00;Kuwait;1981;414;Kuwait;KWT;690,00;Kuwait 1981;KWT81;-8,00
414,00;Kuwait;1982;414;Kuwait;KWT;690,00;Kuwait 1982;KWT82;-8,00
414,00;Kuwait;1983;414;Kuwait;KWT;690,00;Kuwait 1983;KWT83;-8,00
414,00;Kuwait;1984;414;Kuwait;KWT;690,00;Kuwait 1984;KWT84;-8,00
414,00;Kuwait;1985;414;Kuwait;KWT;690,00;Kuwait 1985;KWT85;-8,00
414,00;Kuwait;1986;414;Kuwait;KWT;690,00;Kuwait 1986;KWT86;-10,00
414,00;Kuwait;1987;414;Kuwait;KWT;690,00;Kuwait 1987;KWT87;-10,00
414,00;Kuwait;1988;414;Kuwait;KWT;690,00;Kuwait 1988;KWT88;-10,00
414,00;Kuwait;1989;414;Kuwait;KWT;690,00;Kuwait 1989;KWT89;-10,00
414,00;Kuwait;1991;414;Kuwait;KWT;690,00;Kuwait 1991;KWT91;-9,00
414,00;Kuwait;1992;414;Kuwait;KWT;690,00;Kuwait 1992;KWT92;-7,00
414,00;Kuwait;1993;414;Kuwait;KWT;690,00;Kuwait 1993;KWT93;-7,00
414,00;Kuwait;1994;414;Kuwait;KWT;690,00;Kuwait 1994;KWT94;-7,00
414,00;Kuwait;1995;414;Kuwait;KWT;690,00;Kuwait 1995;KWT95;-7,00
414,00;Kuwait;1996;414;Kuwait;KWT;690,00;Kuwait 1996;KWT96;-7,00
414,00;Kuwait;1997;414;Kuwait;KWT;690,00;Kuwait 1997;KWT97;-7,00
414,00;Kuwait;1998;414;Kuwait;KWT;690,00;Kuwait 1998;KWT98;-7,00
414,00;Kuwait;1999;414;Kuwait;KWT;690,00;Kuwait 1999;KWT99;-7,00
414,00;Kuwait;2000;414;Kuwait;KWT;690,00;Kuwait 2000;KWT00;-7,00
414,00;Kuwait;2001;414;Kuwait;KWT;690,00;Kuwait 2001;KWT01;-7,00
414,00;Kuwait;2002;414;Kuwait;KWT;690,00;Kuwait 2002;KWT02;-7,00
414,00;Kuwait;2003;414;Kuwait;KWT;690,00;Kuwait 2003;KWT03;-7,00
414,00;Kuwait;2004;414;Kuwait;KWT;690,00;Kuwait 2004;KWT04;-7,00
414,00;Kuwait;2005;414;Kuwait;KWT;690,00;Kuwait 2005;KWT05;-7,00
414,00;Kuwait;2006;414;Kuwait;KWT;690,00;Kuwait 2006;KWT06;-7,00
414,00;Kuwait;2007;414;Kuwait;KWT;690,00;Kuwait 2007;KWT07;-7,00
414,00;Kuwait;2008;414;Kuwait;KWT;690,00;Kuwait 2008;KWT08;-7,00
414,00;Kuwait;2009;414;Kuwait;KWT;690,00;Kuwait 2009;KWT09;-7,00
414,00;Kuwait;2010;414;Kuwait;KWT;690,00;Kuwait 2010;KWT10;-7,00
414,00;Kuwait;2011;414;Kuwait;KWT;690,00;Kuwait 2011;KWT11;-7,00
414,00;Kuwait;2012;414;Kuwait;KWT;690,00;Kuwait 2012;KWT12;-7,00
414,00;Kuwait;2013;414;Kuwait;KWT;690,00;Kuwait 2013;KWT13;-7,00
414,00;Kuwait;2014;414;Kuwait;KWT;690,00;Kuwait 2014;KWT14;-7,00
414,00;Kuwait;2015;414;Kuwait;KWT;690,00;Kuwait 2015;KWT15;-7,00
414,00;Kuwait;2016;414;Kuwait;KWT;690,00;Kuwait 2016;KWT16;-7,00
414,00;Kuwait;2017;414;Kuwait;KWT;690,00;Kuwait 2017;KWT17;-7,00
414,00;Kuwait;2018;414;Kuwait;KWT;690,00;Kuwait 2018;KWT18;-7,00
417,00;Kyrgyzstan;1992;417;Kyrgyzstan;KGZ;703,00;Kyrgyzstan 1992;KGZ92;-3,00
417,00;Kyrgyzstan;1993;417;Kyrgyzstan;KGZ;703,00;Kyrgyzstan 1993;KGZ93;-3,00
417,00;Kyrgyzstan;1994;417;Kyrgyzstan;KGZ;703,00;Kyrgyzstan 1994;KGZ94;-3,00
417,00;Kyrgyzstan;1995;417;Kyrgyzstan;KGZ;703,00;Kyrgyzstan 1995;KGZ95;-3,00
417,00;Kyrgyzstan;1996;417;Kyrgyzstan;KGZ;703,00;Kyrgyzstan 1996;KGZ96;-3,00
417,00;Kyrgyzstan;1997;417;Kyrgyzstan;KGZ;703,00;Kyrgyzstan 1997;KGZ97;-3,00
417,00;Kyrgyzstan;1998;417;Kyrgyzstan;KGZ;703,00;Kyrgyzstan 1998;KGZ98;-3,00
417,00;Kyrgyzstan;1999;417;Kyrgyzstan;KGZ;703,00;Kyrgyzstan 1999;KGZ99;-3,00
417,00;Kyrgyzstan;2000;417;Kyrgyzstan;KGZ;703,00;Kyrgyzstan 2000;KGZ00;-3,00
417,00;Kyrgyzstan;2001;417;Kyrgyzstan;KGZ;703,00;Kyrgyzstan 2001;KGZ01;-3,00
417,00;Kyrgyzstan;2002;417;Kyrgyzstan;KGZ;703,00;Kyrgyzstan 2002;KGZ02;-3,00
417,00;Kyrgyzstan;2003;417;Kyrgyzstan;KGZ;703,00;Kyrgyzstan 2003;KGZ03;-3,00
417,00;Kyrgyzstan;2004;417;Kyrgyzstan;KGZ;703,00;Kyrgyzstan 2004;KGZ04;-3,00
417,00;Kyrgyzstan;2005;417;Kyrgyzstan;KGZ;703,00;Kyrgyzstan 2005;KGZ05;3,00
417,00;Kyrgyzstan;2006;417;Kyrgyzstan;KGZ;703,00;Kyrgyzstan 2006;KGZ06;4,00
417,00;Kyrgyzstan;2007;417;Kyrgyzstan;KGZ;703,00;Kyrgyzstan 2007;KGZ07;3,00
417,00;Kyrgyzstan;2008;417;Kyrgyzstan;KGZ;703,00;Kyrgyzstan 2008;KGZ08;3,00
417,00;Kyrgyzstan;2009;417;Kyrgyzstan;KGZ;703,00;Kyrgyzstan 2009;KGZ09;1,00
417,00;Kyrgyzstan;2010;417;Kyrgyzstan;KGZ;703,00;Kyrgyzstan 2010;KGZ10;4,00
417,00;Kyrgyzstan;2011;417;Kyrgyzstan;KGZ;703,00;Kyrgyzstan 2011;KGZ11;7,00
417,00;Kyrgyzstan;2012;417;Kyrgyzstan;KGZ;703,00;Kyrgyzstan 2012;KGZ12;7,00
417,00;Kyrgyzstan;2013;417;Kyrgyzstan;KGZ;703,00;Kyrgyzstan 2013;KGZ13;7,00
417,00;Kyrgyzstan;2014;417;Kyrgyzstan;KGZ;703,00;Kyrgyzstan 2014;KGZ14;7,00
417,00;Kyrgyzstan;2015;417;Kyrgyzstan;KGZ;703,00;Kyrgyzstan 2015;KGZ15;7,00
417,00;Kyrgyzstan;2016;417;Kyrgyzstan;KGZ;703,00;Kyrgyzstan 2016;KGZ16;7,00
417,00;Kyrgyzstan;2017;417;Kyrgyzstan;KGZ;703,00;Kyrgyzstan 2017;KGZ17;8,00
417,00;Kyrgyzstan;2018;417;Kyrgyzstan;KGZ;703,00;Kyrgyzstan 2018;KGZ18;8,00
418,00;Lao People's Democratic Republic (the);1954;418;Laos;LAO;812,00;Laos 1954;LAO54;4,00
418,00;Lao People's Democratic Republic (the);1955;418;Laos;LAO;812,00;Laos 1955;LAO55;4,00
418,00;Lao People's Democratic Republic (the);1956;418;Laos;LAO;812,00;Laos 1956;LAO56;4,00
418,00;Lao People's Democratic Republic (the);1957;418;Laos;LAO;812,00;Laos 1957;LAO57;4,00
418,00;Lao People's Democratic Republic (the);1958;418;Laos;LAO;812,00;Laos 1958;LAO58;5,00
418,00;Lao People's Democratic Republic (the);1959;418;Laos;LAO;812,00;Laos 1959;LAO59;-4,00
418,00;Lao People's Democratic Republic (the);1960;418;Laos;LAO;812,00;Laos 1960;LAO60;-4,00
418,00;Lao People's Democratic Republic (the);1961;418;Laos;LAO;812,00;Laos 1961;LAO61;0,00
418,00;Lao People's Democratic Republic (the);1962;418;Laos;LAO;812,00;Laos 1962;LAO62;0,00
418,00;Lao People's Democratic Republic (the);1963;418;Laos;LAO;812,00;Laos 1963;LAO63;0,00
418,00;Lao People's Democratic Republic (the);1964;418;Laos;LAO;812,00;Laos 1964;LAO64;0,00
418,00;Lao People's Democratic Republic (the);1965;418;Laos;LAO;812,00;Laos 1965;LAO65;0,00
418,00;Lao People's Democratic Republic (the);1966;418;Laos;LAO;812,00;Laos 1966;LAO66;0,00
418,00;Lao People's Democratic Republic (the);1967;418;Laos;LAO;812,00;Laos 1967;LAO67;0,00
418,00;Lao People's Democratic Republic (the);1968;418;Laos;LAO;812,00;Laos 1968;LAO68;0,00
418,00;Lao People's Democratic Republic (the);1969;418;Laos;LAO;812,00;Laos 1969;LAO69;0,00
418,00;Lao People's Democratic Republic (the);1970;418;Laos;LAO;812,00;Laos 1970;LAO70;0,00
418,00;Lao People's Democratic Republic (the);1971;418;Laos;LAO;812,00;Laos 1971;LAO71;0,00
418,00;Lao People's Democratic Republic (the);1972;418;Laos;LAO;812,00;Laos 1972;LAO72;0,00
418,00;Lao People's Democratic Republic (the);1973;418;Laos;LAO;812,00;Laos 1973;LAO73;0,00
418,00;Lao People's Democratic Republic (the);1974;418;Laos;LAO;812,00;Laos 1974;LAO74;-3,00
418,00;Lao People's Democratic Republic (the);1975;418;Laos;LAO;812,00;Laos 1975;LAO75;-7,00
418,00;Lao People's Democratic Republic (the);1976;418;Laos;LAO;812,00;Laos 1976;LAO76;-7,00
418,00;Lao People's Democratic Republic (the);1977;418;Laos;LAO;812,00;Laos 1977;LAO77;-7,00
418,00;Lao People's Democratic Republic (the);1978;418;Laos;LAO;812,00;Laos 1978;LAO78;-7,00
418,00;Lao People's Democratic Republic (the);1979;418;Laos;LAO;812,00;Laos 1979;LAO79;-7,00
418,00;Lao People's Democratic Republic (the);1980;418;Laos;LAO;812,00;Laos 1980;LAO80;-7,00
418,00;Lao People's Democratic Republic (the);1981;418;Laos;LAO;812,00;Laos 1981;LAO81;-7,00
418,00;Lao People's Democratic Republic (the);1982;418;Laos;LAO;812,00;Laos 1982;LAO82;-7,00
418,00;Lao People's Democratic Republic (the);1983;418;Laos;LAO;812,00;Laos 1983;LAO83;-7,00
418,00;Lao People's Democratic Republic (the);1984;418;Laos;LAO;812,00;Laos 1984;LAO84;-7,00
418,00;Lao People's Democratic Republic (the);1985;418;Laos;LAO;812,00;Laos 1985;LAO85;-7,00
418,00;Lao People's Democratic Republic (the);1986;418;Laos;LAO;812,00;Laos 1986;LAO86;-7,00
418,00;Lao People's Democratic Republic (the);1987;418;Laos;LAO;812,00;Laos 1987;LAO87;-7,00
418,00;Lao People's Democratic Republic (the);1988;418;Laos;LAO;812,00;Laos 1988;LAO88;-7,00
418,00;Lao People's Democratic Republic (the);1989;418;Laos;LAO;812,00;Laos 1989;LAO89;-7,00
418,00;Lao People's Democratic Republic (the);1990;418;Laos;LAO;812,00;Laos 1990;LAO90;-7,00
418,00;Lao People's Democratic Republic (the);1991;418;Laos;LAO;812,00;Laos 1991;LAO91;-7,00
418,00;Lao People's Democratic Republic (the);1992;418;Laos;LAO;812,00;Laos 1992;LAO92;-7,00
418,00;Lao People's Democratic Republic (the);1993;418;Laos;LAO;812,00;Laos 1993;LAO93;-7,00
418,00;Lao People's Democratic Republic (the);1994;418;Laos;LAO;812,00;Laos 1994;LAO94;-7,00
418,00;Lao People's Democratic Republic (the);1995;418;Laos;LAO;812,00;Laos 1995;LAO95;-7,00
418,00;Lao People's Democratic Republic (the);1996;418;Laos;LAO;812,00;Laos 1996;LAO96;-7,00
418,00;Lao People's Democratic Republic (the);1997;418;Laos;LAO;812,00;Laos 1997;LAO97;-7,00
418,00;Lao People's Democratic Republic (the);1998;418;Laos;LAO;812,00;Laos 1998;LAO98;-7,00
418,00;Lao People's Democratic Republic (the);1999;418;Laos;LAO;812,00;Laos 1999;LAO99;-7,00
418,00;Lao People's Democratic Republic (the);2000;418;Laos;LAO;812,00;Laos 2000;LAO00;-7,00
418,00;Lao People's Democratic Republic (the);2001;418;Laos;LAO;812,00;Laos 2001;LAO01;-7,00
418,00;Lao People's Democratic Republic (the);2002;418;Laos;LAO;812,00;Laos 2002;LAO02;-7,00
418,00;Lao People's Democratic Republic (the);2003;418;Laos;LAO;812,00;Laos 2003;LAO03;-7,00
418,00;Lao People's Democratic Republic (the);2004;418;Laos;LAO;812,00;Laos 2004;LAO04;-7,00
418,00;Lao People's Democratic Republic (the);2005;418;Laos;LAO;812,00;Laos 2005;LAO05;-7,00
418,00;Lao People's Democratic Republic (the);2006;418;Laos;LAO;812,00;Laos 2006;LAO06;-7,00
418,00;Lao People's Democratic Republic (the);2007;418;Laos;LAO;812,00;Laos 2007;LAO07;-7,00
418,00;Lao People's Democratic Republic (the);2008;418;Laos;LAO;812,00;Laos 2008;LAO08;-7,00
418,00;Lao People's Democratic Republic (the);2009;418;Laos;LAO;812,00;Laos 2009;LAO09;-7,00
418,00;Lao People's Democratic Republic (the);2010;418;Laos;LAO;812,00;Laos 2010;LAO10;-7,00
418,00;Lao People's Democratic Republic (the);2011;418;Laos;LAO;812,00;Laos 2011;LAO11;-7,00
418,00;Lao People's Democratic Republic (the);2012;418;Laos;LAO;812,00;Laos 2012;LAO12;-7,00
418,00;Lao People's Democratic Republic (the);2013;418;Laos;LAO;812,00;Laos 2013;LAO13;-7,00
418,00;Lao People's Democratic Republic (the);2014;418;Laos;LAO;812,00;Laos 2014;LAO14;-7,00
418,00;Lao People's Democratic Republic (the);2015;418;Laos;LAO;812,00;Laos 2015;LAO15;-7,00
418,00;Lao People's Democratic Republic (the);2016;418;Laos;LAO;812,00;Laos 2016;LAO16;-7,00
418,00;Lao People's Democratic Republic (the);2017;418;Laos;LAO;812,00;Laos 2017;LAO17;-7,00
418,00;Lao People's Democratic Republic (the);2018;418;Laos;LAO;812,00;Laos 2018;LAO18;-7,00
422,00;Lebanon;1946;422;Lebanon;LBN;660,00;Lebanon 1946;LBN46;1,00
422,00;Lebanon;1947;422;Lebanon;LBN;660,00;Lebanon 1947;LBN47;1,00
422,00;Lebanon;1948;422;Lebanon;LBN;660,00;Lebanon 1948;LBN48;1,00
422,00;Lebanon;1949;422;Lebanon;LBN;660,00;Lebanon 1949;LBN49;1,00
422,00;Lebanon;1950;422;Lebanon;LBN;660,00;Lebanon 1950;LBN50;1,00
422,00;Lebanon;1951;422;Lebanon;LBN;660,00;Lebanon 1951;LBN51;1,00
422,00;Lebanon;1952;422;Lebanon;LBN;660,00;Lebanon 1952;LBN52;1,00
422,00;Lebanon;1953;422;Lebanon;LBN;660,00;Lebanon 1953;LBN53;1,00
422,00;Lebanon;1954;422;Lebanon;LBN;660,00;Lebanon 1954;LBN54;1,00
422,00;Lebanon;1955;422;Lebanon;LBN;660,00;Lebanon 1955;LBN55;1,00
422,00;Lebanon;1956;422;Lebanon;LBN;660,00;Lebanon 1956;LBN56;1,00
422,00;Lebanon;1957;422;Lebanon;LBN;660,00;Lebanon 1957;LBN57;1,00
422,00;Lebanon;1958;422;Lebanon;LBN;660,00;Lebanon 1958;LBN58;1,00
422,00;Lebanon;1959;422;Lebanon;LBN;660,00;Lebanon 1959;LBN59;1,00
422,00;Lebanon;1960;422;Lebanon;LBN;660,00;Lebanon 1960;LBN60;1,00
422,00;Lebanon;1961;422;Lebanon;LBN;660,00;Lebanon 1961;LBN61;1,00
422,00;Lebanon;1962;422;Lebanon;LBN;660,00;Lebanon 1962;LBN62;1,00
422,00;Lebanon;1963;422;Lebanon;LBN;660,00;Lebanon 1963;LBN63;1,00
422,00;Lebanon;1964;422;Lebanon;LBN;660,00;Lebanon 1964;LBN64;1,00
422,00;Lebanon;1965;422;Lebanon;LBN;660,00;Lebanon 1965;LBN65;1,00
422,00;Lebanon;1966;422;Lebanon;LBN;660,00;Lebanon 1966;LBN66;1,00
422,00;Lebanon;1967;422;Lebanon;LBN;660,00;Lebanon 1967;LBN67;1,00
422,00;Lebanon;1968;422;Lebanon;LBN;660,00;Lebanon 1968;LBN68;1,00
422,00;Lebanon;1969;422;Lebanon;LBN;660,00;Lebanon 1969;LBN69;1,00
422,00;Lebanon;1970;422;Lebanon;LBN;660,00;Lebanon 1970;LBN70;3,00
422,00;Lebanon;1971;422;Lebanon;LBN;660,00;Lebanon 1971;LBN71;3,00
422,00;Lebanon;1972;422;Lebanon;LBN;660,00;Lebanon 1972;LBN72;3,00
422,00;Lebanon;1973;422;Lebanon;LBN;660,00;Lebanon 1973;LBN73;3,00
422,00;Lebanon;1974;422;Lebanon;LBN;660,00;Lebanon 1974;LBN74;3,00
422,00;Lebanon;1975;422;Lebanon;LBN;660,00;Lebanon 1975;LBN75;0,00
422,00;Lebanon;1976;422;Lebanon;LBN;660,00;Lebanon 1976;LBN76;0,00
422,00;Lebanon;1977;422;Lebanon;LBN;660,00;Lebanon 1977;LBN77;0,00
422,00;Lebanon;1978;422;Lebanon;LBN;660,00;Lebanon 1978;LBN78;0,00
422,00;Lebanon;1979;422;Lebanon;LBN;660,00;Lebanon 1979;LBN79;0,00
422,00;Lebanon;1980;422;Lebanon;LBN;660,00;Lebanon 1980;LBN80;0,00
422,00;Lebanon;1981;422;Lebanon;LBN;660,00;Lebanon 1981;LBN81;0,00
422,00;Lebanon;1982;422;Lebanon;LBN;660,00;Lebanon 1982;LBN82;0,00
422,00;Lebanon;1983;422;Lebanon;LBN;660,00;Lebanon 1983;LBN83;0,00
422,00;Lebanon;1984;422;Lebanon;LBN;660,00;Lebanon 1984;LBN84;0,00
422,00;Lebanon;1985;422;Lebanon;LBN;660,00;Lebanon 1985;LBN85;0,00
422,00;Lebanon;1986;422;Lebanon;LBN;660,00;Lebanon 1986;LBN86;0,00
422,00;Lebanon;1987;422;Lebanon;LBN;660,00;Lebanon 1987;LBN87;0,00
422,00;Lebanon;1988;422;Lebanon;LBN;660,00;Lebanon 1988;LBN88;0,00
422,00;Lebanon;1989;422;Lebanon;LBN;660,00;Lebanon 1989;LBN89;0,00
422,00;Lebanon;2005;422;Lebanon;LBN;660,00;Lebanon 2005;LBN05;6,00
422,00;Lebanon;2006;422;Lebanon;LBN;660,00;Lebanon 2006;LBN06;6,00
422,00;Lebanon;2007;422;Lebanon;LBN;660,00;Lebanon 2007;LBN07;6,00
422,00;Lebanon;2008;422;Lebanon;LBN;660,00;Lebanon 2008;LBN08;6,00
422,00;Lebanon;2009;422;Lebanon;LBN;660,00;Lebanon 2009;LBN09;6,00
422,00;Lebanon;2010;422;Lebanon;LBN;660,00;Lebanon 2010;LBN10;6,00
422,00;Lebanon;2011;422;Lebanon;LBN;660,00;Lebanon 2011;LBN11;6,00
422,00;Lebanon;2012;422;Lebanon;LBN;660,00;Lebanon 2012;LBN12;6,00
422,00;Lebanon;2013;422;Lebanon;LBN;660,00;Lebanon 2013;LBN13;6,00
422,00;Lebanon;2014;422;Lebanon;LBN;660,00;Lebanon 2014;LBN14;6,00
422,00;Lebanon;2015;422;Lebanon;LBN;660,00;Lebanon 2015;LBN15;6,00
422,00;Lebanon;2016;422;Lebanon;LBN;660,00;Lebanon 2016;LBN16;6,00
422,00;Lebanon;2017;422;Lebanon;LBN;660,00;Lebanon 2017;LBN17;6,00
422,00;Lebanon;2018;422;Lebanon;LBN;660,00;Lebanon 2018;LBN18;6,00
426,00;Lesotho;1967;426;Lesotho;LSO;570,00;Lesotho 1967;LSO67;5,00
426,00;Lesotho;1968;426;Lesotho;LSO;570,00;Lesotho 1968;LSO68;5,00
426,00;Lesotho;1969;426;Lesotho;LSO;570,00;Lesotho 1969;LSO69;5,00
426,00;Lesotho;1970;426;Lesotho;LSO;570,00;Lesotho 1970;LSO70;-5,00
426,00;Lesotho;1971;426;Lesotho;LSO;570,00;Lesotho 1971;LSO71;-5,00
426,00;Lesotho;1972;426;Lesotho;LSO;570,00;Lesotho 1972;LSO72;-5,00
426,00;Lesotho;1973;426;Lesotho;LSO;570,00;Lesotho 1973;LSO73;-7,00
426,00;Lesotho;1974;426;Lesotho;LSO;570,00;Lesotho 1974;LSO74;-7,00
426,00;Lesotho;1975;426;Lesotho;LSO;570,00;Lesotho 1975;LSO75;-7,00
426,00;Lesotho;1976;426;Lesotho;LSO;570,00;Lesotho 1976;LSO76;-7,00
426,00;Lesotho;1977;426;Lesotho;LSO;570,00;Lesotho 1977;LSO77;-7,00
426,00;Lesotho;1978;426;Lesotho;LSO;570,00;Lesotho 1978;LSO78;-7,00
426,00;Lesotho;1979;426;Lesotho;LSO;570,00;Lesotho 1979;LSO79;-7,00
426,00;Lesotho;1980;426;Lesotho;LSO;570,00;Lesotho 1980;LSO80;-7,00
426,00;Lesotho;1981;426;Lesotho;LSO;570,00;Lesotho 1981;LSO81;-7,00
426,00;Lesotho;1982;426;Lesotho;LSO;570,00;Lesotho 1982;LSO82;-7,00
426,00;Lesotho;1983;426;Lesotho;LSO;570,00;Lesotho 1983;LSO83;-7,00
426,00;Lesotho;1984;426;Lesotho;LSO;570,00;Lesotho 1984;LSO84;-7,00
426,00;Lesotho;1985;426;Lesotho;LSO;570,00;Lesotho 1985;LSO85;-7,00
426,00;Lesotho;1986;426;Lesotho;LSO;570,00;Lesotho 1986;LSO86;-10,00
426,00;Lesotho;1987;426;Lesotho;LSO;570,00;Lesotho 1987;LSO87;-10,00
426,00;Lesotho;1988;426;Lesotho;LSO;570,00;Lesotho 1988;LSO88;-10,00
426,00;Lesotho;1989;426;Lesotho;LSO;570,00;Lesotho 1989;LSO89;-10,00
426,00;Lesotho;1990;426;Lesotho;LSO;570,00;Lesotho 1990;LSO90;-7,00
426,00;Lesotho;1991;426;Lesotho;LSO;570,00;Lesotho 1991;LSO91;-4,00
426,00;Lesotho;1992;426;Lesotho;LSO;570,00;Lesotho 1992;LSO92;-4,00
426,00;Lesotho;1993;426;Lesotho;LSO;570,00;Lesotho 1993;LSO93;5,00
426,00;Lesotho;1994;426;Lesotho;LSO;570,00;Lesotho 1994;LSO94;5,00
426,00;Lesotho;1995;426;Lesotho;LSO;570,00;Lesotho 1995;LSO95;5,00
426,00;Lesotho;1996;426;Lesotho;LSO;570,00;Lesotho 1996;LSO96;5,00
426,00;Lesotho;1997;426;Lesotho;LSO;570,00;Lesotho 1997;LSO97;5,00
426,00;Lesotho;1998;426;Lesotho;LSO;570,00;Lesotho 1998;LSO98;6,00
426,00;Lesotho;1999;426;Lesotho;LSO;570,00;Lesotho 1999;LSO99;6,00
426,00;Lesotho;2000;426;Lesotho;LSO;570,00;Lesotho 2000;LSO00;6,00
426,00;Lesotho;2001;426;Lesotho;LSO;570,00;Lesotho 2001;LSO01;6,00
426,00;Lesotho;2002;426;Lesotho;LSO;570,00;Lesotho 2002;LSO02;8,00
426,00;Lesotho;2003;426;Lesotho;LSO;570,00;Lesotho 2003;LSO03;8,00
426,00;Lesotho;2004;426;Lesotho;LSO;570,00;Lesotho 2004;LSO04;8,00
426,00;Lesotho;2005;426;Lesotho;LSO;570,00;Lesotho 2005;LSO05;8,00
426,00;Lesotho;2006;426;Lesotho;LSO;570,00;Lesotho 2006;LSO06;8,00
426,00;Lesotho;2007;426;Lesotho;LSO;570,00;Lesotho 2007;LSO07;8,00
426,00;Lesotho;2008;426;Lesotho;LSO;570,00;Lesotho 2008;LSO08;8,00
426,00;Lesotho;2009;426;Lesotho;LSO;570,00;Lesotho 2009;LSO09;8,00
426,00;Lesotho;2010;426;Lesotho;LSO;570,00;Lesotho 2010;LSO10;8,00
426,00;Lesotho;2011;426;Lesotho;LSO;570,00;Lesotho 2011;LSO11;8,00
426,00;Lesotho;2012;426;Lesotho;LSO;570,00;Lesotho 2012;LSO12;8,00
426,00;Lesotho;2013;426;Lesotho;LSO;570,00;Lesotho 2013;LSO13;8,00
426,00;Lesotho;2014;426;Lesotho;LSO;570,00;Lesotho 2014;LSO14;8,00
426,00;Lesotho;2015;426;Lesotho;LSO;570,00;Lesotho 2015;LSO15;8,00
426,00;Lesotho;2016;426;Lesotho;LSO;570,00;Lesotho 2016;LSO16;8,00
426,00;Lesotho;2017;426;Lesotho;LSO;570,00;Lesotho 2017;LSO17;8,00
426,00;Lesotho;2018;426;Lesotho;LSO;570,00;Lesotho 2018;LSO18;8,00
428,00;Latvia;1992;428;Latvia;LVA;367,00;Latvia 1992;LVA92;8,00
428,00;Latvia;1993;428;Latvia;LVA;367,00;Latvia 1993;LVA93;8,00
428,00;Latvia;1994;428;Latvia;LVA;367,00;Latvia 1994;LVA94;8,00
428,00;Latvia;1995;428;Latvia;LVA;367,00;Latvia 1995;LVA95;8,00
428,00;Latvia;1996;428;Latvia;LVA;367,00;Latvia 1996;LVA96;8,00
428,00;Latvia;1997;428;Latvia;LVA;367,00;Latvia 1997;LVA97;8,00
428,00;Latvia;1998;428;Latvia;LVA;367,00;Latvia 1998;LVA98;8,00
428,00;Latvia;1999;428;Latvia;LVA;367,00;Latvia 1999;LVA99;8,00
428,00;Latvia;2000;428;Latvia;LVA;367,00;Latvia 2000;LVA00;8,00
428,00;Latvia;2001;428;Latvia;LVA;367,00;Latvia 2001;LVA01;8,00
428,00;Latvia;2002;428;Latvia;LVA;367,00;Latvia 2002;LVA02;8,00
428,00;Latvia;2003;428;Latvia;LVA;367,00;Latvia 2003;LVA03;8,00
428,00;Latvia;2004;428;Latvia;LVA;367,00;Latvia 2004;LVA04;8,00
428,00;Latvia;2005;428;Latvia;LVA;367,00;Latvia 2005;LVA05;8,00
428,00;Latvia;2006;428;Latvia;LVA;367,00;Latvia 2006;LVA06;8,00
428,00;Latvia;2007;428;Latvia;LVA;367,00;Latvia 2007;LVA07;8,00
428,00;Latvia;2008;428;Latvia;LVA;367,00;Latvia 2008;LVA08;8,00
428,00;Latvia;2009;428;Latvia;LVA;367,00;Latvia 2009;LVA09;8,00
428,00;Latvia;2010;428;Latvia;LVA;367,00;Latvia 2010;LVA10;8,00
428,00;Latvia;2011;428;Latvia;LVA;367,00;Latvia 2011;LVA11;8,00
428,00;Latvia;2012;428;Latvia;LVA;367,00;Latvia 2012;LVA12;8,00
428,00;Latvia;2013;428;Latvia;LVA;367,00;Latvia 2013;LVA13;8,00
428,00;Latvia;2014;428;Latvia;LVA;367,00;Latvia 2014;LVA14;8,00
428,00;Latvia;2015;428;Latvia;LVA;367,00;Latvia 2015;LVA15;8,00
428,00;Latvia;2016;428;Latvia;LVA;367,00;Latvia 2016;LVA16;8,00
428,00;Latvia;2017;428;Latvia;LVA;367,00;Latvia 2017;LVA17;8,00
428,00;Latvia;2018;428;Latvia;LVA;367,00;Latvia 2018;LVA18;8,00
430,00;Liberia;1946;430;Liberia;LBR;450,00;Liberia 1946;LBR46;-6,00
430,00;Liberia;1947;430;Liberia;LBR;450,00;Liberia 1947;LBR47;-6,00
430,00;Liberia;1948;430;Liberia;LBR;450,00;Liberia 1948;LBR48;-6,00
430,00;Liberia;1949;430;Liberia;LBR;450,00;Liberia 1949;LBR49;-6,00
430,00;Liberia;1950;430;Liberia;LBR;450,00;Liberia 1950;LBR50;-6,00
430,00;Liberia;1951;430;Liberia;LBR;450,00;Liberia 1951;LBR51;-6,00
430,00;Liberia;1952;430;Liberia;LBR;450,00;Liberia 1952;LBR52;-6,00
430,00;Liberia;1953;430;Liberia;LBR;450,00;Liberia 1953;LBR53;-6,00
430,00;Liberia;1954;430;Liberia;LBR;450,00;Liberia 1954;LBR54;-6,00
430,00;Liberia;1955;430;Liberia;LBR;450,00;Liberia 1955;LBR55;-6,00
430,00;Liberia;1956;430;Liberia;LBR;450,00;Liberia 1956;LBR56;-6,00
430,00;Liberia;1957;430;Liberia;LBR;450,00;Liberia 1957;LBR57;-6,00
430,00;Liberia;1958;430;Liberia;LBR;450,00;Liberia 1958;LBR58;-6,00
430,00;Liberia;1959;430;Liberia;LBR;450,00;Liberia 1959;LBR59;-6,00
430,00;Liberia;1960;430;Liberia;LBR;450,00;Liberia 1960;LBR60;-6,00
430,00;Liberia;1961;430;Liberia;LBR;450,00;Liberia 1961;LBR61;-6,00
430,00;Liberia;1962;430;Liberia;LBR;450,00;Liberia 1962;LBR62;-6,00
430,00;Liberia;1963;430;Liberia;LBR;450,00;Liberia 1963;LBR63;-6,00
430,00;Liberia;1964;430;Liberia;LBR;450,00;Liberia 1964;LBR64;-6,00
430,00;Liberia;1965;430;Liberia;LBR;450,00;Liberia 1965;LBR65;-6,00
430,00;Liberia;1966;430;Liberia;LBR;450,00;Liberia 1966;LBR66;-6,00
430,00;Liberia;1967;430;Liberia;LBR;450,00;Liberia 1967;LBR67;-6,00
430,00;Liberia;1968;430;Liberia;LBR;450,00;Liberia 1968;LBR68;-6,00
430,00;Liberia;1969;430;Liberia;LBR;450,00;Liberia 1969;LBR69;-6,00
430,00;Liberia;1970;430;Liberia;LBR;450,00;Liberia 1970;LBR70;-6,00
430,00;Liberia;1971;430;Liberia;LBR;450,00;Liberia 1971;LBR71;-6,00
430,00;Liberia;1972;430;Liberia;LBR;450,00;Liberia 1972;LBR72;-6,00
430,00;Liberia;1973;430;Liberia;LBR;450,00;Liberia 1973;LBR73;-6,00
430,00;Liberia;1974;430;Liberia;LBR;450,00;Liberia 1974;LBR74;-6,00
430,00;Liberia;1975;430;Liberia;LBR;450,00;Liberia 1975;LBR75;-6,00
430,00;Liberia;1976;430;Liberia;LBR;450,00;Liberia 1976;LBR76;-6,00
430,00;Liberia;1977;430;Liberia;LBR;450,00;Liberia 1977;LBR77;-6,00
430,00;Liberia;1978;430;Liberia;LBR;450,00;Liberia 1978;LBR78;-6,00
430,00;Liberia;1979;430;Liberia;LBR;450,00;Liberia 1979;LBR79;-6,00
430,00;Liberia;1980;430;Liberia;LBR;450,00;Liberia 1980;LBR80;-7,00
430,00;Liberia;1981;430;Liberia;LBR;450,00;Liberia 1981;LBR81;-7,00
430,00;Liberia;1982;430;Liberia;LBR;450,00;Liberia 1982;LBR82;-7,00
430,00;Liberia;1983;430;Liberia;LBR;450,00;Liberia 1983;LBR83;-7,00
430,00;Liberia;1984;430;Liberia;LBR;450,00;Liberia 1984;LBR84;-6,00
430,00;Liberia;1985;430;Liberia;LBR;450,00;Liberia 1985;LBR85;-6,00
430,00;Liberia;1986;430;Liberia;LBR;450,00;Liberia 1986;LBR86;-6,00
430,00;Liberia;1987;430;Liberia;LBR;450,00;Liberia 1987;LBR87;-6,00
430,00;Liberia;1988;430;Liberia;LBR;450,00;Liberia 1988;LBR88;-6,00
430,00;Liberia;1989;430;Liberia;LBR;450,00;Liberia 1989;LBR89;-6,00
430,00;Liberia;1990;430;Liberia;LBR;450,00;Liberia 1990;LBR90;0,00
430,00;Liberia;1991;430;Liberia;LBR;450,00;Liberia 1991;LBR91;0,00
430,00;Liberia;1992;430;Liberia;LBR;450,00;Liberia 1992;LBR92;0,00
430,00;Liberia;1993;430;Liberia;LBR;450,00;Liberia 1993;LBR93;0,00
430,00;Liberia;1994;430;Liberia;LBR;450,00;Liberia 1994;LBR94;0,00
430,00;Liberia;1995;430;Liberia;LBR;450,00;Liberia 1995;LBR95;0,00
430,00;Liberia;1996;430;Liberia;LBR;450,00;Liberia 1996;LBR96;0,00
430,00;Liberia;1997;430;Liberia;LBR;450,00;Liberia 1997;LBR97;0,00
430,00;Liberia;1998;430;Liberia;LBR;450,00;Liberia 1998;LBR98;0,00
430,00;Liberia;1999;430;Liberia;LBR;450,00;Liberia 1999;LBR99;0,00
430,00;Liberia;2000;430;Liberia;LBR;450,00;Liberia 2000;LBR00;0,00
430,00;Liberia;2001;430;Liberia;LBR;450,00;Liberia 2001;LBR01;0,00
430,00;Liberia;2002;430;Liberia;LBR;450,00;Liberia 2002;LBR02;0,00
430,00;Liberia;2003;430;Liberia;LBR;450,00;Liberia 2003;LBR03;1,00
430,00;Liberia;2004;430;Liberia;LBR;450,00;Liberia 2004;LBR04;3,00
430,00;Liberia;2005;430;Liberia;LBR;450,00;Liberia 2005;LBR05;5,00
430,00;Liberia;2006;430;Liberia;LBR;450,00;Liberia 2006;LBR06;6,00
430,00;Liberia;2007;430;Liberia;LBR;450,00;Liberia 2007;LBR07;6,00
430,00;Liberia;2008;430;Liberia;LBR;450,00;Liberia 2008;LBR08;6,00
430,00;Liberia;2009;430;Liberia;LBR;450,00;Liberia 2009;LBR09;6,00
430,00;Liberia;2010;430;Liberia;LBR;450,00;Liberia 2010;LBR10;6,00
430,00;Liberia;2011;430;Liberia;LBR;450,00;Liberia 2011;LBR11;6,00
430,00;Liberia;2012;430;Liberia;LBR;450,00;Liberia 2012;LBR12;6,00
430,00;Liberia;2013;430;Liberia;LBR;450,00;Liberia 2013;LBR13;6,00
430,00;Liberia;2014;430;Liberia;LBR;450,00;Liberia 2014;LBR14;6,00
430,00;Liberia;2015;430;Liberia;LBR;450,00;Liberia 2015;LBR15;6,00
430,00;Liberia;2016;430;Liberia;LBR;450,00;Liberia 2016;LBR16;6,00
430,00;Liberia;2017;430;Liberia;LBR;450,00;Liberia 2017;LBR17;6,00
430,00;Liberia;2018;430;Liberia;LBR;450,00;Liberia 2018;LBR18;7,00
434,00;Libya;1952;434;Libya;LBY;620,00;Libya 1952;LBY52;-7,00
434,00;Libya;1953;434;Libya;LBY;620,00;Libya 1953;LBY53;-7,00
434,00;Libya;1954;434;Libya;LBY;620,00;Libya 1954;LBY54;-7,00
434,00;Libya;1955;434;Libya;LBY;620,00;Libya 1955;LBY55;-7,00
434,00;Libya;1956;434;Libya;LBY;620,00;Libya 1956;LBY56;-7,00
434,00;Libya;1957;434;Libya;LBY;620,00;Libya 1957;LBY57;-7,00
434,00;Libya;1958;434;Libya;LBY;620,00;Libya 1958;LBY58;-7,00
434,00;Libya;1959;434;Libya;LBY;620,00;Libya 1959;LBY59;-7,00
434,00;Libya;1960;434;Libya;LBY;620,00;Libya 1960;LBY60;-7,00
434,00;Libya;1961;434;Libya;LBY;620,00;Libya 1961;LBY61;-7,00
434,00;Libya;1962;434;Libya;LBY;620,00;Libya 1962;LBY62;-7,00
434,00;Libya;1963;434;Libya;LBY;620,00;Libya 1963;LBY63;-7,00
434,00;Libya;1964;434;Libya;LBY;620,00;Libya 1964;LBY64;-7,00
434,00;Libya;1965;434;Libya;LBY;620,00;Libya 1965;LBY65;-7,00
434,00;Libya;1966;434;Libya;LBY;620,00;Libya 1966;LBY66;-7,00
434,00;Libya;1967;434;Libya;LBY;620,00;Libya 1967;LBY67;-7,00
434,00;Libya;1968;434;Libya;LBY;620,00;Libya 1968;LBY68;-7,00
434,00;Libya;1969;434;Libya;LBY;620,00;Libya 1969;LBY69;-7,00
434,00;Libya;1970;434;Libya;LBY;620,00;Libya 1970;LBY70;-7,00
434,00;Libya;1971;434;Libya;LBY;620,00;Libya 1971;LBY71;-7,00
434,00;Libya;1972;434;Libya;LBY;620,00;Libya 1972;LBY72;-7,00
434,00;Libya;1973;434;Libya;LBY;620,00;Libya 1973;LBY73;-7,00
434,00;Libya;1974;434;Libya;LBY;620,00;Libya 1974;LBY74;-7,00
434,00;Libya;1975;434;Libya;LBY;620,00;Libya 1975;LBY75;-7,00
434,00;Libya;1976;434;Libya;LBY;620,00;Libya 1976;LBY76;-7,00
434,00;Libya;1977;434;Libya;LBY;620,00;Libya 1977;LBY77;-7,00
434,00;Libya;1978;434;Libya;LBY;620,00;Libya 1978;LBY78;-7,00
434,00;Libya;1979;434;Libya;LBY;620,00;Libya 1979;LBY79;-7,00
434,00;Libya;1980;434;Libya;LBY;620,00;Libya 1980;LBY80;-7,00
434,00;Libya;1981;434;Libya;LBY;620,00;Libya 1981;LBY81;-7,00
434,00;Libya;1982;434;Libya;LBY;620,00;Libya 1982;LBY82;-7,00
434,00;Libya;1983;434;Libya;LBY;620,00;Libya 1983;LBY83;-7,00
434,00;Libya;1984;434;Libya;LBY;620,00;Libya 1984;LBY84;-7,00
434,00;Libya;1985;434;Libya;LBY;620,00;Libya 1985;LBY85;-7,00
434,00;Libya;1986;434;Libya;LBY;620,00;Libya 1986;LBY86;-7,00
434,00;Libya;1987;434;Libya;LBY;620,00;Libya 1987;LBY87;-7,00
434,00;Libya;1988;434;Libya;LBY;620,00;Libya 1988;LBY88;-7,00
434,00;Libya;1989;434;Libya;LBY;620,00;Libya 1989;LBY89;-7,00
434,00;Libya;1990;434;Libya;LBY;620,00;Libya 1990;LBY90;-7,00
434,00;Libya;1991;434;Libya;LBY;620,00;Libya 1991;LBY91;-7,00
434,00;Libya;1992;434;Libya;LBY;620,00;Libya 1992;LBY92;-7,00
434,00;Libya;1993;434;Libya;LBY;620,00;Libya 1993;LBY93;-7,00
434,00;Libya;1994;434;Libya;LBY;620,00;Libya 1994;LBY94;-7,00
434,00;Libya;1995;434;Libya;LBY;620,00;Libya 1995;LBY95;-7,00
434,00;Libya;1996;434;Libya;LBY;620,00;Libya 1996;LBY96;-7,00
434,00;Libya;1997;434;Libya;LBY;620,00;Libya 1997;LBY97;-7,00
434,00;Libya;1998;434;Libya;LBY;620,00;Libya 1998;LBY98;-7,00
434,00;Libya;1999;434;Libya;LBY;620,00;Libya 1999;LBY99;-7,00
434,00;Libya;2000;434;Libya;LBY;620,00;Libya 2000;LBY00;-7,00
434,00;Libya;2001;434;Libya;LBY;620,00;Libya 2001;LBY01;-7,00
434,00;Libya;2002;434;Libya;LBY;620,00;Libya 2002;LBY02;-7,00
434,00;Libya;2003;434;Libya;LBY;620,00;Libya 2003;LBY03;-7,00
434,00;Libya;2004;434;Libya;LBY;620,00;Libya 2004;LBY04;-7,00
434,00;Libya;2005;434;Libya;LBY;620,00;Libya 2005;LBY05;-7,00
434,00;Libya;2006;434;Libya;LBY;620,00;Libya 2006;LBY06;-7,00
434,00;Libya;2007;434;Libya;LBY;620,00;Libya 2007;LBY07;-7,00
434,00;Libya;2008;434;Libya;LBY;620,00;Libya 2008;LBY08;-7,00
434,00;Libya;2009;434;Libya;LBY;620,00;Libya 2009;LBY09;-7,00
434,00;Libya;2010;434;Libya;LBY;620,00;Libya 2010;LBY10;-7,00
434,00;Libya;2011;434;Libya;LBY;620,00;Libya 2011;LBY11;0,00
434,00;Libya;2012;434;Libya;LBY;620,00;Libya 2012;LBY12;0,00
434,00;Libya;2013;434;Libya;LBY;620,00;Libya 2013;LBY13;0,00
434,00;Libya;2014;434;Libya;LBY;620,00;Libya 2014;LBY14;0,00
434,00;Libya;2015;434;Libya;LBY;620,00;Libya 2015;LBY15;0,00
434,00;Libya;2016;434;Libya;LBY;620,00;Libya 2016;LBY16;0,00
434,00;Libya;2017;434;Libya;LBY;620,00;Libya 2017;LBY17;0,00
434,00;Libya;2018;434;Libya;LBY;620,00;Libya 2018;LBY18;0,00
440,00;Lithuania;1992;440;Lithuania;LTU;368,00;Lithuania 1992;LTU92;10,00
440,00;Lithuania;1993;440;Lithuania;LTU;368,00;Lithuania 1993;LTU93;10,00
440,00;Lithuania;1994;440;Lithuania;LTU;368,00;Lithuania 1994;LTU94;10,00
440,00;Lithuania;1995;440;Lithuania;LTU;368,00;Lithuania 1995;LTU95;10,00
440,00;Lithuania;1996;440;Lithuania;LTU;368,00;Lithuania 1996;LTU96;10,00
440,00;Lithuania;1997;440;Lithuania;LTU;368,00;Lithuania 1997;LTU97;10,00
440,00;Lithuania;1998;440;Lithuania;LTU;368,00;Lithuania 1998;LTU98;10,00
440,00;Lithuania;1999;440;Lithuania;LTU;368,00;Lithuania 1999;LTU99;10,00
440,00;Lithuania;2000;440;Lithuania;LTU;368,00;Lithuania 2000;LTU00;10,00
440,00;Lithuania;2001;440;Lithuania;LTU;368,00;Lithuania 2001;LTU01;10,00
440,00;Lithuania;2002;440;Lithuania;LTU;368,00;Lithuania 2002;LTU02;10,00
440,00;Lithuania;2003;440;Lithuania;LTU;368,00;Lithuania 2003;LTU03;10,00
440,00;Lithuania;2004;440;Lithuania;LTU;368,00;Lithuania 2004;LTU04;10,00
440,00;Lithuania;2005;440;Lithuania;LTU;368,00;Lithuania 2005;LTU05;10,00
440,00;Lithuania;2006;440;Lithuania;LTU;368,00;Lithuania 2006;LTU06;10,00
440,00;Lithuania;2007;440;Lithuania;LTU;368,00;Lithuania 2007;LTU07;10,00
440,00;Lithuania;2008;440;Lithuania;LTU;368,00;Lithuania 2008;LTU08;10,00
440,00;Lithuania;2009;440;Lithuania;LTU;368,00;Lithuania 2009;LTU09;10,00
440,00;Lithuania;2010;440;Lithuania;LTU;368,00;Lithuania 2010;LTU10;10,00
440,00;Lithuania;2011;440;Lithuania;LTU;368,00;Lithuania 2011;LTU11;10,00
440,00;Lithuania;2012;440;Lithuania;LTU;368,00;Lithuania 2012;LTU12;10,00
440,00;Lithuania;2013;440;Lithuania;LTU;368,00;Lithuania 2013;LTU13;10,00
440,00;Lithuania;2014;440;Lithuania;LTU;368,00;Lithuania 2014;LTU14;10,00
440,00;Lithuania;2015;440;Lithuania;LTU;368,00;Lithuania 2015;LTU15;10,00
440,00;Lithuania;2016;440;Lithuania;LTU;368,00;Lithuania 2016;LTU16;10,00
440,00;Lithuania;2017;440;Lithuania;LTU;368,00;Lithuania 2017;LTU17;10,00
440,00;Lithuania;2018;440;Lithuania;LTU;368,00;Lithuania 2018;LTU18;10,00
442,00;Luxembourg;1946;442;Luxembourg;LUX;212,00;Luxembourg 1946;LUX46;10,00
442,00;Luxembourg;1947;442;Luxembourg;LUX;212,00;Luxembourg 1947;LUX47;10,00
442,00;Luxembourg;1948;442;Luxembourg;LUX;212,00;Luxembourg 1948;LUX48;10,00
442,00;Luxembourg;1949;442;Luxembourg;LUX;212,00;Luxembourg 1949;LUX49;10,00
442,00;Luxembourg;1950;442;Luxembourg;LUX;212,00;Luxembourg 1950;LUX50;10,00
442,00;Luxembourg;1951;442;Luxembourg;LUX;212,00;Luxembourg 1951;LUX51;10,00
442,00;Luxembourg;1952;442;Luxembourg;LUX;212,00;Luxembourg 1952;LUX52;10,00
442,00;Luxembourg;1953;442;Luxembourg;LUX;212,00;Luxembourg 1953;LUX53;10,00
442,00;Luxembourg;1954;442;Luxembourg;LUX;212,00;Luxembourg 1954;LUX54;10,00
442,00;Luxembourg;1955;442;Luxembourg;LUX;212,00;Luxembourg 1955;LUX55;10,00
442,00;Luxembourg;1956;442;Luxembourg;LUX;212,00;Luxembourg 1956;LUX56;10,00
442,00;Luxembourg;1957;442;Luxembourg;LUX;212,00;Luxembourg 1957;LUX57;10,00
442,00;Luxembourg;1958;442;Luxembourg;LUX;212,00;Luxembourg 1958;LUX58;10,00
442,00;Luxembourg;1959;442;Luxembourg;LUX;212,00;Luxembourg 1959;LUX59;10,00
442,00;Luxembourg;1960;442;Luxembourg;LUX;212,00;Luxembourg 1960;LUX60;10,00
442,00;Luxembourg;1961;442;Luxembourg;LUX;212,00;Luxembourg 1961;LUX61;10,00
442,00;Luxembourg;1962;442;Luxembourg;LUX;212,00;Luxembourg 1962;LUX62;10,00
442,00;Luxembourg;1963;442;Luxembourg;LUX;212,00;Luxembourg 1963;LUX63;10,00
442,00;Luxembourg;1964;442;Luxembourg;LUX;212,00;Luxembourg 1964;LUX64;10,00
442,00;Luxembourg;1965;442;Luxembourg;LUX;212,00;Luxembourg 1965;LUX65;10,00
442,00;Luxembourg;1966;442;Luxembourg;LUX;212,00;Luxembourg 1966;LUX66;10,00
442,00;Luxembourg;1967;442;Luxembourg;LUX;212,00;Luxembourg 1967;LUX67;10,00
442,00;Luxembourg;1968;442;Luxembourg;LUX;212,00;Luxembourg 1968;LUX68;10,00
442,00;Luxembourg;1969;442;Luxembourg;LUX;212,00;Luxembourg 1969;LUX69;10,00
442,00;Luxembourg;1970;442;Luxembourg;LUX;212,00;Luxembourg 1970;LUX70;10,00
442,00;Luxembourg;1971;442;Luxembourg;LUX;212,00;Luxembourg 1971;LUX71;10,00
442,00;Luxembourg;1972;442;Luxembourg;LUX;212,00;Luxembourg 1972;LUX72;10,00
442,00;Luxembourg;1973;442;Luxembourg;LUX;212,00;Luxembourg 1973;LUX73;10,00
442,00;Luxembourg;1974;442;Luxembourg;LUX;212,00;Luxembourg 1974;LUX74;10,00
442,00;Luxembourg;1975;442;Luxembourg;LUX;212,00;Luxembourg 1975;LUX75;10,00
442,00;Luxembourg;1976;442;Luxembourg;LUX;212,00;Luxembourg 1976;LUX76;10,00
442,00;Luxembourg;1977;442;Luxembourg;LUX;212,00;Luxembourg 1977;LUX77;10,00
442,00;Luxembourg;1978;442;Luxembourg;LUX;212,00;Luxembourg 1978;LUX78;10,00
442,00;Luxembourg;1979;442;Luxembourg;LUX;212,00;Luxembourg 1979;LUX79;10,00
442,00;Luxembourg;1980;442;Luxembourg;LUX;212,00;Luxembourg 1980;LUX80;10,00
442,00;Luxembourg;1981;442;Luxembourg;LUX;212,00;Luxembourg 1981;LUX81;10,00
442,00;Luxembourg;1982;442;Luxembourg;LUX;212,00;Luxembourg 1982;LUX82;10,00
442,00;Luxembourg;1983;442;Luxembourg;LUX;212,00;Luxembourg 1983;LUX83;10,00
442,00;Luxembourg;1984;442;Luxembourg;LUX;212,00;Luxembourg 1984;LUX84;10,00
442,00;Luxembourg;1985;442;Luxembourg;LUX;212,00;Luxembourg 1985;LUX85;10,00
442,00;Luxembourg;1986;442;Luxembourg;LUX;212,00;Luxembourg 1986;LUX86;10,00
442,00;Luxembourg;1987;442;Luxembourg;LUX;212,00;Luxembourg 1987;LUX87;10,00
442,00;Luxembourg;1988;442;Luxembourg;LUX;212,00;Luxembourg 1988;LUX88;10,00
442,00;Luxembourg;1989;442;Luxembourg;LUX;212,00;Luxembourg 1989;LUX89;10,00
442,00;Luxembourg;1990;442;Luxembourg;LUX;212,00;Luxembourg 1990;LUX90;10,00
442,00;Luxembourg;1991;442;Luxembourg;LUX;212,00;Luxembourg 1991;LUX91;10,00
442,00;Luxembourg;1992;442;Luxembourg;LUX;212,00;Luxembourg 1992;LUX92;10,00
442,00;Luxembourg;1993;442;Luxembourg;LUX;212,00;Luxembourg 1993;LUX93;10,00
442,00;Luxembourg;1994;442;Luxembourg;LUX;212,00;Luxembourg 1994;LUX94;10,00
442,00;Luxembourg;1995;442;Luxembourg;LUX;212,00;Luxembourg 1995;LUX95;10,00
442,00;Luxembourg;1996;442;Luxembourg;LUX;212,00;Luxembourg 1996;LUX96;10,00
442,00;Luxembourg;1997;442;Luxembourg;LUX;212,00;Luxembourg 1997;LUX97;10,00
442,00;Luxembourg;1998;442;Luxembourg;LUX;212,00;Luxembourg 1998;LUX98;10,00
442,00;Luxembourg;1999;442;Luxembourg;LUX;212,00;Luxembourg 1999;LUX99;10,00
442,00;Luxembourg;2000;442;Luxembourg;LUX;212,00;Luxembourg 2000;LUX00;10,00
442,00;Luxembourg;2001;442;Luxembourg;LUX;212,00;Luxembourg 2001;LUX01;10,00
442,00;Luxembourg;2002;442;Luxembourg;LUX;212,00;Luxembourg 2002;LUX02;10,00
442,00;Luxembourg;2003;442;Luxembourg;LUX;212,00;Luxembourg 2003;LUX03;10,00
442,00;Luxembourg;2004;442;Luxembourg;LUX;212,00;Luxembourg 2004;LUX04;10,00
442,00;Luxembourg;2005;442;Luxembourg;LUX;212,00;Luxembourg 2005;LUX05;10,00
442,00;Luxembourg;2006;442;Luxembourg;LUX;212,00;Luxembourg 2006;LUX06;10,00
442,00;Luxembourg;2007;442;Luxembourg;LUX;212,00;Luxembourg 2007;LUX07;10,00
442,00;Luxembourg;2008;442;Luxembourg;LUX;212,00;Luxembourg 2008;LUX08;10,00
442,00;Luxembourg;2009;442;Luxembourg;LUX;212,00;Luxembourg 2009;LUX09;10,00
442,00;Luxembourg;2010;442;Luxembourg;LUX;212,00;Luxembourg 2010;LUX10;10,00
442,00;Luxembourg;2011;442;Luxembourg;LUX;212,00;Luxembourg 2011;LUX11;10,00
442,00;Luxembourg;2012;442;Luxembourg;LUX;212,00;Luxembourg 2012;LUX12;10,00
442,00;Luxembourg;2013;442;Luxembourg;LUX;212,00;Luxembourg 2013;LUX13;10,00
442,00;Luxembourg;2014;442;Luxembourg;LUX;212,00;Luxembourg 2014;LUX14;10,00
442,00;Luxembourg;2015;442;Luxembourg;LUX;212,00;Luxembourg 2015;LUX15;10,00
442,00;Luxembourg;2016;442;Luxembourg;LUX;212,00;Luxembourg 2016;LUX16;10,00
442,00;Luxembourg;2017;442;Luxembourg;LUX;212,00;Luxembourg 2017;LUX17;10,00
442,00;Luxembourg;2018;442;Luxembourg;LUX;212,00;Luxembourg 2018;LUX18;10,00
450,00;Madagascar;1960;450;Madagascar;MDG;580,00;Madagascar 1960;MDG60;1,00
450,00;Madagascar;1961;450;Madagascar;MDG;580,00;Madagascar 1961;MDG61;1,00
450,00;Madagascar;1962;450;Madagascar;MDG;580,00;Madagascar 1962;MDG62;1,00
450,00;Madagascar;1963;450;Madagascar;MDG;580,00;Madagascar 1963;MDG63;1,00
450,00;Madagascar;1964;450;Madagascar;MDG;580,00;Madagascar 1964;MDG64;1,00
450,00;Madagascar;1965;450;Madagascar;MDG;580,00;Madagascar 1965;MDG65;1,00
450,00;Madagascar;1966;450;Madagascar;MDG;580,00;Madagascar 1966;MDG66;1,00
450,00;Madagascar;1967;450;Madagascar;MDG;580,00;Madagascar 1967;MDG67;1,00
450,00;Madagascar;1968;450;Madagascar;MDG;580,00;Madagascar 1968;MDG68;1,00
450,00;Madagascar;1969;450;Madagascar;MDG;580,00;Madagascar 1969;MDG69;1,00
450,00;Madagascar;1970;450;Madagascar;MDG;580,00;Madagascar 1970;MDG70;1,00
450,00;Madagascar;1971;450;Madagascar;MDG;580,00;Madagascar 1971;MDG71;1,00
450,00;Madagascar;1972;450;Madagascar;MDG;580,00;Madagascar 1972;MDG72;-3,00
450,00;Madagascar;1973;450;Madagascar;MDG;580,00;Madagascar 1973;MDG73;-3,00
450,00;Madagascar;1974;450;Madagascar;MDG;580,00;Madagascar 1974;MDG74;-3,00
450,00;Madagascar;1975;450;Madagascar;MDG;580,00;Madagascar 1975;MDG75;-6,00
450,00;Madagascar;1976;450;Madagascar;MDG;580,00;Madagascar 1976;MDG76;-6,00
450,00;Madagascar;1977;450;Madagascar;MDG;580,00;Madagascar 1977;MDG77;-6,00
450,00;Madagascar;1978;450;Madagascar;MDG;580,00;Madagascar 1978;MDG78;-6,00
450,00;Madagascar;1979;450;Madagascar;MDG;580,00;Madagascar 1979;MDG79;-6,00
450,00;Madagascar;1980;450;Madagascar;MDG;580,00;Madagascar 1980;MDG80;-6,00
450,00;Madagascar;1981;450;Madagascar;MDG;580,00;Madagascar 1981;MDG81;-6,00
450,00;Madagascar;1982;450;Madagascar;MDG;580,00;Madagascar 1982;MDG82;-6,00
450,00;Madagascar;1983;450;Madagascar;MDG;580,00;Madagascar 1983;MDG83;-6,00
450,00;Madagascar;1984;450;Madagascar;MDG;580,00;Madagascar 1984;MDG84;-6,00
450,00;Madagascar;1985;450;Madagascar;MDG;580,00;Madagascar 1985;MDG85;-6,00
450,00;Madagascar;1986;450;Madagascar;MDG;580,00;Madagascar 1986;MDG86;-6,00
450,00;Madagascar;1987;450;Madagascar;MDG;580,00;Madagascar 1987;MDG87;-6,00
450,00;Madagascar;1988;450;Madagascar;MDG;580,00;Madagascar 1988;MDG88;-6,00
450,00;Madagascar;1989;450;Madagascar;MDG;580,00;Madagascar 1989;MDG89;-6,00
450,00;Madagascar;1990;450;Madagascar;MDG;580,00;Madagascar 1990;MDG90;-6,00
450,00;Madagascar;1991;450;Madagascar;MDG;580,00;Madagascar 1991;MDG91;1,00
450,00;Madagascar;1992;450;Madagascar;MDG;580,00;Madagascar 1992;MDG92;9,00
450,00;Madagascar;1993;450;Madagascar;MDG;580,00;Madagascar 1993;MDG93;9,00
450,00;Madagascar;1994;450;Madagascar;MDG;580,00;Madagascar 1994;MDG94;9,00
450,00;Madagascar;1995;450;Madagascar;MDG;580,00;Madagascar 1995;MDG95;9,00
450,00;Madagascar;1996;450;Madagascar;MDG;580,00;Madagascar 1996;MDG96;9,00
450,00;Madagascar;1997;450;Madagascar;MDG;580,00;Madagascar 1997;MDG97;9,00
450,00;Madagascar;1998;450;Madagascar;MDG;580,00;Madagascar 1998;MDG98;7,00
450,00;Madagascar;1999;450;Madagascar;MDG;580,00;Madagascar 1999;MDG99;7,00
450,00;Madagascar;2000;450;Madagascar;MDG;580,00;Madagascar 2000;MDG00;7,00
450,00;Madagascar;2001;450;Madagascar;MDG;580,00;Madagascar 2001;MDG01;7,00
450,00;Madagascar;2002;450;Madagascar;MDG;580,00;Madagascar 2002;MDG02;7,00
450,00;Madagascar;2003;450;Madagascar;MDG;580,00;Madagascar 2003;MDG03;7,00
450,00;Madagascar;2004;450;Madagascar;MDG;580,00;Madagascar 2004;MDG04;7,00
450,00;Madagascar;2005;450;Madagascar;MDG;580,00;Madagascar 2005;MDG05;7,00
450,00;Madagascar;2006;450;Madagascar;MDG;580,00;Madagascar 2006;MDG06;7,00
450,00;Madagascar;2007;450;Madagascar;MDG;580,00;Madagascar 2007;MDG07;7,00
450,00;Madagascar;2008;450;Madagascar;MDG;580,00;Madagascar 2008;MDG08;7,00
450,00;Madagascar;2009;450;Madagascar;MDG;580,00;Madagascar 2009;MDG09;0,00
450,00;Madagascar;2010;450;Madagascar;MDG;580,00;Madagascar 2010;MDG10;0,00
450,00;Madagascar;2011;450;Madagascar;MDG;580,00;Madagascar 2011;MDG11;3,00
450,00;Madagascar;2012;450;Madagascar;MDG;580,00;Madagascar 2012;MDG12;3,00
450,00;Madagascar;2013;450;Madagascar;MDG;580,00;Madagascar 2013;MDG13;3,00
450,00;Madagascar;2014;450;Madagascar;MDG;580,00;Madagascar 2014;MDG14;6,00
450,00;Madagascar;2015;450;Madagascar;MDG;580,00;Madagascar 2015;MDG15;6,00
450,00;Madagascar;2016;450;Madagascar;MDG;580,00;Madagascar 2016;MDG16;6,00
450,00;Madagascar;2017;450;Madagascar;MDG;580,00;Madagascar 2017;MDG17;6,00
450,00;Madagascar;2018;450;Madagascar;MDG;580,00;Madagascar 2018;MDG18;6,00
454,00;Malawi;1965;454;Malawi;MWI;553,00;Malawi 1965;MWI65;-9,00
454,00;Malawi;1966;454;Malawi;MWI;553,00;Malawi 1966;MWI66;-9,00
454,00;Malawi;1967;454;Malawi;MWI;553,00;Malawi 1967;MWI67;-9,00
454,00;Malawi;1968;454;Malawi;MWI;553,00;Malawi 1968;MWI68;-9,00
454,00;Malawi;1969;454;Malawi;MWI;553,00;Malawi 1969;MWI69;-9,00
454,00;Malawi;1970;454;Malawi;MWI;553,00;Malawi 1970;MWI70;-9,00
454,00;Malawi;1971;454;Malawi;MWI;553,00;Malawi 1971;MWI71;-9,00
454,00;Malawi;1972;454;Malawi;MWI;553,00;Malawi 1972;MWI72;-9,00
454,00;Malawi;1973;454;Malawi;MWI;553,00;Malawi 1973;MWI73;-9,00
454,00;Malawi;1974;454;Malawi;MWI;553,00;Malawi 1974;MWI74;-9,00
454,00;Malawi;1975;454;Malawi;MWI;553,00;Malawi 1975;MWI75;-9,00
454,00;Malawi;1976;454;Malawi;MWI;553,00;Malawi 1976;MWI76;-9,00
454,00;Malawi;1977;454;Malawi;MWI;553,00;Malawi 1977;MWI77;-9,00
454,00;Malawi;1978;454;Malawi;MWI;553,00;Malawi 1978;MWI78;-9,00
454,00;Malawi;1979;454;Malawi;MWI;553,00;Malawi 1979;MWI79;-9,00
454,00;Malawi;1980;454;Malawi;MWI;553,00;Malawi 1980;MWI80;-9,00
454,00;Malawi;1981;454;Malawi;MWI;553,00;Malawi 1981;MWI81;-9,00
454,00;Malawi;1982;454;Malawi;MWI;553,00;Malawi 1982;MWI82;-9,00
454,00;Malawi;1983;454;Malawi;MWI;553,00;Malawi 1983;MWI83;-9,00
454,00;Malawi;1984;454;Malawi;MWI;553,00;Malawi 1984;MWI84;-9,00
454,00;Malawi;1985;454;Malawi;MWI;553,00;Malawi 1985;MWI85;-9,00
454,00;Malawi;1986;454;Malawi;MWI;553,00;Malawi 1986;MWI86;-9,00
454,00;Malawi;1987;454;Malawi;MWI;553,00;Malawi 1987;MWI87;-9,00
454,00;Malawi;1988;454;Malawi;MWI;553,00;Malawi 1988;MWI88;-9,00
454,00;Malawi;1989;454;Malawi;MWI;553,00;Malawi 1989;MWI89;-9,00
454,00;Malawi;1990;454;Malawi;MWI;553,00;Malawi 1990;MWI90;-9,00
454,00;Malawi;1991;454;Malawi;MWI;553,00;Malawi 1991;MWI91;-9,00
454,00;Malawi;1992;454;Malawi;MWI;553,00;Malawi 1992;MWI92;-9,00
454,00;Malawi;1993;454;Malawi;MWI;553,00;Malawi 1993;MWI93;-6,00
454,00;Malawi;1994;454;Malawi;MWI;553,00;Malawi 1994;MWI94;6,00
454,00;Malawi;1995;454;Malawi;MWI;553,00;Malawi 1995;MWI95;6,00
454,00;Malawi;1996;454;Malawi;MWI;553,00;Malawi 1996;MWI96;6,00
454,00;Malawi;1997;454;Malawi;MWI;553,00;Malawi 1997;MWI97;6,00
454,00;Malawi;1998;454;Malawi;MWI;553,00;Malawi 1998;MWI98;6,00
454,00;Malawi;1999;454;Malawi;MWI;553,00;Malawi 1999;MWI99;6,00
454,00;Malawi;2000;454;Malawi;MWI;553,00;Malawi 2000;MWI00;6,00
454,00;Malawi;2001;454;Malawi;MWI;553,00;Malawi 2001;MWI01;4,00
454,00;Malawi;2002;454;Malawi;MWI;553,00;Malawi 2002;MWI02;4,00
454,00;Malawi;2003;454;Malawi;MWI;553,00;Malawi 2003;MWI03;5,00
454,00;Malawi;2004;454;Malawi;MWI;553,00;Malawi 2004;MWI04;6,00
454,00;Malawi;2005;454;Malawi;MWI;553,00;Malawi 2005;MWI05;6,00
454,00;Malawi;2006;454;Malawi;MWI;553,00;Malawi 2006;MWI06;6,00
454,00;Malawi;2007;454;Malawi;MWI;553,00;Malawi 2007;MWI07;6,00
454,00;Malawi;2008;454;Malawi;MWI;553,00;Malawi 2008;MWI08;6,00
454,00;Malawi;2009;454;Malawi;MWI;553,00;Malawi 2009;MWI09;6,00
454,00;Malawi;2010;454;Malawi;MWI;553,00;Malawi 2010;MWI10;6,00
454,00;Malawi;2011;454;Malawi;MWI;553,00;Malawi 2011;MWI11;6,00
454,00;Malawi;2012;454;Malawi;MWI;553,00;Malawi 2012;MWI12;6,00
454,00;Malawi;2013;454;Malawi;MWI;553,00;Malawi 2013;MWI13;6,00
454,00;Malawi;2014;454;Malawi;MWI;553,00;Malawi 2014;MWI14;6,00
454,00;Malawi;2015;454;Malawi;MWI;553,00;Malawi 2015;MWI15;6,00
454,00;Malawi;2016;454;Malawi;MWI;553,00;Malawi 2016;MWI16;6,00
454,00;Malawi;2017;454;Malawi;MWI;553,00;Malawi 2017;MWI17;6,00
454,00;Malawi;2018;454;Malawi;MWI;553,00;Malawi 2018;MWI18;6,00
458,00;Malaysia;1966;458;Malaysia (1966-);MYS;820,00;Malaysia (1966-) 1966;MYS66;7,00
458,00;Malaysia;1967;458;Malaysia (1966-);MYS;820,00;Malaysia (1966-) 1967;MYS67;7,00
458,00;Malaysia;1968;458;Malaysia (1966-);MYS;820,00;Malaysia (1966-) 1968;MYS68;7,00
458,00;Malaysia;1969;458;Malaysia (1966-);MYS;820,00;Malaysia (1966-) 1969;MYS69;1,00
458,00;Malaysia;1970;458;Malaysia (1966-);MYS;820,00;Malaysia (1966-) 1970;MYS70;1,00
458,00;Malaysia;1971;458;Malaysia (1966-);MYS;820,00;Malaysia (1966-) 1971;MYS71;4,00
458,00;Malaysia;1972;458;Malaysia (1966-);MYS;820,00;Malaysia (1966-) 1972;MYS72;4,00
458,00;Malaysia;1973;458;Malaysia (1966-);MYS;820,00;Malaysia (1966-) 1973;MYS73;4,00
458,00;Malaysia;1974;458;Malaysia (1966-);MYS;820,00;Malaysia (1966-) 1974;MYS74;4,00
458,00;Malaysia;1975;458;Malaysia (1966-);MYS;820,00;Malaysia (1966-) 1975;MYS75;4,00
458,00;Malaysia;1976;458;Malaysia (1966-);MYS;820,00;Malaysia (1966-) 1976;MYS76;4,00
458,00;Malaysia;1977;458;Malaysia (1966-);MYS;820,00;Malaysia (1966-) 1977;MYS77;4,00
458,00;Malaysia;1978;458;Malaysia (1966-);MYS;820,00;Malaysia (1966-) 1978;MYS78;4,00
458,00;Malaysia;1979;458;Malaysia (1966-);MYS;820,00;Malaysia (1966-) 1979;MYS79;4,00
458,00;Malaysia;1980;458;Malaysia (1966-);MYS;820,00;Malaysia (1966-) 1980;MYS80;4,00
458,00;Malaysia;1981;458;Malaysia (1966-);MYS;820,00;Malaysia (1966-) 1981;MYS81;4,00
458,00;Malaysia;1982;458;Malaysia (1966-);MYS;820,00;Malaysia (1966-) 1982;MYS82;4,00
458,00;Malaysia;1983;458;Malaysia (1966-);MYS;820,00;Malaysia (1966-) 1983;MYS83;4,00
458,00;Malaysia;1984;458;Malaysia (1966-);MYS;820,00;Malaysia (1966-) 1984;MYS84;4,00
458,00;Malaysia;1985;458;Malaysia (1966-);MYS;820,00;Malaysia (1966-) 1985;MYS85;4,00
458,00;Malaysia;1986;458;Malaysia (1966-);MYS;820,00;Malaysia (1966-) 1986;MYS86;4,00
458,00;Malaysia;1987;458;Malaysia (1966-);MYS;820,00;Malaysia (1966-) 1987;MYS87;4,00
458,00;Malaysia;1988;458;Malaysia (1966-);MYS;820,00;Malaysia (1966-) 1988;MYS88;4,00
458,00;Malaysia;1989;458;Malaysia (1966-);MYS;820,00;Malaysia (1966-) 1989;MYS89;4,00
458,00;Malaysia;1990;458;Malaysia (1966-);MYS;820,00;Malaysia (1966-) 1990;MYS90;4,00
458,00;Malaysia;1991;458;Malaysia (1966-);MYS;820,00;Malaysia (1966-) 1991;MYS91;4,00
458,00;Malaysia;1992;458;Malaysia (1966-);MYS;820,00;Malaysia (1966-) 1992;MYS92;4,00
458,00;Malaysia;1993;458;Malaysia (1966-);MYS;820,00;Malaysia (1966-) 1993;MYS93;4,00
458,00;Malaysia;1994;458;Malaysia (1966-);MYS;820,00;Malaysia (1966-) 1994;MYS94;4,00
458,00;Malaysia;1995;458;Malaysia (1966-);MYS;820,00;Malaysia (1966-) 1995;MYS95;4,00
458,00;Malaysia;1996;458;Malaysia (1966-);MYS;820,00;Malaysia (1966-) 1996;MYS96;3,00
458,00;Malaysia;1997;458;Malaysia (1966-);MYS;820,00;Malaysia (1966-) 1997;MYS97;3,00
458,00;Malaysia;1998;458;Malaysia (1966-);MYS;820,00;Malaysia (1966-) 1998;MYS98;3,00
458,00;Malaysia;1999;458;Malaysia (1966-);MYS;820,00;Malaysia (1966-) 1999;MYS99;3,00
458,00;Malaysia;2000;458;Malaysia (1966-);MYS;820,00;Malaysia (1966-) 2000;MYS00;3,00
458,00;Malaysia;2001;458;Malaysia (1966-);MYS;820,00;Malaysia (1966-) 2001;MYS01;3,00
458,00;Malaysia;2002;458;Malaysia (1966-);MYS;820,00;Malaysia (1966-) 2002;MYS02;3,00
458,00;Malaysia;2003;458;Malaysia (1966-);MYS;820,00;Malaysia (1966-) 2003;MYS03;3,00
458,00;Malaysia;2004;458;Malaysia (1966-);MYS;820,00;Malaysia (1966-) 2004;MYS04;3,00
458,00;Malaysia;2005;458;Malaysia (1966-);MYS;820,00;Malaysia (1966-) 2005;MYS05;3,00
458,00;Malaysia;2006;458;Malaysia (1966-);MYS;820,00;Malaysia (1966-) 2006;MYS06;3,00
458,00;Malaysia;2007;458;Malaysia (1966-);MYS;820,00;Malaysia (1966-) 2007;MYS07;3,00
458,00;Malaysia;2008;458;Malaysia (1966-);MYS;820,00;Malaysia (1966-) 2008;MYS08;6,00
458,00;Malaysia;2009;458;Malaysia (1966-);MYS;820,00;Malaysia (1966-) 2009;MYS09;6,00
458,00;Malaysia;2010;458;Malaysia (1966-);MYS;820,00;Malaysia (1966-) 2010;MYS10;6,00
458,00;Malaysia;2011;458;Malaysia (1966-);MYS;820,00;Malaysia (1966-) 2011;MYS11;6,00
458,00;Malaysia;2012;458;Malaysia (1966-);MYS;820,00;Malaysia (1966-) 2012;MYS12;6,00
458,00;Malaysia;2013;458;Malaysia (1966-);MYS;820,00;Malaysia (1966-) 2013;MYS13;6,00
458,00;Malaysia;2014;458;Malaysia (1966-);MYS;820,00;Malaysia (1966-) 2014;MYS14;5,00
458,00;Malaysia;2015;458;Malaysia (1966-);MYS;820,00;Malaysia (1966-) 2015;MYS15;5,00
458,00;Malaysia;2016;458;Malaysia (1966-);MYS;820,00;Malaysia (1966-) 2016;MYS16;5,00
458,00;Malaysia;2017;458;Malaysia (1966-);MYS;820,00;Malaysia (1966-) 2017;MYS17;5,00
458,00;Malaysia;2018;458;Malaysia (1966-);MYS;820,00;Malaysia (1966-) 2018;MYS18;7,00
466,00;Mali;1961;466;Mali;MLI;432,00;Mali 1961;MLI61;-7,00
466,00;Mali;1962;466;Mali;MLI;432,00;Mali 1962;MLI62;-7,00
466,00;Mali;1963;466;Mali;MLI;432,00;Mali 1963;MLI63;-7,00
466,00;Mali;1964;466;Mali;MLI;432,00;Mali 1964;MLI64;-7,00
466,00;Mali;1965;466;Mali;MLI;432,00;Mali 1965;MLI65;-7,00
466,00;Mali;1966;466;Mali;MLI;432,00;Mali 1966;MLI66;-7,00
466,00;Mali;1967;466;Mali;MLI;432,00;Mali 1967;MLI67;-7,00
466,00;Mali;1968;466;Mali;MLI;432,00;Mali 1968;MLI68;-7,00
466,00;Mali;1969;466;Mali;MLI;432,00;Mali 1969;MLI69;-7,00
466,00;Mali;1970;466;Mali;MLI;432,00;Mali 1970;MLI70;-7,00
466,00;Mali;1971;466;Mali;MLI;432,00;Mali 1971;MLI71;-7,00
466,00;Mali;1972;466;Mali;MLI;432,00;Mali 1972;MLI72;-7,00
466,00;Mali;1973;466;Mali;MLI;432,00;Mali 1973;MLI73;-7,00
466,00;Mali;1974;466;Mali;MLI;432,00;Mali 1974;MLI74;-7,00
466,00;Mali;1975;466;Mali;MLI;432,00;Mali 1975;MLI75;-7,00
466,00;Mali;1976;466;Mali;MLI;432,00;Mali 1976;MLI76;-7,00
466,00;Mali;1977;466;Mali;MLI;432,00;Mali 1977;MLI77;-7,00
466,00;Mali;1978;466;Mali;MLI;432,00;Mali 1978;MLI78;-7,00
466,00;Mali;1979;466;Mali;MLI;432,00;Mali 1979;MLI79;-7,00
466,00;Mali;1980;466;Mali;MLI;432,00;Mali 1980;MLI80;-7,00
466,00;Mali;1981;466;Mali;MLI;432,00;Mali 1981;MLI81;-7,00
466,00;Mali;1982;466;Mali;MLI;432,00;Mali 1982;MLI82;-7,00
466,00;Mali;1983;466;Mali;MLI;432,00;Mali 1983;MLI83;-7,00
466,00;Mali;1984;466;Mali;MLI;432,00;Mali 1984;MLI84;-7,00
466,00;Mali;1985;466;Mali;MLI;432,00;Mali 1985;MLI85;-7,00
466,00;Mali;1986;466;Mali;MLI;432,00;Mali 1986;MLI86;-7,00
466,00;Mali;1987;466;Mali;MLI;432,00;Mali 1987;MLI87;-7,00
466,00;Mali;1988;466;Mali;MLI;432,00;Mali 1988;MLI88;-7,00
466,00;Mali;1989;466;Mali;MLI;432,00;Mali 1989;MLI89;-7,00
466,00;Mali;1990;466;Mali;MLI;432,00;Mali 1990;MLI90;-7,00
466,00;Mali;1991;466;Mali;MLI;432,00;Mali 1991;MLI91;-1,00
466,00;Mali;1992;466;Mali;MLI;432,00;Mali 1992;MLI92;4,00
466,00;Mali;1993;466;Mali;MLI;432,00;Mali 1993;MLI93;4,00
466,00;Mali;1994;466;Mali;MLI;432,00;Mali 1994;MLI94;4,00
466,00;Mali;1995;466;Mali;MLI;432,00;Mali 1995;MLI95;4,00
466,00;Mali;1996;466;Mali;MLI;432,00;Mali 1996;MLI96;4,00
466,00;Mali;1997;466;Mali;MLI;432,00;Mali 1997;MLI97;5,00
466,00;Mali;1998;466;Mali;MLI;432,00;Mali 1998;MLI98;5,00
466,00;Mali;1999;466;Mali;MLI;432,00;Mali 1999;MLI99;5,00
466,00;Mali;2000;466;Mali;MLI;432,00;Mali 2000;MLI00;5,00
466,00;Mali;2001;466;Mali;MLI;432,00;Mali 2001;MLI01;5,00
466,00;Mali;2002;466;Mali;MLI;432,00;Mali 2002;MLI02;5,00
466,00;Mali;2003;466;Mali;MLI;432,00;Mali 2003;MLI03;5,00
466,00;Mali;2004;466;Mali;MLI;432,00;Mali 2004;MLI04;5,00
466,00;Mali;2005;466;Mali;MLI;432,00;Mali 2005;MLI05;7,00
466,00;Mali;2006;466;Mali;MLI;432,00;Mali 2006;MLI06;7,00
466,00;Mali;2007;466;Mali;MLI;432,00;Mali 2007;MLI07;7,00
466,00;Mali;2008;466;Mali;MLI;432,00;Mali 2008;MLI08;7,00
466,00;Mali;2009;466;Mali;MLI;432,00;Mali 2009;MLI09;7,00
466,00;Mali;2010;466;Mali;MLI;432,00;Mali 2010;MLI10;7,00
466,00;Mali;2011;466;Mali;MLI;432,00;Mali 2011;MLI11;7,00
466,00;Mali;2012;466;Mali;MLI;432,00;Mali 2012;MLI12;0,00
466,00;Mali;2013;466;Mali;MLI;432,00;Mali 2013;MLI13;5,00
466,00;Mali;2014;466;Mali;MLI;432,00;Mali 2014;MLI14;5,00
466,00;Mali;2015;466;Mali;MLI;432,00;Mali 2015;MLI15;5,00
466,00;Mali;2016;466;Mali;MLI;432,00;Mali 2016;MLI16;5,00
466,00;Mali;2017;466;Mali;MLI;432,00;Mali 2017;MLI17;5,00
466,00;Mali;2018;466;Mali;MLI;432,00;Mali 2018;MLI18;5,00
478,00;Mauritania;1961;478;Mauritania;MRT;435,00;Mauritania 1961;MRT61;-4,00
478,00;Mauritania;1962;478;Mauritania;MRT;435,00;Mauritania 1962;MRT62;-7,00
478,00;Mauritania;1963;478;Mauritania;MRT;435,00;Mauritania 1963;MRT63;-7,00
478,00;Mauritania;1964;478;Mauritania;MRT;435,00;Mauritania 1964;MRT64;-7,00
478,00;Mauritania;1965;478;Mauritania;MRT;435,00;Mauritania 1965;MRT65;-7,00
478,00;Mauritania;1966;478;Mauritania;MRT;435,00;Mauritania 1966;MRT66;-7,00
478,00;Mauritania;1967;478;Mauritania;MRT;435,00;Mauritania 1967;MRT67;-7,00
478,00;Mauritania;1968;478;Mauritania;MRT;435,00;Mauritania 1968;MRT68;-7,00
478,00;Mauritania;1969;478;Mauritania;MRT;435,00;Mauritania 1969;MRT69;-7,00
478,00;Mauritania;1970;478;Mauritania;MRT;435,00;Mauritania 1970;MRT70;-7,00
478,00;Mauritania;1971;478;Mauritania;MRT;435,00;Mauritania 1971;MRT71;-7,00
478,00;Mauritania;1972;478;Mauritania;MRT;435,00;Mauritania 1972;MRT72;-7,00
478,00;Mauritania;1973;478;Mauritania;MRT;435,00;Mauritania 1973;MRT73;-7,00
478,00;Mauritania;1974;478;Mauritania;MRT;435,00;Mauritania 1974;MRT74;-7,00
478,00;Mauritania;1975;478;Mauritania;MRT;435,00;Mauritania 1975;MRT75;-7,00
478,00;Mauritania;1976;478;Mauritania;MRT;435,00;Mauritania 1976;MRT76;-7,00
478,00;Mauritania;1977;478;Mauritania;MRT;435,00;Mauritania 1977;MRT77;-7,00
478,00;Mauritania;1978;478;Mauritania;MRT;435,00;Mauritania 1978;MRT78;-7,00
478,00;Mauritania;1979;478;Mauritania;MRT;435,00;Mauritania 1979;MRT79;-7,00
478,00;Mauritania;1980;478;Mauritania;MRT;435,00;Mauritania 1980;MRT80;-7,00
478,00;Mauritania;1981;478;Mauritania;MRT;435,00;Mauritania 1981;MRT81;-7,00
478,00;Mauritania;1982;478;Mauritania;MRT;435,00;Mauritania 1982;MRT82;-7,00
478,00;Mauritania;1983;478;Mauritania;MRT;435,00;Mauritania 1983;MRT83;-7,00
478,00;Mauritania;1984;478;Mauritania;MRT;435,00;Mauritania 1984;MRT84;-7,00
478,00;Mauritania;1985;478;Mauritania;MRT;435,00;Mauritania 1985;MRT85;-7,00
478,00;Mauritania;1986;478;Mauritania;MRT;435,00;Mauritania 1986;MRT86;-7,00
478,00;Mauritania;1987;478;Mauritania;MRT;435,00;Mauritania 1987;MRT87;-7,00
478,00;Mauritania;1988;478;Mauritania;MRT;435,00;Mauritania 1988;MRT88;-7,00
478,00;Mauritania;1989;478;Mauritania;MRT;435,00;Mauritania 1989;MRT89;-7,00
478,00;Mauritania;1990;478;Mauritania;MRT;435,00;Mauritania 1990;MRT90;-7,00
478,00;Mauritania;1991;478;Mauritania;MRT;435,00;Mauritania 1991;MRT91;-6,00
478,00;Mauritania;1992;478;Mauritania;MRT;435,00;Mauritania 1992;MRT92;-6,00
478,00;Mauritania;1993;478;Mauritania;MRT;435,00;Mauritania 1993;MRT93;-6,00
478,00;Mauritania;1994;478;Mauritania;MRT;435,00;Mauritania 1994;MRT94;-6,00
478,00;Mauritania;1995;478;Mauritania;MRT;435,00;Mauritania 1995;MRT95;-6,00
478,00;Mauritania;1996;478;Mauritania;MRT;435,00;Mauritania 1996;MRT96;-6,00
478,00;Mauritania;1997;478;Mauritania;MRT;435,00;Mauritania 1997;MRT97;-6,00
478,00;Mauritania;1998;478;Mauritania;MRT;435,00;Mauritania 1998;MRT98;-6,00
478,00;Mauritania;1999;478;Mauritania;MRT;435,00;Mauritania 1999;MRT99;-6,00
478,00;Mauritania;2000;478;Mauritania;MRT;435,00;Mauritania 2000;MRT00;-6,00
478,00;Mauritania;2001;478;Mauritania;MRT;435,00;Mauritania 2001;MRT01;-6,00
478,00;Mauritania;2002;478;Mauritania;MRT;435,00;Mauritania 2002;MRT02;-6,00
478,00;Mauritania;2003;478;Mauritania;MRT;435,00;Mauritania 2003;MRT03;-6,00
478,00;Mauritania;2004;478;Mauritania;MRT;435,00;Mauritania 2004;MRT04;-6,00
478,00;Mauritania;2005;478;Mauritania;MRT;435,00;Mauritania 2005;MRT05;-5,00
478,00;Mauritania;2006;478;Mauritania;MRT;435,00;Mauritania 2006;MRT06;-3,00
478,00;Mauritania;2007;478;Mauritania;MRT;435,00;Mauritania 2007;MRT07;4,00
478,00;Mauritania;2008;478;Mauritania;MRT;435,00;Mauritania 2008;MRT08;-5,00
478,00;Mauritania;2009;478;Mauritania;MRT;435,00;Mauritania 2009;MRT09;-2,00
478,00;Mauritania;2010;478;Mauritania;MRT;435,00;Mauritania 2010;MRT10;-2,00
478,00;Mauritania;2011;478;Mauritania;MRT;435,00;Mauritania 2011;MRT11;-2,00
478,00;Mauritania;2012;478;Mauritania;MRT;435,00;Mauritania 2012;MRT12;-2,00
478,00;Mauritania;2013;478;Mauritania;MRT;435,00;Mauritania 2013;MRT13;-2,00
478,00;Mauritania;2014;478;Mauritania;MRT;435,00;Mauritania 2014;MRT14;-2,00
478,00;Mauritania;2015;478;Mauritania;MRT;435,00;Mauritania 2015;MRT15;-2,00
478,00;Mauritania;2016;478;Mauritania;MRT;435,00;Mauritania 2016;MRT16;-2,00
478,00;Mauritania;2017;478;Mauritania;MRT;435,00;Mauritania 2017;MRT17;-2,00
478,00;Mauritania;2018;478;Mauritania;MRT;435,00;Mauritania 2018;MRT18;-2,00
480,00;Mauritius;1968;480;Mauritius;MUS;590,00;Mauritius 1968;MUS68;9,00
480,00;Mauritius;1969;480;Mauritius;MUS;590,00;Mauritius 1969;MUS69;9,00
480,00;Mauritius;1970;480;Mauritius;MUS;590,00;Mauritius 1970;MUS70;9,00
480,00;Mauritius;1971;480;Mauritius;MUS;590,00;Mauritius 1971;MUS71;9,00
480,00;Mauritius;1972;480;Mauritius;MUS;590,00;Mauritius 1972;MUS72;9,00
480,00;Mauritius;1973;480;Mauritius;MUS;590,00;Mauritius 1973;MUS73;9,00
480,00;Mauritius;1974;480;Mauritius;MUS;590,00;Mauritius 1974;MUS74;9,00
480,00;Mauritius;1975;480;Mauritius;MUS;590,00;Mauritius 1975;MUS75;9,00
480,00;Mauritius;1976;480;Mauritius;MUS;590,00;Mauritius 1976;MUS76;9,00
480,00;Mauritius;1977;480;Mauritius;MUS;590,00;Mauritius 1977;MUS77;9,00
480,00;Mauritius;1978;480;Mauritius;MUS;590,00;Mauritius 1978;MUS78;9,00
480,00;Mauritius;1979;480;Mauritius;MUS;590,00;Mauritius 1979;MUS79;9,00
480,00;Mauritius;1980;480;Mauritius;MUS;590,00;Mauritius 1980;MUS80;9,00
480,00;Mauritius;1981;480;Mauritius;MUS;590,00;Mauritius 1981;MUS81;9,00
480,00;Mauritius;1982;480;Mauritius;MUS;590,00;Mauritius 1982;MUS82;10,00
480,00;Mauritius;1983;480;Mauritius;MUS;590,00;Mauritius 1983;MUS83;10,00
480,00;Mauritius;1984;480;Mauritius;MUS;590,00;Mauritius 1984;MUS84;10,00
480,00;Mauritius;1985;480;Mauritius;MUS;590,00;Mauritius 1985;MUS85;10,00
480,00;Mauritius;1986;480;Mauritius;MUS;590,00;Mauritius 1986;MUS86;10,00
480,00;Mauritius;1987;480;Mauritius;MUS;590,00;Mauritius 1987;MUS87;10,00
480,00;Mauritius;1988;480;Mauritius;MUS;590,00;Mauritius 1988;MUS88;10,00
480,00;Mauritius;1989;480;Mauritius;MUS;590,00;Mauritius 1989;MUS89;10,00
480,00;Mauritius;1990;480;Mauritius;MUS;590,00;Mauritius 1990;MUS90;10,00
480,00;Mauritius;1991;480;Mauritius;MUS;590,00;Mauritius 1991;MUS91;10,00
480,00;Mauritius;1992;480;Mauritius;MUS;590,00;Mauritius 1992;MUS92;10,00
480,00;Mauritius;1993;480;Mauritius;MUS;590,00;Mauritius 1993;MUS93;10,00
480,00;Mauritius;1994;480;Mauritius;MUS;590,00;Mauritius 1994;MUS94;10,00
480,00;Mauritius;1995;480;Mauritius;MUS;590,00;Mauritius 1995;MUS95;10,00
480,00;Mauritius;1996;480;Mauritius;MUS;590,00;Mauritius 1996;MUS96;10,00
480,00;Mauritius;1997;480;Mauritius;MUS;590,00;Mauritius 1997;MUS97;10,00
480,00;Mauritius;1998;480;Mauritius;MUS;590,00;Mauritius 1998;MUS98;10,00
480,00;Mauritius;1999;480;Mauritius;MUS;590,00;Mauritius 1999;MUS99;10,00
480,00;Mauritius;2000;480;Mauritius;MUS;590,00;Mauritius 2000;MUS00;10,00
480,00;Mauritius;2001;480;Mauritius;MUS;590,00;Mauritius 2001;MUS01;10,00
480,00;Mauritius;2002;480;Mauritius;MUS;590,00;Mauritius 2002;MUS02;10,00
480,00;Mauritius;2003;480;Mauritius;MUS;590,00;Mauritius 2003;MUS03;10,00
480,00;Mauritius;2004;480;Mauritius;MUS;590,00;Mauritius 2004;MUS04;10,00
480,00;Mauritius;2005;480;Mauritius;MUS;590,00;Mauritius 2005;MUS05;10,00
480,00;Mauritius;2006;480;Mauritius;MUS;590,00;Mauritius 2006;MUS06;10,00
480,00;Mauritius;2007;480;Mauritius;MUS;590,00;Mauritius 2007;MUS07;10,00
480,00;Mauritius;2008;480;Mauritius;MUS;590,00;Mauritius 2008;MUS08;10,00
480,00;Mauritius;2009;480;Mauritius;MUS;590,00;Mauritius 2009;MUS09;10,00
480,00;Mauritius;2010;480;Mauritius;MUS;590,00;Mauritius 2010;MUS10;10,00
480,00;Mauritius;2011;480;Mauritius;MUS;590,00;Mauritius 2011;MUS11;10,00
480,00;Mauritius;2012;480;Mauritius;MUS;590,00;Mauritius 2012;MUS12;10,00
480,00;Mauritius;2013;480;Mauritius;MUS;590,00;Mauritius 2013;MUS13;10,00
480,00;Mauritius;2014;480;Mauritius;MUS;590,00;Mauritius 2014;MUS14;10,00
480,00;Mauritius;2015;480;Mauritius;MUS;590,00;Mauritius 2015;MUS15;10,00
480,00;Mauritius;2016;480;Mauritius;MUS;590,00;Mauritius 2016;MUS16;10,00
480,00;Mauritius;2017;480;Mauritius;MUS;590,00;Mauritius 2017;MUS17;10,00
480,00;Mauritius;2018;480;Mauritius;MUS;590,00;Mauritius 2018;MUS18;10,00
484,00;Mexico;1946;484;Mexico;MEX;70,00;Mexico 1946;MEX46;-6,00
484,00;Mexico;1947;484;Mexico;MEX;70,00;Mexico 1947;MEX47;-6,00
484,00;Mexico;1948;484;Mexico;MEX;70,00;Mexico 1948;MEX48;-6,00
484,00;Mexico;1949;484;Mexico;MEX;70,00;Mexico 1949;MEX49;-6,00
484,00;Mexico;1950;484;Mexico;MEX;70,00;Mexico 1950;MEX50;-6,00
484,00;Mexico;1951;484;Mexico;MEX;70,00;Mexico 1951;MEX51;-6,00
484,00;Mexico;1952;484;Mexico;MEX;70,00;Mexico 1952;MEX52;-6,00
484,00;Mexico;1953;484;Mexico;MEX;70,00;Mexico 1953;MEX53;-6,00
484,00;Mexico;1954;484;Mexico;MEX;70,00;Mexico 1954;MEX54;-6,00
484,00;Mexico;1955;484;Mexico;MEX;70,00;Mexico 1955;MEX55;-6,00
484,00;Mexico;1956;484;Mexico;MEX;70,00;Mexico 1956;MEX56;-6,00
484,00;Mexico;1957;484;Mexico;MEX;70,00;Mexico 1957;MEX57;-6,00
484,00;Mexico;1958;484;Mexico;MEX;70,00;Mexico 1958;MEX58;-6,00
484,00;Mexico;1959;484;Mexico;MEX;70,00;Mexico 1959;MEX59;-6,00
484,00;Mexico;1960;484;Mexico;MEX;70,00;Mexico 1960;MEX60;-6,00
484,00;Mexico;1961;484;Mexico;MEX;70,00;Mexico 1961;MEX61;-6,00
484,00;Mexico;1962;484;Mexico;MEX;70,00;Mexico 1962;MEX62;-6,00
484,00;Mexico;1963;484;Mexico;MEX;70,00;Mexico 1963;MEX63;-6,00
484,00;Mexico;1964;484;Mexico;MEX;70,00;Mexico 1964;MEX64;-6,00
484,00;Mexico;1965;484;Mexico;MEX;70,00;Mexico 1965;MEX65;-6,00
484,00;Mexico;1966;484;Mexico;MEX;70,00;Mexico 1966;MEX66;-6,00
484,00;Mexico;1967;484;Mexico;MEX;70,00;Mexico 1967;MEX67;-6,00
484,00;Mexico;1968;484;Mexico;MEX;70,00;Mexico 1968;MEX68;-6,00
484,00;Mexico;1969;484;Mexico;MEX;70,00;Mexico 1969;MEX69;-6,00
484,00;Mexico;1970;484;Mexico;MEX;70,00;Mexico 1970;MEX70;-6,00
484,00;Mexico;1971;484;Mexico;MEX;70,00;Mexico 1971;MEX71;-6,00
484,00;Mexico;1972;484;Mexico;MEX;70,00;Mexico 1972;MEX72;-6,00
484,00;Mexico;1973;484;Mexico;MEX;70,00;Mexico 1973;MEX73;-6,00
484,00;Mexico;1974;484;Mexico;MEX;70,00;Mexico 1974;MEX74;-6,00
484,00;Mexico;1975;484;Mexico;MEX;70,00;Mexico 1975;MEX75;-6,00
484,00;Mexico;1976;484;Mexico;MEX;70,00;Mexico 1976;MEX76;-6,00
484,00;Mexico;1977;484;Mexico;MEX;70,00;Mexico 1977;MEX77;-3,00
484,00;Mexico;1978;484;Mexico;MEX;70,00;Mexico 1978;MEX78;-3,00
484,00;Mexico;1979;484;Mexico;MEX;70,00;Mexico 1979;MEX79;-3,00
484,00;Mexico;1980;484;Mexico;MEX;70,00;Mexico 1980;MEX80;-3,00
484,00;Mexico;1981;484;Mexico;MEX;70,00;Mexico 1981;MEX81;-3,00
484,00;Mexico;1982;484;Mexico;MEX;70,00;Mexico 1982;MEX82;-3,00
484,00;Mexico;1983;484;Mexico;MEX;70,00;Mexico 1983;MEX83;-3,00
484,00;Mexico;1984;484;Mexico;MEX;70,00;Mexico 1984;MEX84;-3,00
484,00;Mexico;1985;484;Mexico;MEX;70,00;Mexico 1985;MEX85;-3,00
484,00;Mexico;1986;484;Mexico;MEX;70,00;Mexico 1986;MEX86;-3,00
484,00;Mexico;1987;484;Mexico;MEX;70,00;Mexico 1987;MEX87;-3,00
484,00;Mexico;1988;484;Mexico;MEX;70,00;Mexico 1988;MEX88;0,00
484,00;Mexico;1989;484;Mexico;MEX;70,00;Mexico 1989;MEX89;0,00
484,00;Mexico;1990;484;Mexico;MEX;70,00;Mexico 1990;MEX90;0,00
484,00;Mexico;1991;484;Mexico;MEX;70,00;Mexico 1991;MEX91;0,00
484,00;Mexico;1992;484;Mexico;MEX;70,00;Mexico 1992;MEX92;0,00
484,00;Mexico;1993;484;Mexico;MEX;70,00;Mexico 1993;MEX93;0,00
484,00;Mexico;1994;484;Mexico;MEX;70,00;Mexico 1994;MEX94;4,00
484,00;Mexico;1995;484;Mexico;MEX;70,00;Mexico 1995;MEX95;4,00
484,00;Mexico;1996;484;Mexico;MEX;70,00;Mexico 1996;MEX96;4,00
484,00;Mexico;1997;484;Mexico;MEX;70,00;Mexico 1997;MEX97;6,00
484,00;Mexico;1998;484;Mexico;MEX;70,00;Mexico 1998;MEX98;6,00
484,00;Mexico;1999;484;Mexico;MEX;70,00;Mexico 1999;MEX99;6,00
484,00;Mexico;2000;484;Mexico;MEX;70,00;Mexico 2000;MEX00;8,00
484,00;Mexico;2001;484;Mexico;MEX;70,00;Mexico 2001;MEX01;8,00
484,00;Mexico;2002;484;Mexico;MEX;70,00;Mexico 2002;MEX02;8,00
484,00;Mexico;2003;484;Mexico;MEX;70,00;Mexico 2003;MEX03;8,00
484,00;Mexico;2004;484;Mexico;MEX;70,00;Mexico 2004;MEX04;8,00
484,00;Mexico;2005;484;Mexico;MEX;70,00;Mexico 2005;MEX05;8,00
484,00;Mexico;2006;484;Mexico;MEX;70,00;Mexico 2006;MEX06;8,00
484,00;Mexico;2007;484;Mexico;MEX;70,00;Mexico 2007;MEX07;8,00
484,00;Mexico;2008;484;Mexico;MEX;70,00;Mexico 2008;MEX08;8,00
484,00;Mexico;2009;484;Mexico;MEX;70,00;Mexico 2009;MEX09;8,00
484,00;Mexico;2010;484;Mexico;MEX;70,00;Mexico 2010;MEX10;8,00
484,00;Mexico;2011;484;Mexico;MEX;70,00;Mexico 2011;MEX11;8,00
484,00;Mexico;2012;484;Mexico;MEX;70,00;Mexico 2012;MEX12;8,00
484,00;Mexico;2013;484;Mexico;MEX;70,00;Mexico 2013;MEX13;8,00
484,00;Mexico;2014;484;Mexico;MEX;70,00;Mexico 2014;MEX14;8,00
484,00;Mexico;2015;484;Mexico;MEX;70,00;Mexico 2015;MEX15;8,00
484,00;Mexico;2016;484;Mexico;MEX;70,00;Mexico 2016;MEX16;8,00
484,00;Mexico;2017;484;Mexico;MEX;70,00;Mexico 2017;MEX17;8,00
484,00;Mexico;2018;484;Mexico;MEX;70,00;Mexico 2018;MEX18;8,00
496,00;Mongolia;1946;496;Mongolia;MNG;712,00;Mongolia 1946;MNG46;-9,00
496,00;Mongolia;1947;496;Mongolia;MNG;712,00;Mongolia 1947;MNG47;-9,00
496,00;Mongolia;1948;496;Mongolia;MNG;712,00;Mongolia 1948;MNG48;-9,00
496,00;Mongolia;1949;496;Mongolia;MNG;712,00;Mongolia 1949;MNG49;-9,00
496,00;Mongolia;1950;496;Mongolia;MNG;712,00;Mongolia 1950;MNG50;-9,00
496,00;Mongolia;1951;496;Mongolia;MNG;712,00;Mongolia 1951;MNG51;-9,00
496,00;Mongolia;1952;496;Mongolia;MNG;712,00;Mongolia 1952;MNG52;-7,00
496,00;Mongolia;1953;496;Mongolia;MNG;712,00;Mongolia 1953;MNG53;-7,00
496,00;Mongolia;1954;496;Mongolia;MNG;712,00;Mongolia 1954;MNG54;-7,00
496,00;Mongolia;1955;496;Mongolia;MNG;712,00;Mongolia 1955;MNG55;-7,00
496,00;Mongolia;1956;496;Mongolia;MNG;712,00;Mongolia 1956;MNG56;-7,00
496,00;Mongolia;1957;496;Mongolia;MNG;712,00;Mongolia 1957;MNG57;-7,00
496,00;Mongolia;1958;496;Mongolia;MNG;712,00;Mongolia 1958;MNG58;-7,00
496,00;Mongolia;1959;496;Mongolia;MNG;712,00;Mongolia 1959;MNG59;-7,00
496,00;Mongolia;1960;496;Mongolia;MNG;712,00;Mongolia 1960;MNG60;-7,00
496,00;Mongolia;1961;496;Mongolia;MNG;712,00;Mongolia 1961;MNG61;-7,00
496,00;Mongolia;1962;496;Mongolia;MNG;712,00;Mongolia 1962;MNG62;-7,00
496,00;Mongolia;1963;496;Mongolia;MNG;712,00;Mongolia 1963;MNG63;-7,00
496,00;Mongolia;1964;496;Mongolia;MNG;712,00;Mongolia 1964;MNG64;-7,00
496,00;Mongolia;1965;496;Mongolia;MNG;712,00;Mongolia 1965;MNG65;-7,00
496,00;Mongolia;1966;496;Mongolia;MNG;712,00;Mongolia 1966;MNG66;-7,00
496,00;Mongolia;1967;496;Mongolia;MNG;712,00;Mongolia 1967;MNG67;-7,00
496,00;Mongolia;1968;496;Mongolia;MNG;712,00;Mongolia 1968;MNG68;-7,00
496,00;Mongolia;1969;496;Mongolia;MNG;712,00;Mongolia 1969;MNG69;-7,00
496,00;Mongolia;1970;496;Mongolia;MNG;712,00;Mongolia 1970;MNG70;-7,00
496,00;Mongolia;1971;496;Mongolia;MNG;712,00;Mongolia 1971;MNG71;-7,00
496,00;Mongolia;1972;496;Mongolia;MNG;712,00;Mongolia 1972;MNG72;-7,00
496,00;Mongolia;1973;496;Mongolia;MNG;712,00;Mongolia 1973;MNG73;-7,00
496,00;Mongolia;1974;496;Mongolia;MNG;712,00;Mongolia 1974;MNG74;-7,00
496,00;Mongolia;1975;496;Mongolia;MNG;712,00;Mongolia 1975;MNG75;-7,00
496,00;Mongolia;1976;496;Mongolia;MNG;712,00;Mongolia 1976;MNG76;-7,00
496,00;Mongolia;1977;496;Mongolia;MNG;712,00;Mongolia 1977;MNG77;-7,00
496,00;Mongolia;1978;496;Mongolia;MNG;712,00;Mongolia 1978;MNG78;-7,00
496,00;Mongolia;1979;496;Mongolia;MNG;712,00;Mongolia 1979;MNG79;-7,00
496,00;Mongolia;1980;496;Mongolia;MNG;712,00;Mongolia 1980;MNG80;-7,00
496,00;Mongolia;1981;496;Mongolia;MNG;712,00;Mongolia 1981;MNG81;-7,00
496,00;Mongolia;1982;496;Mongolia;MNG;712,00;Mongolia 1982;MNG82;-7,00
496,00;Mongolia;1983;496;Mongolia;MNG;712,00;Mongolia 1983;MNG83;-7,00
496,00;Mongolia;1984;496;Mongolia;MNG;712,00;Mongolia 1984;MNG84;-7,00
496,00;Mongolia;1985;496;Mongolia;MNG;712,00;Mongolia 1985;MNG85;-7,00
496,00;Mongolia;1986;496;Mongolia;MNG;712,00;Mongolia 1986;MNG86;-7,00
496,00;Mongolia;1987;496;Mongolia;MNG;712,00;Mongolia 1987;MNG87;-7,00
496,00;Mongolia;1988;496;Mongolia;MNG;712,00;Mongolia 1988;MNG88;-7,00
496,00;Mongolia;1989;496;Mongolia;MNG;712,00;Mongolia 1989;MNG89;-7,00
496,00;Mongolia;1990;496;Mongolia;MNG;712,00;Mongolia 1990;MNG90;2,00
496,00;Mongolia;1991;496;Mongolia;MNG;712,00;Mongolia 1991;MNG91;2,00
496,00;Mongolia;1992;496;Mongolia;MNG;712,00;Mongolia 1992;MNG92;9,00
496,00;Mongolia;1993;496;Mongolia;MNG;712,00;Mongolia 1993;MNG93;9,00
496,00;Mongolia;1994;496;Mongolia;MNG;712,00;Mongolia 1994;MNG94;9,00
496,00;Mongolia;1995;496;Mongolia;MNG;712,00;Mongolia 1995;MNG95;9,00
496,00;Mongolia;1996;496;Mongolia;MNG;712,00;Mongolia 1996;MNG96;10,00
496,00;Mongolia;1997;496;Mongolia;MNG;712,00;Mongolia 1997;MNG97;10,00
496,00;Mongolia;1998;496;Mongolia;MNG;712,00;Mongolia 1998;MNG98;10,00
496,00;Mongolia;1999;496;Mongolia;MNG;712,00;Mongolia 1999;MNG99;10,00
496,00;Mongolia;2000;496;Mongolia;MNG;712,00;Mongolia 2000;MNG00;10,00
496,00;Mongolia;2001;496;Mongolia;MNG;712,00;Mongolia 2001;MNG01;10,00
496,00;Mongolia;2002;496;Mongolia;MNG;712,00;Mongolia 2002;MNG02;10,00
496,00;Mongolia;2003;496;Mongolia;MNG;712,00;Mongolia 2003;MNG03;10,00
496,00;Mongolia;2004;496;Mongolia;MNG;712,00;Mongolia 2004;MNG04;10,00
496,00;Mongolia;2005;496;Mongolia;MNG;712,00;Mongolia 2005;MNG05;10,00
496,00;Mongolia;2006;496;Mongolia;MNG;712,00;Mongolia 2006;MNG06;10,00
496,00;Mongolia;2007;496;Mongolia;MNG;712,00;Mongolia 2007;MNG07;10,00
496,00;Mongolia;2008;496;Mongolia;MNG;712,00;Mongolia 2008;MNG08;10,00
496,00;Mongolia;2009;496;Mongolia;MNG;712,00;Mongolia 2009;MNG09;10,00
496,00;Mongolia;2010;496;Mongolia;MNG;712,00;Mongolia 2010;MNG10;10,00
496,00;Mongolia;2011;496;Mongolia;MNG;712,00;Mongolia 2011;MNG11;10,00
496,00;Mongolia;2012;496;Mongolia;MNG;712,00;Mongolia 2012;MNG12;10,00
496,00;Mongolia;2013;496;Mongolia;MNG;712,00;Mongolia 2013;MNG13;10,00
496,00;Mongolia;2014;496;Mongolia;MNG;712,00;Mongolia 2014;MNG14;10,00
496,00;Mongolia;2015;496;Mongolia;MNG;712,00;Mongolia 2015;MNG15;10,00
496,00;Mongolia;2016;496;Mongolia;MNG;712,00;Mongolia 2016;MNG16;10,00
496,00;Mongolia;2017;496;Mongolia;MNG;712,00;Mongolia 2017;MNG17;10,00
496,00;Mongolia;2018;496;Mongolia;MNG;712,00;Mongolia 2018;MNG18;10,00
498,00;Moldova (the Republic of);1992;498;Moldova;MDA;359,00;Moldova 1992;MDA92;5,00
498,00;Moldova (the Republic of);1993;498;Moldova;MDA;359,00;Moldova 1993;MDA93;5,00
498,00;Moldova (the Republic of);1994;498;Moldova;MDA;359,00;Moldova 1994;MDA94;7,00
498,00;Moldova (the Republic of);1995;498;Moldova;MDA;359,00;Moldova 1995;MDA95;7,00
498,00;Moldova (the Republic of);1996;498;Moldova;MDA;359,00;Moldova 1996;MDA96;7,00
498,00;Moldova (the Republic of);1997;498;Moldova;MDA;359,00;Moldova 1997;MDA97;7,00
498,00;Moldova (the Republic of);1998;498;Moldova;MDA;359,00;Moldova 1998;MDA98;7,00
498,00;Moldova (the Republic of);1999;498;Moldova;MDA;359,00;Moldova 1999;MDA99;7,00
498,00;Moldova (the Republic of);2000;498;Moldova;MDA;359,00;Moldova 2000;MDA00;7,00
498,00;Moldova (the Republic of);2001;498;Moldova;MDA;359,00;Moldova 2001;MDA01;8,00
498,00;Moldova (the Republic of);2002;498;Moldova;MDA;359,00;Moldova 2002;MDA02;8,00
498,00;Moldova (the Republic of);2003;498;Moldova;MDA;359,00;Moldova 2003;MDA03;8,00
498,00;Moldova (the Republic of);2004;498;Moldova;MDA;359,00;Moldova 2004;MDA04;8,00
498,00;Moldova (the Republic of);2005;498;Moldova;MDA;359,00;Moldova 2005;MDA05;9,00
498,00;Moldova (the Republic of);2006;498;Moldova;MDA;359,00;Moldova 2006;MDA06;9,00
498,00;Moldova (the Republic of);2007;498;Moldova;MDA;359,00;Moldova 2007;MDA07;9,00
498,00;Moldova (the Republic of);2008;498;Moldova;MDA;359,00;Moldova 2008;MDA08;9,00
498,00;Moldova (the Republic of);2009;498;Moldova;MDA;359,00;Moldova 2009;MDA09;9,00
498,00;Moldova (the Republic of);2010;498;Moldova;MDA;359,00;Moldova 2010;MDA10;9,00
498,00;Moldova (the Republic of);2011;498;Moldova;MDA;359,00;Moldova 2011;MDA11;9,00
498,00;Moldova (the Republic of);2012;498;Moldova;MDA;359,00;Moldova 2012;MDA12;9,00
498,00;Moldova (the Republic of);2013;498;Moldova;MDA;359,00;Moldova 2013;MDA13;9,00
498,00;Moldova (the Republic of);2014;498;Moldova;MDA;359,00;Moldova 2014;MDA14;9,00
498,00;Moldova (the Republic of);2015;498;Moldova;MDA;359,00;Moldova 2015;MDA15;9,00
498,00;Moldova (the Republic of);2016;498;Moldova;MDA;359,00;Moldova 2016;MDA16;9,00
498,00;Moldova (the Republic of);2017;498;Moldova;MDA;359,00;Moldova 2017;MDA17;9,00
498,00;Moldova (the Republic of);2018;498;Moldova;MDA;359,00;Moldova 2018;MDA18;9,00
499,00;Montenegro;2006;499;Montenegro;MNE;341,00;Montenegro 2006;MNE06;9,00
499,00;Montenegro;2007;499;Montenegro;MNE;341,00;Montenegro 2007;MNE07;9,00
499,00;Montenegro;2008;499;Montenegro;MNE;341,00;Montenegro 2008;MNE08;9,00
499,00;Montenegro;2009;499;Montenegro;MNE;341,00;Montenegro 2009;MNE09;9,00
499,00;Montenegro;2010;499;Montenegro;MNE;341,00;Montenegro 2010;MNE10;9,00
499,00;Montenegro;2011;499;Montenegro;MNE;341,00;Montenegro 2011;MNE11;9,00
499,00;Montenegro;2012;499;Montenegro;MNE;341,00;Montenegro 2012;MNE12;9,00
499,00;Montenegro;2013;499;Montenegro;MNE;341,00;Montenegro 2013;MNE13;9,00
499,00;Montenegro;2014;499;Montenegro;MNE;341,00;Montenegro 2014;MNE14;9,00
499,00;Montenegro;2015;499;Montenegro;MNE;341,00;Montenegro 2015;MNE15;9,00
499,00;Montenegro;2016;499;Montenegro;MNE;341,00;Montenegro 2016;MNE16;9,00
499,00;Montenegro;2017;499;Montenegro;MNE;341,00;Montenegro 2017;MNE17;9,00
499,00;Montenegro;2018;499;Montenegro;MNE;341,00;Montenegro 2018;MNE18;9,00
504,00;Morocco;1956;504;Morocco;MAR;600,00;Morocco 1956;MAR56;-5,00
504,00;Morocco;1957;504;Morocco;MAR;600,00;Morocco 1957;MAR57;-5,00
504,00;Morocco;1958;504;Morocco;MAR;600,00;Morocco 1958;MAR58;-5,00
504,00;Morocco;1959;504;Morocco;MAR;600,00;Morocco 1959;MAR59;-5,00
504,00;Morocco;1960;504;Morocco;MAR;600,00;Morocco 1960;MAR60;-5,00
504,00;Morocco;1961;504;Morocco;MAR;600,00;Morocco 1961;MAR61;-4,00
504,00;Morocco;1962;504;Morocco;MAR;600,00;Morocco 1962;MAR62;-4,00
504,00;Morocco;1963;504;Morocco;MAR;600,00;Morocco 1963;MAR63;-3,00
504,00;Morocco;1964;504;Morocco;MAR;600,00;Morocco 1964;MAR64;-3,00
504,00;Morocco;1965;504;Morocco;MAR;600,00;Morocco 1965;MAR65;-9,00
504,00;Morocco;1966;504;Morocco;MAR;600,00;Morocco 1966;MAR66;-9,00
504,00;Morocco;1967;504;Morocco;MAR;600,00;Morocco 1967;MAR67;-9,00
504,00;Morocco;1968;504;Morocco;MAR;600,00;Morocco 1968;MAR68;-9,00
504,00;Morocco;1969;504;Morocco;MAR;600,00;Morocco 1969;MAR69;-9,00
504,00;Morocco;1970;504;Morocco;MAR;600,00;Morocco 1970;MAR70;-9,00
504,00;Morocco;1971;504;Morocco;MAR;600,00;Morocco 1971;MAR71;-9,00
504,00;Morocco;1972;504;Morocco;MAR;600,00;Morocco 1972;MAR72;-9,00
504,00;Morocco;1973;504;Morocco;MAR;600,00;Morocco 1973;MAR73;-9,00
504,00;Morocco;1974;504;Morocco;MAR;600,00;Morocco 1974;MAR74;-9,00
504,00;Morocco;1975;504;Morocco;MAR;600,00;Morocco 1975;MAR75;-9,00
504,00;Morocco;1976;504;Morocco;MAR;600,00;Morocco 1976;MAR76;-9,00
504,00;Morocco;1977;504;Morocco;MAR;600,00;Morocco 1977;MAR77;-8,00
504,00;Morocco;1978;504;Morocco;MAR;600,00;Morocco 1978;MAR78;-8,00
504,00;Morocco;1979;504;Morocco;MAR;600,00;Morocco 1979;MAR79;-8,00
504,00;Morocco;1980;504;Morocco;MAR;600,00;Morocco 1980;MAR80;-8,00
504,00;Morocco;1981;504;Morocco;MAR;600,00;Morocco 1981;MAR81;-8,00
504,00;Morocco;1982;504;Morocco;MAR;600,00;Morocco 1982;MAR82;-8,00
504,00;Morocco;1983;504;Morocco;MAR;600,00;Morocco 1983;MAR83;-8,00
504,00;Morocco;1984;504;Morocco;MAR;600,00;Morocco 1984;MAR84;-8,00
504,00;Morocco;1985;504;Morocco;MAR;600,00;Morocco 1985;MAR85;-8,00
504,00;Morocco;1986;504;Morocco;MAR;600,00;Morocco 1986;MAR86;-8,00
504,00;Morocco;1987;504;Morocco;MAR;600,00;Morocco 1987;MAR87;-8,00
504,00;Morocco;1988;504;Morocco;MAR;600,00;Morocco 1988;MAR88;-8,00
504,00;Morocco;1989;504;Morocco;MAR;600,00;Morocco 1989;MAR89;-8,00
504,00;Morocco;1990;504;Morocco;MAR;600,00;Morocco 1990;MAR90;-8,00
504,00;Morocco;1991;504;Morocco;MAR;600,00;Morocco 1991;MAR91;-8,00
504,00;Morocco;1992;504;Morocco;MAR;600,00;Morocco 1992;MAR92;-7,00
504,00;Morocco;1993;504;Morocco;MAR;600,00;Morocco 1993;MAR93;-7,00
504,00;Morocco;1994;504;Morocco;MAR;600,00;Morocco 1994;MAR94;-7,00
504,00;Morocco;1995;504;Morocco;MAR;600,00;Morocco 1995;MAR95;-7,00
504,00;Morocco;1996;504;Morocco;MAR;600,00;Morocco 1996;MAR96;-7,00
504,00;Morocco;1997;504;Morocco;MAR;600,00;Morocco 1997;MAR97;-7,00
504,00;Morocco;1998;504;Morocco;MAR;600,00;Morocco 1998;MAR98;-6,00
504,00;Morocco;1999;504;Morocco;MAR;600,00;Morocco 1999;MAR99;-6,00
504,00;Morocco;2000;504;Morocco;MAR;600,00;Morocco 2000;MAR00;-6,00
504,00;Morocco;2001;504;Morocco;MAR;600,00;Morocco 2001;MAR01;-6,00
504,00;Morocco;2002;504;Morocco;MAR;600,00;Morocco 2002;MAR02;-6,00
504,00;Morocco;2003;504;Morocco;MAR;600,00;Morocco 2003;MAR03;-6,00
504,00;Morocco;2004;504;Morocco;MAR;600,00;Morocco 2004;MAR04;-6,00
504,00;Morocco;2005;504;Morocco;MAR;600,00;Morocco 2005;MAR05;-6,00
504,00;Morocco;2006;504;Morocco;MAR;600,00;Morocco 2006;MAR06;-6,00
504,00;Morocco;2007;504;Morocco;MAR;600,00;Morocco 2007;MAR07;-6,00
504,00;Morocco;2008;504;Morocco;MAR;600,00;Morocco 2008;MAR08;-6,00
504,00;Morocco;2009;504;Morocco;MAR;600,00;Morocco 2009;MAR09;-6,00
504,00;Morocco;2010;504;Morocco;MAR;600,00;Morocco 2010;MAR10;-6,00
504,00;Morocco;2011;504;Morocco;MAR;600,00;Morocco 2011;MAR11;-4,00
504,00;Morocco;2012;504;Morocco;MAR;600,00;Morocco 2012;MAR12;-4,00
504,00;Morocco;2013;504;Morocco;MAR;600,00;Morocco 2013;MAR13;-4,00
504,00;Morocco;2014;504;Morocco;MAR;600,00;Morocco 2014;MAR14;-4,00
504,00;Morocco;2015;504;Morocco;MAR;600,00;Morocco 2015;MAR15;-4,00
504,00;Morocco;2016;504;Morocco;MAR;600,00;Morocco 2016;MAR16;-4,00
504,00;Morocco;2017;504;Morocco;MAR;600,00;Morocco 2017;MAR17;-4,00
504,00;Morocco;2018;504;Morocco;MAR;600,00;Morocco 2018;MAR18;-4,00
508,00;Mozambique;1975;508;Mozambique;MOZ;541,00;Mozambique 1975;MOZ75;-8,00
508,00;Mozambique;1976;508;Mozambique;MOZ;541,00;Mozambique 1976;MOZ76;-8,00
508,00;Mozambique;1977;508;Mozambique;MOZ;541,00;Mozambique 1977;MOZ77;-8,00
508,00;Mozambique;1978;508;Mozambique;MOZ;541,00;Mozambique 1978;MOZ78;-8,00
508,00;Mozambique;1979;508;Mozambique;MOZ;541,00;Mozambique 1979;MOZ79;-8,00
508,00;Mozambique;1980;508;Mozambique;MOZ;541,00;Mozambique 1980;MOZ80;-8,00
508,00;Mozambique;1981;508;Mozambique;MOZ;541,00;Mozambique 1981;MOZ81;-8,00
508,00;Mozambique;1982;508;Mozambique;MOZ;541,00;Mozambique 1982;MOZ82;-8,00
508,00;Mozambique;1983;508;Mozambique;MOZ;541,00;Mozambique 1983;MOZ83;-8,00
508,00;Mozambique;1984;508;Mozambique;MOZ;541,00;Mozambique 1984;MOZ84;-8,00
508,00;Mozambique;1985;508;Mozambique;MOZ;541,00;Mozambique 1985;MOZ85;-8,00
508,00;Mozambique;1986;508;Mozambique;MOZ;541,00;Mozambique 1986;MOZ86;-7,00
508,00;Mozambique;1987;508;Mozambique;MOZ;541,00;Mozambique 1987;MOZ87;-7,00
508,00;Mozambique;1988;508;Mozambique;MOZ;541,00;Mozambique 1988;MOZ88;-7,00
508,00;Mozambique;1989;508;Mozambique;MOZ;541,00;Mozambique 1989;MOZ89;-7,00
508,00;Mozambique;1990;508;Mozambique;MOZ;541,00;Mozambique 1990;MOZ90;-7,00
508,00;Mozambique;1991;508;Mozambique;MOZ;541,00;Mozambique 1991;MOZ91;-6,00
508,00;Mozambique;1992;508;Mozambique;MOZ;541,00;Mozambique 1992;MOZ92;-6,00
508,00;Mozambique;1993;508;Mozambique;MOZ;541,00;Mozambique 1993;MOZ93;-6,00
508,00;Mozambique;1994;508;Mozambique;MOZ;541,00;Mozambique 1994;MOZ94;5,00
508,00;Mozambique;1995;508;Mozambique;MOZ;541,00;Mozambique 1995;MOZ95;5,00
508,00;Mozambique;1996;508;Mozambique;MOZ;541,00;Mozambique 1996;MOZ96;5,00
508,00;Mozambique;1997;508;Mozambique;MOZ;541,00;Mozambique 1997;MOZ97;5,00
508,00;Mozambique;1998;508;Mozambique;MOZ;541,00;Mozambique 1998;MOZ98;5,00
508,00;Mozambique;1999;508;Mozambique;MOZ;541,00;Mozambique 1999;MOZ99;5,00
508,00;Mozambique;2000;508;Mozambique;MOZ;541,00;Mozambique 2000;MOZ00;5,00
508,00;Mozambique;2001;508;Mozambique;MOZ;541,00;Mozambique 2001;MOZ01;5,00
508,00;Mozambique;2002;508;Mozambique;MOZ;541,00;Mozambique 2002;MOZ02;5,00
508,00;Mozambique;2003;508;Mozambique;MOZ;541,00;Mozambique 2003;MOZ03;5,00
508,00;Mozambique;2004;508;Mozambique;MOZ;541,00;Mozambique 2004;MOZ04;5,00
508,00;Mozambique;2005;508;Mozambique;MOZ;541,00;Mozambique 2005;MOZ05;5,00
508,00;Mozambique;2006;508;Mozambique;MOZ;541,00;Mozambique 2006;MOZ06;5,00
508,00;Mozambique;2007;508;Mozambique;MOZ;541,00;Mozambique 2007;MOZ07;5,00
508,00;Mozambique;2008;508;Mozambique;MOZ;541,00;Mozambique 2008;MOZ08;5,00
508,00;Mozambique;2009;508;Mozambique;MOZ;541,00;Mozambique 2009;MOZ09;5,00
508,00;Mozambique;2010;508;Mozambique;MOZ;541,00;Mozambique 2010;MOZ10;5,00
508,00;Mozambique;2011;508;Mozambique;MOZ;541,00;Mozambique 2011;MOZ11;5,00
508,00;Mozambique;2012;508;Mozambique;MOZ;541,00;Mozambique 2012;MOZ12;5,00
508,00;Mozambique;2013;508;Mozambique;MOZ;541,00;Mozambique 2013;MOZ13;5,00
508,00;Mozambique;2014;508;Mozambique;MOZ;541,00;Mozambique 2014;MOZ14;5,00
508,00;Mozambique;2015;508;Mozambique;MOZ;541,00;Mozambique 2015;MOZ15;5,00
508,00;Mozambique;2016;508;Mozambique;MOZ;541,00;Mozambique 2016;MOZ16;5,00
508,00;Mozambique;2017;508;Mozambique;MOZ;541,00;Mozambique 2017;MOZ17;5,00
508,00;Mozambique;2018;508;Mozambique;MOZ;541,00;Mozambique 2018;MOZ18;5,00
512,00;Oman;1946;512;Oman;OMN;698,00;Oman 1946;OMN46;-6,00
512,00;Oman;1947;512;Oman;OMN;698,00;Oman 1947;OMN47;-6,00
512,00;Oman;1948;512;Oman;OMN;698,00;Oman 1948;OMN48;-6,00
512,00;Oman;1949;512;Oman;OMN;698,00;Oman 1949;OMN49;-6,00
512,00;Oman;1950;512;Oman;OMN;698,00;Oman 1950;OMN50;-6,00
512,00;Oman;1951;512;Oman;OMN;698,00;Oman 1951;OMN51;-6,00
512,00;Oman;1952;512;Oman;OMN;698,00;Oman 1952;OMN52;-6,00
512,00;Oman;1953;512;Oman;OMN;698,00;Oman 1953;OMN53;-6,00
512,00;Oman;1954;512;Oman;OMN;698,00;Oman 1954;OMN54;-6,00
512,00;Oman;1955;512;Oman;OMN;698,00;Oman 1955;OMN55;-6,00
512,00;Oman;1956;512;Oman;OMN;698,00;Oman 1956;OMN56;-6,00
512,00;Oman;1957;512;Oman;OMN;698,00;Oman 1957;OMN57;-10,00
512,00;Oman;1958;512;Oman;OMN;698,00;Oman 1958;OMN58;-10,00
512,00;Oman;1959;512;Oman;OMN;698,00;Oman 1959;OMN59;-10,00
512,00;Oman;1960;512;Oman;OMN;698,00;Oman 1960;OMN60;-10,00
512,00;Oman;1961;512;Oman;OMN;698,00;Oman 1961;OMN61;-10,00
512,00;Oman;1962;512;Oman;OMN;698,00;Oman 1962;OMN62;-10,00
512,00;Oman;1963;512;Oman;OMN;698,00;Oman 1963;OMN63;-10,00
512,00;Oman;1964;512;Oman;OMN;698,00;Oman 1964;OMN64;-10,00
512,00;Oman;1965;512;Oman;OMN;698,00;Oman 1965;OMN65;-10,00
512,00;Oman;1966;512;Oman;OMN;698,00;Oman 1966;OMN66;-10,00
512,00;Oman;1967;512;Oman;OMN;698,00;Oman 1967;OMN67;-10,00
512,00;Oman;1968;512;Oman;OMN;698,00;Oman 1968;OMN68;-10,00
512,00;Oman;1969;512;Oman;OMN;698,00;Oman 1969;OMN69;-10,00
512,00;Oman;1970;512;Oman;OMN;698,00;Oman 1970;OMN70;-10,00
512,00;Oman;1971;512;Oman;OMN;698,00;Oman 1971;OMN71;-10,00
512,00;Oman;1972;512;Oman;OMN;698,00;Oman 1972;OMN72;-10,00
512,00;Oman;1973;512;Oman;OMN;698,00;Oman 1973;OMN73;-10,00
512,00;Oman;1974;512;Oman;OMN;698,00;Oman 1974;OMN74;-10,00
512,00;Oman;1975;512;Oman;OMN;698,00;Oman 1975;OMN75;-10,00
512,00;Oman;1976;512;Oman;OMN;698,00;Oman 1976;OMN76;-10,00
512,00;Oman;1977;512;Oman;OMN;698,00;Oman 1977;OMN77;-10,00
512,00;Oman;1978;512;Oman;OMN;698,00;Oman 1978;OMN78;-10,00
512,00;Oman;1979;512;Oman;OMN;698,00;Oman 1979;OMN79;-10,00
512,00;Oman;1980;512;Oman;OMN;698,00;Oman 1980;OMN80;-10,00
512,00;Oman;1981;512;Oman;OMN;698,00;Oman 1981;OMN81;-10,00
512,00;Oman;1982;512;Oman;OMN;698,00;Oman 1982;OMN82;-10,00
512,00;Oman;1983;512;Oman;OMN;698,00;Oman 1983;OMN83;-10,00
512,00;Oman;1984;512;Oman;OMN;698,00;Oman 1984;OMN84;-10,00
512,00;Oman;1985;512;Oman;OMN;698,00;Oman 1985;OMN85;-10,00
512,00;Oman;1986;512;Oman;OMN;698,00;Oman 1986;OMN86;-10,00
512,00;Oman;1987;512;Oman;OMN;698,00;Oman 1987;OMN87;-10,00
512,00;Oman;1988;512;Oman;OMN;698,00;Oman 1988;OMN88;-10,00
512,00;Oman;1989;512;Oman;OMN;698,00;Oman 1989;OMN89;-10,00
512,00;Oman;1990;512;Oman;OMN;698,00;Oman 1990;OMN90;-10,00
512,00;Oman;1991;512;Oman;OMN;698,00;Oman 1991;OMN91;-9,00
512,00;Oman;1992;512;Oman;OMN;698,00;Oman 1992;OMN92;-9,00
512,00;Oman;1993;512;Oman;OMN;698,00;Oman 1993;OMN93;-9,00
512,00;Oman;1994;512;Oman;OMN;698,00;Oman 1994;OMN94;-9,00
512,00;Oman;1995;512;Oman;OMN;698,00;Oman 1995;OMN95;-9,00
512,00;Oman;1996;512;Oman;OMN;698,00;Oman 1996;OMN96;-9,00
512,00;Oman;1997;512;Oman;OMN;698,00;Oman 1997;OMN97;-9,00
512,00;Oman;1998;512;Oman;OMN;698,00;Oman 1998;OMN98;-9,00
512,00;Oman;1999;512;Oman;OMN;698,00;Oman 1999;OMN99;-9,00
512,00;Oman;2000;512;Oman;OMN;698,00;Oman 2000;OMN00;-9,00
512,00;Oman;2001;512;Oman;OMN;698,00;Oman 2001;OMN01;-9,00
512,00;Oman;2002;512;Oman;OMN;698,00;Oman 2002;OMN02;-8,00
512,00;Oman;2003;512;Oman;OMN;698,00;Oman 2003;OMN03;-8,00
512,00;Oman;2004;512;Oman;OMN;698,00;Oman 2004;OMN04;-8,00
512,00;Oman;2005;512;Oman;OMN;698,00;Oman 2005;OMN05;-8,00
512,00;Oman;2006;512;Oman;OMN;698,00;Oman 2006;OMN06;-8,00
512,00;Oman;2007;512;Oman;OMN;698,00;Oman 2007;OMN07;-8,00
512,00;Oman;2008;512;Oman;OMN;698,00;Oman 2008;OMN08;-8,00
512,00;Oman;2009;512;Oman;OMN;698,00;Oman 2009;OMN09;-8,00
512,00;Oman;2010;512;Oman;OMN;698,00;Oman 2010;OMN10;-8,00
512,00;Oman;2011;512;Oman;OMN;698,00;Oman 2011;OMN11;-8,00
512,00;Oman;2012;512;Oman;OMN;698,00;Oman 2012;OMN12;-8,00
512,00;Oman;2013;512;Oman;OMN;698,00;Oman 2013;OMN13;-8,00
512,00;Oman;2014;512;Oman;OMN;698,00;Oman 2014;OMN14;-8,00
512,00;Oman;2015;512;Oman;OMN;698,00;Oman 2015;OMN15;-8,00
512,00;Oman;2016;512;Oman;OMN;698,00;Oman 2016;OMN16;-8,00
512,00;Oman;2017;512;Oman;OMN;698,00;Oman 2017;OMN17;-8,00
512,00;Oman;2018;512;Oman;OMN;698,00;Oman 2018;OMN18;-8,00
516,00;Namibia;1990;516;Namibia;NAM;565,00;Namibia 1990;NAM90;6,00
516,00;Namibia;1991;516;Namibia;NAM;565,00;Namibia 1991;NAM91;6,00
516,00;Namibia;1992;516;Namibia;NAM;565,00;Namibia 1992;NAM92;6,00
516,00;Namibia;1993;516;Namibia;NAM;565,00;Namibia 1993;NAM93;6,00
516,00;Namibia;1994;516;Namibia;NAM;565,00;Namibia 1994;NAM94;6,00
516,00;Namibia;1995;516;Namibia;NAM;565,00;Namibia 1995;NAM95;6,00
516,00;Namibia;1996;516;Namibia;NAM;565,00;Namibia 1996;NAM96;6,00
516,00;Namibia;1997;516;Namibia;NAM;565,00;Namibia 1997;NAM97;6,00
516,00;Namibia;1998;516;Namibia;NAM;565,00;Namibia 1998;NAM98;6,00
516,00;Namibia;1999;516;Namibia;NAM;565,00;Namibia 1999;NAM99;6,00
516,00;Namibia;2000;516;Namibia;NAM;565,00;Namibia 2000;NAM00;6,00
516,00;Namibia;2001;516;Namibia;NAM;565,00;Namibia 2001;NAM01;6,00
516,00;Namibia;2002;516;Namibia;NAM;565,00;Namibia 2002;NAM02;6,00
516,00;Namibia;2003;516;Namibia;NAM;565,00;Namibia 2003;NAM03;6,00
516,00;Namibia;2004;516;Namibia;NAM;565,00;Namibia 2004;NAM04;6,00
516,00;Namibia;2005;516;Namibia;NAM;565,00;Namibia 2005;NAM05;6,00
516,00;Namibia;2006;516;Namibia;NAM;565,00;Namibia 2006;NAM06;6,00
516,00;Namibia;2007;516;Namibia;NAM;565,00;Namibia 2007;NAM07;6,00
516,00;Namibia;2008;516;Namibia;NAM;565,00;Namibia 2008;NAM08;6,00
516,00;Namibia;2009;516;Namibia;NAM;565,00;Namibia 2009;NAM09;6,00
516,00;Namibia;2010;516;Namibia;NAM;565,00;Namibia 2010;NAM10;6,00
516,00;Namibia;2011;516;Namibia;NAM;565,00;Namibia 2011;NAM11;6,00
516,00;Namibia;2012;516;Namibia;NAM;565,00;Namibia 2012;NAM12;6,00
516,00;Namibia;2013;516;Namibia;NAM;565,00;Namibia 2013;NAM13;6,00
516,00;Namibia;2014;516;Namibia;NAM;565,00;Namibia 2014;NAM14;6,00
516,00;Namibia;2015;516;Namibia;NAM;565,00;Namibia 2015;NAM15;6,00
516,00;Namibia;2016;516;Namibia;NAM;565,00;Namibia 2016;NAM16;6,00
516,00;Namibia;2017;516;Namibia;NAM;565,00;Namibia 2017;NAM17;6,00
516,00;Namibia;2018;516;Namibia;NAM;565,00;Namibia 2018;NAM18;6,00
524,00;Nepal;1946;524;Nepal;NPL;790,00;Nepal 1946;NPL46;-3,00
524,00;Nepal;1947;524;Nepal;NPL;790,00;Nepal 1947;NPL47;-5,00
524,00;Nepal;1948;524;Nepal;NPL;790,00;Nepal 1948;NPL48;-5,00
524,00;Nepal;1949;524;Nepal;NPL;790,00;Nepal 1949;NPL49;-5,00
524,00;Nepal;1950;524;Nepal;NPL;790,00;Nepal 1950;NPL50;-5,00
524,00;Nepal;1951;524;Nepal;NPL;790,00;Nepal 1951;NPL51;-7,00
524,00;Nepal;1952;524;Nepal;NPL;790,00;Nepal 1952;NPL52;-7,00
524,00;Nepal;1953;524;Nepal;NPL;790,00;Nepal 1953;NPL53;-7,00
524,00;Nepal;1954;524;Nepal;NPL;790,00;Nepal 1954;NPL54;-7,00
524,00;Nepal;1955;524;Nepal;NPL;790,00;Nepal 1955;NPL55;-7,00
524,00;Nepal;1956;524;Nepal;NPL;790,00;Nepal 1956;NPL56;-7,00
524,00;Nepal;1957;524;Nepal;NPL;790,00;Nepal 1957;NPL57;-4,00
524,00;Nepal;1958;524;Nepal;NPL;790,00;Nepal 1958;NPL58;-1,00
524,00;Nepal;1959;524;Nepal;NPL;790,00;Nepal 1959;NPL59;2,00
524,00;Nepal;1960;524;Nepal;NPL;790,00;Nepal 1960;NPL60;-10,00
524,00;Nepal;1961;524;Nepal;NPL;790,00;Nepal 1961;NPL61;-10,00
524,00;Nepal;1962;524;Nepal;NPL;790,00;Nepal 1962;NPL62;-9,00
524,00;Nepal;1963;524;Nepal;NPL;790,00;Nepal 1963;NPL63;-9,00
524,00;Nepal;1964;524;Nepal;NPL;790,00;Nepal 1964;NPL64;-9,00
524,00;Nepal;1965;524;Nepal;NPL;790,00;Nepal 1965;NPL65;-9,00
524,00;Nepal;1966;524;Nepal;NPL;790,00;Nepal 1966;NPL66;-9,00
524,00;Nepal;1967;524;Nepal;NPL;790,00;Nepal 1967;NPL67;-9,00
524,00;Nepal;1968;524;Nepal;NPL;790,00;Nepal 1968;NPL68;-9,00
524,00;Nepal;1969;524;Nepal;NPL;790,00;Nepal 1969;NPL69;-9,00
524,00;Nepal;1970;524;Nepal;NPL;790,00;Nepal 1970;NPL70;-9,00
524,00;Nepal;1971;524;Nepal;NPL;790,00;Nepal 1971;NPL71;-9,00
524,00;Nepal;1972;524;Nepal;NPL;790,00;Nepal 1972;NPL72;-9,00
524,00;Nepal;1973;524;Nepal;NPL;790,00;Nepal 1973;NPL73;-9,00
524,00;Nepal;1974;524;Nepal;NPL;790,00;Nepal 1974;NPL74;-9,00
524,00;Nepal;1975;524;Nepal;NPL;790,00;Nepal 1975;NPL75;-9,00
524,00;Nepal;1976;524;Nepal;NPL;790,00;Nepal 1976;NPL76;-9,00
524,00;Nepal;1977;524;Nepal;NPL;790,00;Nepal 1977;NPL77;-9,00
524,00;Nepal;1978;524;Nepal;NPL;790,00;Nepal 1978;NPL78;-9,00
524,00;Nepal;1979;524;Nepal;NPL;790,00;Nepal 1979;NPL79;-9,00
524,00;Nepal;1980;524;Nepal;NPL;790,00;Nepal 1980;NPL80;-9,00
524,00;Nepal;1981;524;Nepal;NPL;790,00;Nepal 1981;NPL81;-2,00
524,00;Nepal;1982;524;Nepal;NPL;790,00;Nepal 1982;NPL82;-2,00
524,00;Nepal;1983;524;Nepal;NPL;790,00;Nepal 1983;NPL83;-2,00
524,00;Nepal;1984;524;Nepal;NPL;790,00;Nepal 1984;NPL84;-2,00
524,00;Nepal;1985;524;Nepal;NPL;790,00;Nepal 1985;NPL85;-2,00
524,00;Nepal;1986;524;Nepal;NPL;790,00;Nepal 1986;NPL86;-2,00
524,00;Nepal;1987;524;Nepal;NPL;790,00;Nepal 1987;NPL87;-2,00
524,00;Nepal;1988;524;Nepal;NPL;790,00;Nepal 1988;NPL88;-2,00
524,00;Nepal;1989;524;Nepal;NPL;790,00;Nepal 1989;NPL89;-2,00
524,00;Nepal;1990;524;Nepal;NPL;790,00;Nepal 1990;NPL90;5,00
524,00;Nepal;1991;524;Nepal;NPL;790,00;Nepal 1991;NPL91;5,00
524,00;Nepal;1992;524;Nepal;NPL;790,00;Nepal 1992;NPL92;5,00
524,00;Nepal;1993;524;Nepal;NPL;790,00;Nepal 1993;NPL93;5,00
524,00;Nepal;1994;524;Nepal;NPL;790,00;Nepal 1994;NPL94;5,00
524,00;Nepal;1995;524;Nepal;NPL;790,00;Nepal 1995;NPL95;5,00
524,00;Nepal;1996;524;Nepal;NPL;790,00;Nepal 1996;NPL96;5,00
524,00;Nepal;1997;524;Nepal;NPL;790,00;Nepal 1997;NPL97;5,00
524,00;Nepal;1998;524;Nepal;NPL;790,00;Nepal 1998;NPL98;5,00
524,00;Nepal;1999;524;Nepal;NPL;790,00;Nepal 1999;NPL99;6,00
524,00;Nepal;2000;524;Nepal;NPL;790,00;Nepal 2000;NPL00;6,00
524,00;Nepal;2001;524;Nepal;NPL;790,00;Nepal 2001;NPL01;6,00
524,00;Nepal;2002;524;Nepal;NPL;790,00;Nepal 2002;NPL02;-6,00
524,00;Nepal;2003;524;Nepal;NPL;790,00;Nepal 2003;NPL03;-6,00
524,00;Nepal;2004;524;Nepal;NPL;790,00;Nepal 2004;NPL04;-6,00
524,00;Nepal;2005;524;Nepal;NPL;790,00;Nepal 2005;NPL05;-6,00
524,00;Nepal;2006;524;Nepal;NPL;790,00;Nepal 2006;NPL06;6,00
524,00;Nepal;2007;524;Nepal;NPL;790,00;Nepal 2007;NPL07;6,00
524,00;Nepal;2008;524;Nepal;NPL;790,00;Nepal 2008;NPL08;6,00
524,00;Nepal;2009;524;Nepal;NPL;790,00;Nepal 2009;NPL09;6,00
524,00;Nepal;2010;524;Nepal;NPL;790,00;Nepal 2010;NPL10;6,00
524,00;Nepal;2011;524;Nepal;NPL;790,00;Nepal 2011;NPL11;6,00
524,00;Nepal;2012;524;Nepal;NPL;790,00;Nepal 2012;NPL12;6,00
524,00;Nepal;2013;524;Nepal;NPL;790,00;Nepal 2013;NPL13;6,00
524,00;Nepal;2014;524;Nepal;NPL;790,00;Nepal 2014;NPL14;6,00
524,00;Nepal;2015;524;Nepal;NPL;790,00;Nepal 2015;NPL15;6,00
524,00;Nepal;2016;524;Nepal;NPL;790,00;Nepal 2016;NPL16;6,00
524,00;Nepal;2017;524;Nepal;NPL;790,00;Nepal 2017;NPL17;6,00
524,00;Nepal;2018;524;Nepal;NPL;790,00;Nepal 2018;NPL18;7,00
528,00;Netherlands (the);1946;528;Netherlands;NLD;210,00;Netherlands 1946;NLD46;10,00
528,00;Netherlands (the);1947;528;Netherlands;NLD;210,00;Netherlands 1947;NLD47;10,00
528,00;Netherlands (the);1948;528;Netherlands;NLD;210,00;Netherlands 1948;NLD48;10,00
528,00;Netherlands (the);1949;528;Netherlands;NLD;210,00;Netherlands 1949;NLD49;10,00
528,00;Netherlands (the);1950;528;Netherlands;NLD;210,00;Netherlands 1950;NLD50;10,00
528,00;Netherlands (the);1951;528;Netherlands;NLD;210,00;Netherlands 1951;NLD51;10,00
528,00;Netherlands (the);1952;528;Netherlands;NLD;210,00;Netherlands 1952;NLD52;10,00
528,00;Netherlands (the);1953;528;Netherlands;NLD;210,00;Netherlands 1953;NLD53;10,00
528,00;Netherlands (the);1954;528;Netherlands;NLD;210,00;Netherlands 1954;NLD54;10,00
528,00;Netherlands (the);1955;528;Netherlands;NLD;210,00;Netherlands 1955;NLD55;10,00
528,00;Netherlands (the);1956;528;Netherlands;NLD;210,00;Netherlands 1956;NLD56;10,00
528,00;Netherlands (the);1957;528;Netherlands;NLD;210,00;Netherlands 1957;NLD57;10,00
528,00;Netherlands (the);1958;528;Netherlands;NLD;210,00;Netherlands 1958;NLD58;10,00
528,00;Netherlands (the);1959;528;Netherlands;NLD;210,00;Netherlands 1959;NLD59;10,00
528,00;Netherlands (the);1960;528;Netherlands;NLD;210,00;Netherlands 1960;NLD60;10,00
528,00;Netherlands (the);1961;528;Netherlands;NLD;210,00;Netherlands 1961;NLD61;10,00
528,00;Netherlands (the);1962;528;Netherlands;NLD;210,00;Netherlands 1962;NLD62;10,00
528,00;Netherlands (the);1963;528;Netherlands;NLD;210,00;Netherlands 1963;NLD63;10,00
528,00;Netherlands (the);1964;528;Netherlands;NLD;210,00;Netherlands 1964;NLD64;10,00
528,00;Netherlands (the);1965;528;Netherlands;NLD;210,00;Netherlands 1965;NLD65;10,00
528,00;Netherlands (the);1966;528;Netherlands;NLD;210,00;Netherlands 1966;NLD66;10,00
528,00;Netherlands (the);1967;528;Netherlands;NLD;210,00;Netherlands 1967;NLD67;10,00
528,00;Netherlands (the);1968;528;Netherlands;NLD;210,00;Netherlands 1968;NLD68;10,00
528,00;Netherlands (the);1969;528;Netherlands;NLD;210,00;Netherlands 1969;NLD69;10,00
528,00;Netherlands (the);1970;528;Netherlands;NLD;210,00;Netherlands 1970;NLD70;10,00
528,00;Netherlands (the);1971;528;Netherlands;NLD;210,00;Netherlands 1971;NLD71;10,00
528,00;Netherlands (the);1972;528;Netherlands;NLD;210,00;Netherlands 1972;NLD72;10,00
528,00;Netherlands (the);1973;528;Netherlands;NLD;210,00;Netherlands 1973;NLD73;10,00
528,00;Netherlands (the);1974;528;Netherlands;NLD;210,00;Netherlands 1974;NLD74;10,00
528,00;Netherlands (the);1975;528;Netherlands;NLD;210,00;Netherlands 1975;NLD75;10,00
528,00;Netherlands (the);1976;528;Netherlands;NLD;210,00;Netherlands 1976;NLD76;10,00
528,00;Netherlands (the);1977;528;Netherlands;NLD;210,00;Netherlands 1977;NLD77;10,00
528,00;Netherlands (the);1978;528;Netherlands;NLD;210,00;Netherlands 1978;NLD78;10,00
528,00;Netherlands (the);1979;528;Netherlands;NLD;210,00;Netherlands 1979;NLD79;10,00
528,00;Netherlands (the);1980;528;Netherlands;NLD;210,00;Netherlands 1980;NLD80;10,00
528,00;Netherlands (the);1981;528;Netherlands;NLD;210,00;Netherlands 1981;NLD81;10,00
528,00;Netherlands (the);1982;528;Netherlands;NLD;210,00;Netherlands 1982;NLD82;10,00
528,00;Netherlands (the);1983;528;Netherlands;NLD;210,00;Netherlands 1983;NLD83;10,00
528,00;Netherlands (the);1984;528;Netherlands;NLD;210,00;Netherlands 1984;NLD84;10,00
528,00;Netherlands (the);1985;528;Netherlands;NLD;210,00;Netherlands 1985;NLD85;10,00
528,00;Netherlands (the);1986;528;Netherlands;NLD;210,00;Netherlands 1986;NLD86;10,00
528,00;Netherlands (the);1987;528;Netherlands;NLD;210,00;Netherlands 1987;NLD87;10,00
528,00;Netherlands (the);1988;528;Netherlands;NLD;210,00;Netherlands 1988;NLD88;10,00
528,00;Netherlands (the);1989;528;Netherlands;NLD;210,00;Netherlands 1989;NLD89;10,00
528,00;Netherlands (the);1990;528;Netherlands;NLD;210,00;Netherlands 1990;NLD90;10,00
528,00;Netherlands (the);1991;528;Netherlands;NLD;210,00;Netherlands 1991;NLD91;10,00
528,00;Netherlands (the);1992;528;Netherlands;NLD;210,00;Netherlands 1992;NLD92;10,00
528,00;Netherlands (the);1993;528;Netherlands;NLD;210,00;Netherlands 1993;NLD93;10,00
528,00;Netherlands (the);1994;528;Netherlands;NLD;210,00;Netherlands 1994;NLD94;10,00
528,00;Netherlands (the);1995;528;Netherlands;NLD;210,00;Netherlands 1995;NLD95;10,00
528,00;Netherlands (the);1996;528;Netherlands;NLD;210,00;Netherlands 1996;NLD96;10,00
528,00;Netherlands (the);1997;528;Netherlands;NLD;210,00;Netherlands 1997;NLD97;10,00
528,00;Netherlands (the);1998;528;Netherlands;NLD;210,00;Netherlands 1998;NLD98;10,00
528,00;Netherlands (the);1999;528;Netherlands;NLD;210,00;Netherlands 1999;NLD99;10,00
528,00;Netherlands (the);2000;528;Netherlands;NLD;210,00;Netherlands 2000;NLD00;10,00
528,00;Netherlands (the);2001;528;Netherlands;NLD;210,00;Netherlands 2001;NLD01;10,00
528,00;Netherlands (the);2002;528;Netherlands;NLD;210,00;Netherlands 2002;NLD02;10,00
528,00;Netherlands (the);2003;528;Netherlands;NLD;210,00;Netherlands 2003;NLD03;10,00
528,00;Netherlands (the);2004;528;Netherlands;NLD;210,00;Netherlands 2004;NLD04;10,00
528,00;Netherlands (the);2005;528;Netherlands;NLD;210,00;Netherlands 2005;NLD05;10,00
528,00;Netherlands (the);2006;528;Netherlands;NLD;210,00;Netherlands 2006;NLD06;10,00
528,00;Netherlands (the);2007;528;Netherlands;NLD;210,00;Netherlands 2007;NLD07;10,00
528,00;Netherlands (the);2008;528;Netherlands;NLD;210,00;Netherlands 2008;NLD08;10,00
528,00;Netherlands (the);2009;528;Netherlands;NLD;210,00;Netherlands 2009;NLD09;10,00
528,00;Netherlands (the);2010;528;Netherlands;NLD;210,00;Netherlands 2010;NLD10;10,00
528,00;Netherlands (the);2011;528;Netherlands;NLD;210,00;Netherlands 2011;NLD11;10,00
528,00;Netherlands (the);2012;528;Netherlands;NLD;210,00;Netherlands 2012;NLD12;10,00
528,00;Netherlands (the);2013;528;Netherlands;NLD;210,00;Netherlands 2013;NLD13;10,00
528,00;Netherlands (the);2014;528;Netherlands;NLD;210,00;Netherlands 2014;NLD14;10,00
528,00;Netherlands (the);2015;528;Netherlands;NLD;210,00;Netherlands 2015;NLD15;10,00
528,00;Netherlands (the);2016;528;Netherlands;NLD;210,00;Netherlands 2016;NLD16;10,00
528,00;Netherlands (the);2017;528;Netherlands;NLD;210,00;Netherlands 2017;NLD17;10,00
528,00;Netherlands (the);2018;528;Netherlands;NLD;210,00;Netherlands 2018;NLD18;10,00
554,00;New Zealand;1948;554;New Zealand;NZL;920,00;New Zealand 1948;NZL48;10,00
554,00;New Zealand;1949;554;New Zealand;NZL;920,00;New Zealand 1949;NZL49;10,00
554,00;New Zealand;1950;554;New Zealand;NZL;920,00;New Zealand 1950;NZL50;10,00
554,00;New Zealand;1951;554;New Zealand;NZL;920,00;New Zealand 1951;NZL51;10,00
554,00;New Zealand;1952;554;New Zealand;NZL;920,00;New Zealand 1952;NZL52;10,00
554,00;New Zealand;1953;554;New Zealand;NZL;920,00;New Zealand 1953;NZL53;10,00
554,00;New Zealand;1954;554;New Zealand;NZL;920,00;New Zealand 1954;NZL54;10,00
554,00;New Zealand;1955;554;New Zealand;NZL;920,00;New Zealand 1955;NZL55;10,00
554,00;New Zealand;1956;554;New Zealand;NZL;920,00;New Zealand 1956;NZL56;10,00
554,00;New Zealand;1957;554;New Zealand;NZL;920,00;New Zealand 1957;NZL57;10,00
554,00;New Zealand;1958;554;New Zealand;NZL;920,00;New Zealand 1958;NZL58;10,00
554,00;New Zealand;1959;554;New Zealand;NZL;920,00;New Zealand 1959;NZL59;10,00
554,00;New Zealand;1960;554;New Zealand;NZL;920,00;New Zealand 1960;NZL60;10,00
554,00;New Zealand;1961;554;New Zealand;NZL;920,00;New Zealand 1961;NZL61;10,00
554,00;New Zealand;1962;554;New Zealand;NZL;920,00;New Zealand 1962;NZL62;10,00
554,00;New Zealand;1963;554;New Zealand;NZL;920,00;New Zealand 1963;NZL63;10,00
554,00;New Zealand;1964;554;New Zealand;NZL;920,00;New Zealand 1964;NZL64;10,00
554,00;New Zealand;1965;554;New Zealand;NZL;920,00;New Zealand 1965;NZL65;10,00
554,00;New Zealand;1966;554;New Zealand;NZL;920,00;New Zealand 1966;NZL66;10,00
554,00;New Zealand;1967;554;New Zealand;NZL;920,00;New Zealand 1967;NZL67;10,00
554,00;New Zealand;1968;554;New Zealand;NZL;920,00;New Zealand 1968;NZL68;10,00
554,00;New Zealand;1969;554;New Zealand;NZL;920,00;New Zealand 1969;NZL69;10,00
554,00;New Zealand;1970;554;New Zealand;NZL;920,00;New Zealand 1970;NZL70;10,00
554,00;New Zealand;1971;554;New Zealand;NZL;920,00;New Zealand 1971;NZL71;10,00
554,00;New Zealand;1972;554;New Zealand;NZL;920,00;New Zealand 1972;NZL72;10,00
554,00;New Zealand;1973;554;New Zealand;NZL;920,00;New Zealand 1973;NZL73;10,00
554,00;New Zealand;1974;554;New Zealand;NZL;920,00;New Zealand 1974;NZL74;10,00
554,00;New Zealand;1975;554;New Zealand;NZL;920,00;New Zealand 1975;NZL75;10,00
554,00;New Zealand;1976;554;New Zealand;NZL;920,00;New Zealand 1976;NZL76;10,00
554,00;New Zealand;1977;554;New Zealand;NZL;920,00;New Zealand 1977;NZL77;10,00
554,00;New Zealand;1978;554;New Zealand;NZL;920,00;New Zealand 1978;NZL78;10,00
554,00;New Zealand;1979;554;New Zealand;NZL;920,00;New Zealand 1979;NZL79;10,00
554,00;New Zealand;1980;554;New Zealand;NZL;920,00;New Zealand 1980;NZL80;10,00
554,00;New Zealand;1981;554;New Zealand;NZL;920,00;New Zealand 1981;NZL81;10,00
554,00;New Zealand;1982;554;New Zealand;NZL;920,00;New Zealand 1982;NZL82;10,00
554,00;New Zealand;1983;554;New Zealand;NZL;920,00;New Zealand 1983;NZL83;10,00
554,00;New Zealand;1984;554;New Zealand;NZL;920,00;New Zealand 1984;NZL84;10,00
554,00;New Zealand;1985;554;New Zealand;NZL;920,00;New Zealand 1985;NZL85;10,00
554,00;New Zealand;1986;554;New Zealand;NZL;920,00;New Zealand 1986;NZL86;10,00
554,00;New Zealand;1987;554;New Zealand;NZL;920,00;New Zealand 1987;NZL87;10,00
554,00;New Zealand;1988;554;New Zealand;NZL;920,00;New Zealand 1988;NZL88;10,00
554,00;New Zealand;1989;554;New Zealand;NZL;920,00;New Zealand 1989;NZL89;10,00
554,00;New Zealand;1990;554;New Zealand;NZL;920,00;New Zealand 1990;NZL90;10,00
554,00;New Zealand;1991;554;New Zealand;NZL;920,00;New Zealand 1991;NZL91;10,00
554,00;New Zealand;1992;554;New Zealand;NZL;920,00;New Zealand 1992;NZL92;10,00
554,00;New Zealand;1993;554;New Zealand;NZL;920,00;New Zealand 1993;NZL93;10,00
554,00;New Zealand;1994;554;New Zealand;NZL;920,00;New Zealand 1994;NZL94;10,00
554,00;New Zealand;1995;554;New Zealand;NZL;920,00;New Zealand 1995;NZL95;10,00
554,00;New Zealand;1996;554;New Zealand;NZL;920,00;New Zealand 1996;NZL96;10,00
554,00;New Zealand;1997;554;New Zealand;NZL;920,00;New Zealand 1997;NZL97;10,00
554,00;New Zealand;1998;554;New Zealand;NZL;920,00;New Zealand 1998;NZL98;10,00
554,00;New Zealand;1999;554;New Zealand;NZL;920,00;New Zealand 1999;NZL99;10,00
554,00;New Zealand;2000;554;New Zealand;NZL;920,00;New Zealand 2000;NZL00;10,00
554,00;New Zealand;2001;554;New Zealand;NZL;920,00;New Zealand 2001;NZL01;10,00
554,00;New Zealand;2002;554;New Zealand;NZL;920,00;New Zealand 2002;NZL02;10,00
554,00;New Zealand;2003;554;New Zealand;NZL;920,00;New Zealand 2003;NZL03;10,00
554,00;New Zealand;2004;554;New Zealand;NZL;920,00;New Zealand 2004;NZL04;10,00
554,00;New Zealand;2005;554;New Zealand;NZL;920,00;New Zealand 2005;NZL05;10,00
554,00;New Zealand;2006;554;New Zealand;NZL;920,00;New Zealand 2006;NZL06;10,00
554,00;New Zealand;2007;554;New Zealand;NZL;920,00;New Zealand 2007;NZL07;10,00
554,00;New Zealand;2008;554;New Zealand;NZL;920,00;New Zealand 2008;NZL08;10,00
554,00;New Zealand;2009;554;New Zealand;NZL;920,00;New Zealand 2009;NZL09;10,00
554,00;New Zealand;2010;554;New Zealand;NZL;920,00;New Zealand 2010;NZL10;10,00
554,00;New Zealand;2011;554;New Zealand;NZL;920,00;New Zealand 2011;NZL11;10,00
554,00;New Zealand;2012;554;New Zealand;NZL;920,00;New Zealand 2012;NZL12;10,00
554,00;New Zealand;2013;554;New Zealand;NZL;920,00;New Zealand 2013;NZL13;10,00
554,00;New Zealand;2014;554;New Zealand;NZL;920,00;New Zealand 2014;NZL14;10,00
554,00;New Zealand;2015;554;New Zealand;NZL;920,00;New Zealand 2015;NZL15;10,00
554,00;New Zealand;2016;554;New Zealand;NZL;920,00;New Zealand 2016;NZL16;10,00
554,00;New Zealand;2017;554;New Zealand;NZL;920,00;New Zealand 2017;NZL17;10,00
554,00;New Zealand;2018;554;New Zealand;NZL;920,00;New Zealand 2018;NZL18;10,00
558,00;Nicaragua;1946;558;Nicaragua;NIC;93,00;Nicaragua 1946;NIC46;-8,00
558,00;Nicaragua;1947;558;Nicaragua;NIC;93,00;Nicaragua 1947;NIC47;-8,00
558,00;Nicaragua;1948;558;Nicaragua;NIC;93,00;Nicaragua 1948;NIC48;-8,00
558,00;Nicaragua;1949;558;Nicaragua;NIC;93,00;Nicaragua 1949;NIC49;-8,00
558,00;Nicaragua;1950;558;Nicaragua;NIC;93,00;Nicaragua 1950;NIC50;-8,00
558,00;Nicaragua;1951;558;Nicaragua;NIC;93,00;Nicaragua 1951;NIC51;-8,00
558,00;Nicaragua;1952;558;Nicaragua;NIC;93,00;Nicaragua 1952;NIC52;-8,00
558,00;Nicaragua;1953;558;Nicaragua;NIC;93,00;Nicaragua 1953;NIC53;-8,00
558,00;Nicaragua;1954;558;Nicaragua;NIC;93,00;Nicaragua 1954;NIC54;-8,00
558,00;Nicaragua;1955;558;Nicaragua;NIC;93,00;Nicaragua 1955;NIC55;-8,00
558,00;Nicaragua;1956;558;Nicaragua;NIC;93,00;Nicaragua 1956;NIC56;-8,00
558,00;Nicaragua;1957;558;Nicaragua;NIC;93,00;Nicaragua 1957;NIC57;-8,00
558,00;Nicaragua;1958;558;Nicaragua;NIC;93,00;Nicaragua 1958;NIC58;-8,00
558,00;Nicaragua;1959;558;Nicaragua;NIC;93,00;Nicaragua 1959;NIC59;-8,00
558,00;Nicaragua;1960;558;Nicaragua;NIC;93,00;Nicaragua 1960;NIC60;-8,00
558,00;Nicaragua;1961;558;Nicaragua;NIC;93,00;Nicaragua 1961;NIC61;-8,00
558,00;Nicaragua;1962;558;Nicaragua;NIC;93,00;Nicaragua 1962;NIC62;-8,00
558,00;Nicaragua;1963;558;Nicaragua;NIC;93,00;Nicaragua 1963;NIC63;-8,00
558,00;Nicaragua;1964;558;Nicaragua;NIC;93,00;Nicaragua 1964;NIC64;-8,00
558,00;Nicaragua;1965;558;Nicaragua;NIC;93,00;Nicaragua 1965;NIC65;-8,00
558,00;Nicaragua;1966;558;Nicaragua;NIC;93,00;Nicaragua 1966;NIC66;-8,00
558,00;Nicaragua;1967;558;Nicaragua;NIC;93,00;Nicaragua 1967;NIC67;-8,00
558,00;Nicaragua;1968;558;Nicaragua;NIC;93,00;Nicaragua 1968;NIC68;-8,00
558,00;Nicaragua;1969;558;Nicaragua;NIC;93,00;Nicaragua 1969;NIC69;-8,00
558,00;Nicaragua;1970;558;Nicaragua;NIC;93,00;Nicaragua 1970;NIC70;-8,00
558,00;Nicaragua;1971;558;Nicaragua;NIC;93,00;Nicaragua 1971;NIC71;-8,00
558,00;Nicaragua;1972;558;Nicaragua;NIC;93,00;Nicaragua 1972;NIC72;-8,00
558,00;Nicaragua;1973;558;Nicaragua;NIC;93,00;Nicaragua 1973;NIC73;-8,00
558,00;Nicaragua;1974;558;Nicaragua;NIC;93,00;Nicaragua 1974;NIC74;-8,00
558,00;Nicaragua;1975;558;Nicaragua;NIC;93,00;Nicaragua 1975;NIC75;-8,00
558,00;Nicaragua;1976;558;Nicaragua;NIC;93,00;Nicaragua 1976;NIC76;-8,00
558,00;Nicaragua;1977;558;Nicaragua;NIC;93,00;Nicaragua 1977;NIC77;-8,00
558,00;Nicaragua;1978;558;Nicaragua;NIC;93,00;Nicaragua 1978;NIC78;-8,00
558,00;Nicaragua;1979;558;Nicaragua;NIC;93,00;Nicaragua 1979;NIC79;-3,00
558,00;Nicaragua;1980;558;Nicaragua;NIC;93,00;Nicaragua 1980;NIC80;-3,00
558,00;Nicaragua;1981;558;Nicaragua;NIC;93,00;Nicaragua 1981;NIC81;-5,00
558,00;Nicaragua;1982;558;Nicaragua;NIC;93,00;Nicaragua 1982;NIC82;-5,00
558,00;Nicaragua;1983;558;Nicaragua;NIC;93,00;Nicaragua 1983;NIC83;-5,00
558,00;Nicaragua;1984;558;Nicaragua;NIC;93,00;Nicaragua 1984;NIC84;-1,00
558,00;Nicaragua;1985;558;Nicaragua;NIC;93,00;Nicaragua 1985;NIC85;-1,00
558,00;Nicaragua;1986;558;Nicaragua;NIC;93,00;Nicaragua 1986;NIC86;-1,00
558,00;Nicaragua;1987;558;Nicaragua;NIC;93,00;Nicaragua 1987;NIC87;-1,00
558,00;Nicaragua;1988;558;Nicaragua;NIC;93,00;Nicaragua 1988;NIC88;-1,00
558,00;Nicaragua;1989;558;Nicaragua;NIC;93,00;Nicaragua 1989;NIC89;-1,00
558,00;Nicaragua;1990;558;Nicaragua;NIC;93,00;Nicaragua 1990;NIC90;6,00
558,00;Nicaragua;1991;558;Nicaragua;NIC;93,00;Nicaragua 1991;NIC91;6,00
558,00;Nicaragua;1992;558;Nicaragua;NIC;93,00;Nicaragua 1992;NIC92;6,00
558,00;Nicaragua;1993;558;Nicaragua;NIC;93,00;Nicaragua 1993;NIC93;6,00
558,00;Nicaragua;1994;558;Nicaragua;NIC;93,00;Nicaragua 1994;NIC94;6,00
558,00;Nicaragua;1995;558;Nicaragua;NIC;93,00;Nicaragua 1995;NIC95;8,00
558,00;Nicaragua;1996;558;Nicaragua;NIC;93,00;Nicaragua 1996;NIC96;8,00
558,00;Nicaragua;1997;558;Nicaragua;NIC;93,00;Nicaragua 1997;NIC97;8,00
558,00;Nicaragua;1998;558;Nicaragua;NIC;93,00;Nicaragua 1998;NIC98;8,00
558,00;Nicaragua;1999;558;Nicaragua;NIC;93,00;Nicaragua 1999;NIC99;8,00
558,00;Nicaragua;2000;558;Nicaragua;NIC;93,00;Nicaragua 2000;NIC00;8,00
558,00;Nicaragua;2001;558;Nicaragua;NIC;93,00;Nicaragua 2001;NIC01;8,00
558,00;Nicaragua;2002;558;Nicaragua;NIC;93,00;Nicaragua 2002;NIC02;8,00
558,00;Nicaragua;2003;558;Nicaragua;NIC;93,00;Nicaragua 2003;NIC03;8,00
558,00;Nicaragua;2004;558;Nicaragua;NIC;93,00;Nicaragua 2004;NIC04;8,00
558,00;Nicaragua;2005;558;Nicaragua;NIC;93,00;Nicaragua 2005;NIC05;8,00
558,00;Nicaragua;2006;558;Nicaragua;NIC;93,00;Nicaragua 2006;NIC06;8,00
558,00;Nicaragua;2007;558;Nicaragua;NIC;93,00;Nicaragua 2007;NIC07;9,00
558,00;Nicaragua;2008;558;Nicaragua;NIC;93,00;Nicaragua 2008;NIC08;9,00
558,00;Nicaragua;2009;558;Nicaragua;NIC;93,00;Nicaragua 2009;NIC09;9,00
558,00;Nicaragua;2010;558;Nicaragua;NIC;93,00;Nicaragua 2010;NIC10;9,00
558,00;Nicaragua;2011;558;Nicaragua;NIC;93,00;Nicaragua 2011;NIC11;9,00
558,00;Nicaragua;2012;558;Nicaragua;NIC;93,00;Nicaragua 2012;NIC12;9,00
558,00;Nicaragua;2013;558;Nicaragua;NIC;93,00;Nicaragua 2013;NIC13;9,00
558,00;Nicaragua;2014;558;Nicaragua;NIC;93,00;Nicaragua 2014;NIC14;9,00
558,00;Nicaragua;2015;558;Nicaragua;NIC;93,00;Nicaragua 2015;NIC15;9,00
558,00;Nicaragua;2016;558;Nicaragua;NIC;93,00;Nicaragua 2016;NIC16;6,00
558,00;Nicaragua;2017;558;Nicaragua;NIC;93,00;Nicaragua 2017;NIC17;6,00
558,00;Nicaragua;2018;558;Nicaragua;NIC;93,00;Nicaragua 2018;NIC18;6,00
562,00;Niger (the);1961;562;Niger;NER;436,00;Niger 1961;NER61;-3,00
562,00;Niger (the);1962;562;Niger;NER;436,00;Niger 1962;NER62;-3,00
562,00;Niger (the);1963;562;Niger;NER;436,00;Niger 1963;NER63;-3,00
562,00;Niger (the);1964;562;Niger;NER;436,00;Niger 1964;NER64;-3,00
562,00;Niger (the);1965;562;Niger;NER;436,00;Niger 1965;NER65;-3,00
562,00;Niger (the);1966;562;Niger;NER;436,00;Niger 1966;NER66;-3,00
562,00;Niger (the);1967;562;Niger;NER;436,00;Niger 1967;NER67;-3,00
562,00;Niger (the);1968;562;Niger;NER;436,00;Niger 1968;NER68;-3,00
562,00;Niger (the);1969;562;Niger;NER;436,00;Niger 1969;NER69;-3,00
562,00;Niger (the);1970;562;Niger;NER;436,00;Niger 1970;NER70;-3,00
562,00;Niger (the);1971;562;Niger;NER;436,00;Niger 1971;NER71;-3,00
562,00;Niger (the);1972;562;Niger;NER;436,00;Niger 1972;NER72;-3,00
562,00;Niger (the);1973;562;Niger;NER;436,00;Niger 1973;NER73;-3,00
562,00;Niger (the);1974;562;Niger;NER;436,00;Niger 1974;NER74;-7,00
562,00;Niger (the);1975;562;Niger;NER;436,00;Niger 1975;NER75;-7,00
562,00;Niger (the);1976;562;Niger;NER;436,00;Niger 1976;NER76;-7,00
562,00;Niger (the);1977;562;Niger;NER;436,00;Niger 1977;NER77;-7,00
562,00;Niger (the);1978;562;Niger;NER;436,00;Niger 1978;NER78;-7,00
562,00;Niger (the);1979;562;Niger;NER;436,00;Niger 1979;NER79;-7,00
562,00;Niger (the);1980;562;Niger;NER;436,00;Niger 1980;NER80;-7,00
562,00;Niger (the);1981;562;Niger;NER;436,00;Niger 1981;NER81;-7,00
562,00;Niger (the);1982;562;Niger;NER;436,00;Niger 1982;NER82;-7,00
562,00;Niger (the);1983;562;Niger;NER;436,00;Niger 1983;NER83;-7,00
562,00;Niger (the);1984;562;Niger;NER;436,00;Niger 1984;NER84;-7,00
562,00;Niger (the);1985;562;Niger;NER;436,00;Niger 1985;NER85;-7,00
562,00;Niger (the);1986;562;Niger;NER;436,00;Niger 1986;NER86;-7,00
562,00;Niger (the);1987;562;Niger;NER;436,00;Niger 1987;NER87;-6,00
562,00;Niger (the);1988;562;Niger;NER;436,00;Niger 1988;NER88;-6,00
562,00;Niger (the);1989;562;Niger;NER;436,00;Niger 1989;NER89;-6,00
562,00;Niger (the);1990;562;Niger;NER;436,00;Niger 1990;NER90;-4,00
562,00;Niger (the);1991;562;Niger;NER;436,00;Niger 1991;NER91;-1,00
562,00;Niger (the);1992;562;Niger;NER;436,00;Niger 1992;NER92;3,00
562,00;Niger (the);1993;562;Niger;NER;436,00;Niger 1993;NER93;6,00
562,00;Niger (the);1994;562;Niger;NER;436,00;Niger 1994;NER94;6,00
562,00;Niger (the);1995;562;Niger;NER;436,00;Niger 1995;NER95;6,00
562,00;Niger (the);1996;562;Niger;NER;436,00;Niger 1996;NER96;-3,00
562,00;Niger (the);1997;562;Niger;NER;436,00;Niger 1997;NER97;-3,00
562,00;Niger (the);1998;562;Niger;NER;436,00;Niger 1998;NER98;-3,00
562,00;Niger (the);1999;562;Niger;NER;436,00;Niger 1999;NER99;5,00
562,00;Niger (the);2000;562;Niger;NER;436,00;Niger 2000;NER00;5,00
562,00;Niger (the);2001;562;Niger;NER;436,00;Niger 2001;NER01;5,00
562,00;Niger (the);2002;562;Niger;NER;436,00;Niger 2002;NER02;5,00
562,00;Niger (the);2003;562;Niger;NER;436,00;Niger 2003;NER03;5,00
562,00;Niger (the);2004;562;Niger;NER;436,00;Niger 2004;NER04;6,00
562,00;Niger (the);2005;562;Niger;NER;436,00;Niger 2005;NER05;6,00
562,00;Niger (the);2006;562;Niger;NER;436,00;Niger 2006;NER06;6,00
562,00;Niger (the);2007;562;Niger;NER;436,00;Niger 2007;NER07;6,00
562,00;Niger (the);2008;562;Niger;NER;436,00;Niger 2008;NER08;6,00
562,00;Niger (the);2009;562;Niger;NER;436,00;Niger 2009;NER09;-3,00
562,00;Niger (the);2010;562;Niger;NER;436,00;Niger 2010;NER10;3,00
562,00;Niger (the);2011;562;Niger;NER;436,00;Niger 2011;NER11;6,00
562,00;Niger (the);2012;562;Niger;NER;436,00;Niger 2012;NER12;6,00
562,00;Niger (the);2013;562;Niger;NER;436,00;Niger 2013;NER13;6,00
562,00;Niger (the);2014;562;Niger;NER;436,00;Niger 2014;NER14;6,00
562,00;Niger (the);2015;562;Niger;NER;436,00;Niger 2015;NER15;6,00
562,00;Niger (the);2016;562;Niger;NER;436,00;Niger 2016;NER16;5,00
562,00;Niger (the);2017;562;Niger;NER;436,00;Niger 2017;NER17;5,00
562,00;Niger (the);2018;562;Niger;NER;436,00;Niger 2018;NER18;5,00
566,00;Nigeria;1961;566;Nigeria;NGA;475,00;Nigeria 1961;NGA61;8,00
566,00;Nigeria;1962;566;Nigeria;NGA;475,00;Nigeria 1962;NGA62;8,00
566,00;Nigeria;1963;566;Nigeria;NGA;475,00;Nigeria 1963;NGA63;8,00
566,00;Nigeria;1964;566;Nigeria;NGA;475,00;Nigeria 1964;NGA64;7,00
566,00;Nigeria;1965;566;Nigeria;NGA;475,00;Nigeria 1965;NGA65;7,00
566,00;Nigeria;1966;566;Nigeria;NGA;475,00;Nigeria 1966;NGA66;-7,00
566,00;Nigeria;1967;566;Nigeria;NGA;475,00;Nigeria 1967;NGA67;-7,00
566,00;Nigeria;1968;566;Nigeria;NGA;475,00;Nigeria 1968;NGA68;-7,00
566,00;Nigeria;1969;566;Nigeria;NGA;475,00;Nigeria 1969;NGA69;-7,00
566,00;Nigeria;1970;566;Nigeria;NGA;475,00;Nigeria 1970;NGA70;-7,00
566,00;Nigeria;1971;566;Nigeria;NGA;475,00;Nigeria 1971;NGA71;-7,00
566,00;Nigeria;1972;566;Nigeria;NGA;475,00;Nigeria 1972;NGA72;-7,00
566,00;Nigeria;1973;566;Nigeria;NGA;475,00;Nigeria 1973;NGA73;-7,00
566,00;Nigeria;1974;566;Nigeria;NGA;475,00;Nigeria 1974;NGA74;-7,00
566,00;Nigeria;1975;566;Nigeria;NGA;475,00;Nigeria 1975;NGA75;-7,00
566,00;Nigeria;1976;566;Nigeria;NGA;475,00;Nigeria 1976;NGA76;-7,00
566,00;Nigeria;1977;566;Nigeria;NGA;475,00;Nigeria 1977;NGA77;-7,00
566,00;Nigeria;1978;566;Nigeria;NGA;475,00;Nigeria 1978;NGA78;0,00
566,00;Nigeria;1979;566;Nigeria;NGA;475,00;Nigeria 1979;NGA79;7,00
566,00;Nigeria;1980;566;Nigeria;NGA;475,00;Nigeria 1980;NGA80;7,00
566,00;Nigeria;1981;566;Nigeria;NGA;475,00;Nigeria 1981;NGA81;7,00
566,00;Nigeria;1982;566;Nigeria;NGA;475,00;Nigeria 1982;NGA82;7,00
566,00;Nigeria;1983;566;Nigeria;NGA;475,00;Nigeria 1983;NGA83;7,00
566,00;Nigeria;1984;566;Nigeria;NGA;475,00;Nigeria 1984;NGA84;-7,00
566,00;Nigeria;1985;566;Nigeria;NGA;475,00;Nigeria 1985;NGA85;-7,00
566,00;Nigeria;1986;566;Nigeria;NGA;475,00;Nigeria 1986;NGA86;-7,00
566,00;Nigeria;1987;566;Nigeria;NGA;475,00;Nigeria 1987;NGA87;-7,00
566,00;Nigeria;1988;566;Nigeria;NGA;475,00;Nigeria 1988;NGA88;-7,00
566,00;Nigeria;1989;566;Nigeria;NGA;475,00;Nigeria 1989;NGA89;-5,00
566,00;Nigeria;1990;566;Nigeria;NGA;475,00;Nigeria 1990;NGA90;-5,00
566,00;Nigeria;1991;566;Nigeria;NGA;475,00;Nigeria 1991;NGA91;-5,00
566,00;Nigeria;1992;566;Nigeria;NGA;475,00;Nigeria 1992;NGA92;-5,00
566,00;Nigeria;1993;566;Nigeria;NGA;475,00;Nigeria 1993;NGA93;-7,00
566,00;Nigeria;1994;566;Nigeria;NGA;475,00;Nigeria 1994;NGA94;-7,00
566,00;Nigeria;1995;566;Nigeria;NGA;475,00;Nigeria 1995;NGA95;-6,00
566,00;Nigeria;1996;566;Nigeria;NGA;475,00;Nigeria 1996;NGA96;-6,00
566,00;Nigeria;1997;566;Nigeria;NGA;475,00;Nigeria 1997;NGA97;-6,00
566,00;Nigeria;1998;566;Nigeria;NGA;475,00;Nigeria 1998;NGA98;-1,00
566,00;Nigeria;1999;566;Nigeria;NGA;475,00;Nigeria 1999;NGA99;4,00
566,00;Nigeria;2000;566;Nigeria;NGA;475,00;Nigeria 2000;NGA00;4,00
566,00;Nigeria;2001;566;Nigeria;NGA;475,00;Nigeria 2001;NGA01;4,00
566,00;Nigeria;2002;566;Nigeria;NGA;475,00;Nigeria 2002;NGA02;4,00
566,00;Nigeria;2003;566;Nigeria;NGA;475,00;Nigeria 2003;NGA03;4,00
566,00;Nigeria;2004;566;Nigeria;NGA;475,00;Nigeria 2004;NGA04;4,00
566,00;Nigeria;2005;566;Nigeria;NGA;475,00;Nigeria 2005;NGA05;4,00
566,00;Nigeria;2006;566;Nigeria;NGA;475,00;Nigeria 2006;NGA06;4,00
566,00;Nigeria;2007;566;Nigeria;NGA;475,00;Nigeria 2007;NGA07;4,00
566,00;Nigeria;2008;566;Nigeria;NGA;475,00;Nigeria 2008;NGA08;4,00
566,00;Nigeria;2009;566;Nigeria;NGA;475,00;Nigeria 2009;NGA09;4,00
566,00;Nigeria;2010;566;Nigeria;NGA;475,00;Nigeria 2010;NGA10;4,00
566,00;Nigeria;2011;566;Nigeria;NGA;475,00;Nigeria 2011;NGA11;4,00
566,00;Nigeria;2012;566;Nigeria;NGA;475,00;Nigeria 2012;NGA12;4,00
566,00;Nigeria;2013;566;Nigeria;NGA;475,00;Nigeria 2013;NGA13;4,00
566,00;Nigeria;2014;566;Nigeria;NGA;475,00;Nigeria 2014;NGA14;4,00
566,00;Nigeria;2015;566;Nigeria;NGA;475,00;Nigeria 2015;NGA15;7,00
566,00;Nigeria;2016;566;Nigeria;NGA;475,00;Nigeria 2016;NGA16;7,00
566,00;Nigeria;2017;566;Nigeria;NGA;475,00;Nigeria 2017;NGA17;7,00
566,00;Nigeria;2018;566;Nigeria;NGA;475,00;Nigeria 2018;NGA18;7,00
578,00;Norway;1946;578;Norway;NOR;385,00;Norway 1946;NOR46;10,00
578,00;Norway;1947;578;Norway;NOR;385,00;Norway 1947;NOR47;10,00
578,00;Norway;1948;578;Norway;NOR;385,00;Norway 1948;NOR48;10,00
578,00;Norway;1949;578;Norway;NOR;385,00;Norway 1949;NOR49;10,00
578,00;Norway;1950;578;Norway;NOR;385,00;Norway 1950;NOR50;10,00
578,00;Norway;1951;578;Norway;NOR;385,00;Norway 1951;NOR51;10,00
578,00;Norway;1952;578;Norway;NOR;385,00;Norway 1952;NOR52;10,00
578,00;Norway;1953;578;Norway;NOR;385,00;Norway 1953;NOR53;10,00
578,00;Norway;1954;578;Norway;NOR;385,00;Norway 1954;NOR54;10,00
578,00;Norway;1955;578;Norway;NOR;385,00;Norway 1955;NOR55;10,00
578,00;Norway;1956;578;Norway;NOR;385,00;Norway 1956;NOR56;10,00
578,00;Norway;1957;578;Norway;NOR;385,00;Norway 1957;NOR57;10,00
578,00;Norway;1958;578;Norway;NOR;385,00;Norway 1958;NOR58;10,00
578,00;Norway;1959;578;Norway;NOR;385,00;Norway 1959;NOR59;10,00
578,00;Norway;1960;578;Norway;NOR;385,00;Norway 1960;NOR60;10,00
578,00;Norway;1961;578;Norway;NOR;385,00;Norway 1961;NOR61;10,00
578,00;Norway;1962;578;Norway;NOR;385,00;Norway 1962;NOR62;10,00
578,00;Norway;1963;578;Norway;NOR;385,00;Norway 1963;NOR63;10,00
578,00;Norway;1964;578;Norway;NOR;385,00;Norway 1964;NOR64;10,00
578,00;Norway;1965;578;Norway;NOR;385,00;Norway 1965;NOR65;10,00
578,00;Norway;1966;578;Norway;NOR;385,00;Norway 1966;NOR66;10,00
578,00;Norway;1967;578;Norway;NOR;385,00;Norway 1967;NOR67;10,00
578,00;Norway;1968;578;Norway;NOR;385,00;Norway 1968;NOR68;10,00
578,00;Norway;1969;578;Norway;NOR;385,00;Norway 1969;NOR69;10,00
578,00;Norway;1970;578;Norway;NOR;385,00;Norway 1970;NOR70;10,00
578,00;Norway;1971;578;Norway;NOR;385,00;Norway 1971;NOR71;10,00
578,00;Norway;1972;578;Norway;NOR;385,00;Norway 1972;NOR72;10,00
578,00;Norway;1973;578;Norway;NOR;385,00;Norway 1973;NOR73;10,00
578,00;Norway;1974;578;Norway;NOR;385,00;Norway 1974;NOR74;10,00
578,00;Norway;1975;578;Norway;NOR;385,00;Norway 1975;NOR75;10,00
578,00;Norway;1976;578;Norway;NOR;385,00;Norway 1976;NOR76;10,00
578,00;Norway;1977;578;Norway;NOR;385,00;Norway 1977;NOR77;10,00
578,00;Norway;1978;578;Norway;NOR;385,00;Norway 1978;NOR78;10,00
578,00;Norway;1979;578;Norway;NOR;385,00;Norway 1979;NOR79;10,00
578,00;Norway;1980;578;Norway;NOR;385,00;Norway 1980;NOR80;10,00
578,00;Norway;1981;578;Norway;NOR;385,00;Norway 1981;NOR81;10,00
578,00;Norway;1982;578;Norway;NOR;385,00;Norway 1982;NOR82;10,00
578,00;Norway;1983;578;Norway;NOR;385,00;Norway 1983;NOR83;10,00
578,00;Norway;1984;578;Norway;NOR;385,00;Norway 1984;NOR84;10,00
578,00;Norway;1985;578;Norway;NOR;385,00;Norway 1985;NOR85;10,00
578,00;Norway;1986;578;Norway;NOR;385,00;Norway 1986;NOR86;10,00
578,00;Norway;1987;578;Norway;NOR;385,00;Norway 1987;NOR87;10,00
578,00;Norway;1988;578;Norway;NOR;385,00;Norway 1988;NOR88;10,00
578,00;Norway;1989;578;Norway;NOR;385,00;Norway 1989;NOR89;10,00
578,00;Norway;1990;578;Norway;NOR;385,00;Norway 1990;NOR90;10,00
578,00;Norway;1991;578;Norway;NOR;385,00;Norway 1991;NOR91;10,00
578,00;Norway;1992;578;Norway;NOR;385,00;Norway 1992;NOR92;10,00
578,00;Norway;1993;578;Norway;NOR;385,00;Norway 1993;NOR93;10,00
578,00;Norway;1994;578;Norway;NOR;385,00;Norway 1994;NOR94;10,00
578,00;Norway;1995;578;Norway;NOR;385,00;Norway 1995;NOR95;10,00
578,00;Norway;1996;578;Norway;NOR;385,00;Norway 1996;NOR96;10,00
578,00;Norway;1997;578;Norway;NOR;385,00;Norway 1997;NOR97;10,00
578,00;Norway;1998;578;Norway;NOR;385,00;Norway 1998;NOR98;10,00
578,00;Norway;1999;578;Norway;NOR;385,00;Norway 1999;NOR99;10,00
578,00;Norway;2000;578;Norway;NOR;385,00;Norway 2000;NOR00;10,00
578,00;Norway;2001;578;Norway;NOR;385,00;Norway 2001;NOR01;10,00
578,00;Norway;2002;578;Norway;NOR;385,00;Norway 2002;NOR02;10,00
578,00;Norway;2003;578;Norway;NOR;385,00;Norway 2003;NOR03;10,00
578,00;Norway;2004;578;Norway;NOR;385,00;Norway 2004;NOR04;10,00
578,00;Norway;2005;578;Norway;NOR;385,00;Norway 2005;NOR05;10,00
578,00;Norway;2006;578;Norway;NOR;385,00;Norway 2006;NOR06;10,00
578,00;Norway;2007;578;Norway;NOR;385,00;Norway 2007;NOR07;10,00
578,00;Norway;2008;578;Norway;NOR;385,00;Norway 2008;NOR08;10,00
578,00;Norway;2009;578;Norway;NOR;385,00;Norway 2009;NOR09;10,00
578,00;Norway;2010;578;Norway;NOR;385,00;Norway 2010;NOR10;10,00
578,00;Norway;2011;578;Norway;NOR;385,00;Norway 2011;NOR11;10,00
578,00;Norway;2012;578;Norway;NOR;385,00;Norway 2012;NOR12;10,00
578,00;Norway;2013;578;Norway;NOR;385,00;Norway 2013;NOR13;10,00
578,00;Norway;2014;578;Norway;NOR;385,00;Norway 2014;NOR14;10,00
578,00;Norway;2015;578;Norway;NOR;385,00;Norway 2015;NOR15;10,00
578,00;Norway;2016;578;Norway;NOR;385,00;Norway 2016;NOR16;10,00
578,00;Norway;2017;578;Norway;NOR;385,00;Norway 2017;NOR17;10,00
578,00;Norway;2018;578;Norway;NOR;385,00;Norway 2018;NOR18;10,00
586,00;Pakistan;1971;586;Pakistan (1971-);PAK;770,00;Pakistan (1971-) 1971;PAK71;0,00
586,00;Pakistan;1972;586;Pakistan (1971-);PAK;770,00;Pakistan (1971-) 1972;PAK72;4,00
586,00;Pakistan;1973;586;Pakistan (1971-);PAK;770,00;Pakistan (1971-) 1973;PAK73;8,00
586,00;Pakistan;1974;586;Pakistan (1971-);PAK;770,00;Pakistan (1971-) 1974;PAK74;8,00
586,00;Pakistan;1975;586;Pakistan (1971-);PAK;770,00;Pakistan (1971-) 1975;PAK75;8,00
586,00;Pakistan;1976;586;Pakistan (1971-);PAK;770,00;Pakistan (1971-) 1976;PAK76;8,00
586,00;Pakistan;1977;586;Pakistan (1971-);PAK;770,00;Pakistan (1971-) 1977;PAK77;-7,00
586,00;Pakistan;1978;586;Pakistan (1971-);PAK;770,00;Pakistan (1971-) 1978;PAK78;-7,00
586,00;Pakistan;1979;586;Pakistan (1971-);PAK;770,00;Pakistan (1971-) 1979;PAK79;-7,00
586,00;Pakistan;1980;586;Pakistan (1971-);PAK;770,00;Pakistan (1971-) 1980;PAK80;-7,00
586,00;Pakistan;1981;586;Pakistan (1971-);PAK;770,00;Pakistan (1971-) 1981;PAK81;-7,00
586,00;Pakistan;1982;586;Pakistan (1971-);PAK;770,00;Pakistan (1971-) 1982;PAK82;-7,00
586,00;Pakistan;1983;586;Pakistan (1971-);PAK;770,00;Pakistan (1971-) 1983;PAK83;-7,00
586,00;Pakistan;1984;586;Pakistan (1971-);PAK;770,00;Pakistan (1971-) 1984;PAK84;-7,00
586,00;Pakistan;1985;586;Pakistan (1971-);PAK;770,00;Pakistan (1971-) 1985;PAK85;-4,00
586,00;Pakistan;1986;586;Pakistan (1971-);PAK;770,00;Pakistan (1971-) 1986;PAK86;-4,00
586,00;Pakistan;1987;586;Pakistan (1971-);PAK;770,00;Pakistan (1971-) 1987;PAK87;-4,00
586,00;Pakistan;1988;586;Pakistan (1971-);PAK;770,00;Pakistan (1971-) 1988;PAK88;8,00
586,00;Pakistan;1989;586;Pakistan (1971-);PAK;770,00;Pakistan (1971-) 1989;PAK89;8,00
586,00;Pakistan;1990;586;Pakistan (1971-);PAK;770,00;Pakistan (1971-) 1990;PAK90;8,00
586,00;Pakistan;1991;586;Pakistan (1971-);PAK;770,00;Pakistan (1971-) 1991;PAK91;8,00
586,00;Pakistan;1992;586;Pakistan (1971-);PAK;770,00;Pakistan (1971-) 1992;PAK92;8,00
586,00;Pakistan;1993;586;Pakistan (1971-);PAK;770,00;Pakistan (1971-) 1993;PAK93;8,00
586,00;Pakistan;1994;586;Pakistan (1971-);PAK;770,00;Pakistan (1971-) 1994;PAK94;8,00
586,00;Pakistan;1995;586;Pakistan (1971-);PAK;770,00;Pakistan (1971-) 1995;PAK95;8,00
586,00;Pakistan;1996;586;Pakistan (1971-);PAK;770,00;Pakistan (1971-) 1996;PAK96;8,00
586,00;Pakistan;1997;586;Pakistan (1971-);PAK;770,00;Pakistan (1971-) 1997;PAK97;7,00
586,00;Pakistan;1998;586;Pakistan (1971-);PAK;770,00;Pakistan (1971-) 1998;PAK98;7,00
586,00;Pakistan;1999;586;Pakistan (1971-);PAK;770,00;Pakistan (1971-) 1999;PAK99;-6,00
586,00;Pakistan;2000;586;Pakistan (1971-);PAK;770,00;Pakistan (1971-) 2000;PAK00;-6,00
586,00;Pakistan;2001;586;Pakistan (1971-);PAK;770,00;Pakistan (1971-) 2001;PAK01;-6,00
586,00;Pakistan;2002;586;Pakistan (1971-);PAK;770,00;Pakistan (1971-) 2002;PAK02;-5,00
586,00;Pakistan;2003;586;Pakistan (1971-);PAK;770,00;Pakistan (1971-) 2003;PAK03;-5,00
586,00;Pakistan;2004;586;Pakistan (1971-);PAK;770,00;Pakistan (1971-) 2004;PAK04;-5,00
586,00;Pakistan;2005;586;Pakistan (1971-);PAK;770,00;Pakistan (1971-) 2005;PAK05;-5,00
586,00;Pakistan;2006;586;Pakistan (1971-);PAK;770,00;Pakistan (1971-) 2006;PAK06;-5,00
586,00;Pakistan;2007;586;Pakistan (1971-);PAK;770,00;Pakistan (1971-) 2007;PAK07;2,00
586,00;Pakistan;2008;586;Pakistan (1971-);PAK;770,00;Pakistan (1971-) 2008;PAK08;5,00
586,00;Pakistan;2009;586;Pakistan (1971-);PAK;770,00;Pakistan (1971-) 2009;PAK09;5,00
586,00;Pakistan;2010;586;Pakistan (1971-);PAK;770,00;Pakistan (1971-) 2010;PAK10;6,00
586,00;Pakistan;2011;586;Pakistan (1971-);PAK;770,00;Pakistan (1971-) 2011;PAK11;6,00
586,00;Pakistan;2012;586;Pakistan (1971-);PAK;770,00;Pakistan (1971-) 2012;PAK12;6,00
586,00;Pakistan;2013;586;Pakistan (1971-);PAK;770,00;Pakistan (1971-) 2013;PAK13;7,00
586,00;Pakistan;2014;586;Pakistan (1971-);PAK;770,00;Pakistan (1971-) 2014;PAK14;7,00
586,00;Pakistan;2015;586;Pakistan (1971-);PAK;770,00;Pakistan (1971-) 2015;PAK15;7,00
586,00;Pakistan;2016;586;Pakistan (1971-);PAK;770,00;Pakistan (1971-) 2016;PAK16;7,00
586,00;Pakistan;2017;586;Pakistan (1971-);PAK;770,00;Pakistan (1971-) 2017;PAK17;7,00
586,00;Pakistan;2018;586;Pakistan (1971-);PAK;770,00;Pakistan (1971-) 2018;PAK18;7,00
591,00;Panama;1946;591;Panama;PAN;95,00;Panama 1946;PAN46;-3,00
591,00;Panama;1947;591;Panama;PAN;95,00;Panama 1947;PAN47;-3,00
591,00;Panama;1948;591;Panama;PAN;95,00;Panama 1948;PAN48;-3,00
591,00;Panama;1949;591;Panama;PAN;95,00;Panama 1949;PAN49;-1,00
591,00;Panama;1950;591;Panama;PAN;95,00;Panama 1950;PAN50;-1,00
591,00;Panama;1951;591;Panama;PAN;95,00;Panama 1951;PAN51;-1,00
591,00;Panama;1952;591;Panama;PAN;95,00;Panama 1952;PAN52;-1,00
591,00;Panama;1953;591;Panama;PAN;95,00;Panama 1953;PAN53;-1,00
591,00;Panama;1954;591;Panama;PAN;95,00;Panama 1954;PAN54;-1,00
591,00;Panama;1955;591;Panama;PAN;95,00;Panama 1955;PAN55;4,00
591,00;Panama;1956;591;Panama;PAN;95,00;Panama 1956;PAN56;4,00
591,00;Panama;1957;591;Panama;PAN;95,00;Panama 1957;PAN57;4,00
591,00;Panama;1958;591;Panama;PAN;95,00;Panama 1958;PAN58;4,00
591,00;Panama;1959;591;Panama;PAN;95,00;Panama 1959;PAN59;4,00
591,00;Panama;1960;591;Panama;PAN;95,00;Panama 1960;PAN60;4,00
591,00;Panama;1961;591;Panama;PAN;95,00;Panama 1961;PAN61;4,00
591,00;Panama;1962;591;Panama;PAN;95,00;Panama 1962;PAN62;4,00
591,00;Panama;1963;591;Panama;PAN;95,00;Panama 1963;PAN63;4,00
591,00;Panama;1964;591;Panama;PAN;95,00;Panama 1964;PAN64;4,00
591,00;Panama;1965;591;Panama;PAN;95,00;Panama 1965;PAN65;4,00
591,00;Panama;1966;591;Panama;PAN;95,00;Panama 1966;PAN66;4,00
591,00;Panama;1967;591;Panama;PAN;95,00;Panama 1967;PAN67;4,00
591,00;Panama;1968;591;Panama;PAN;95,00;Panama 1968;PAN68;-7,00
591,00;Panama;1969;591;Panama;PAN;95,00;Panama 1969;PAN69;-7,00
591,00;Panama;1970;591;Panama;PAN;95,00;Panama 1970;PAN70;-7,00
591,00;Panama;1971;591;Panama;PAN;95,00;Panama 1971;PAN71;-7,00
591,00;Panama;1972;591;Panama;PAN;95,00;Panama 1972;PAN72;-7,00
591,00;Panama;1973;591;Panama;PAN;95,00;Panama 1973;PAN73;-7,00
591,00;Panama;1974;591;Panama;PAN;95,00;Panama 1974;PAN74;-7,00
591,00;Panama;1975;591;Panama;PAN;95,00;Panama 1975;PAN75;-7,00
591,00;Panama;1976;591;Panama;PAN;95,00;Panama 1976;PAN76;-7,00
591,00;Panama;1977;591;Panama;PAN;95,00;Panama 1977;PAN77;-7,00
591,00;Panama;1978;591;Panama;PAN;95,00;Panama 1978;PAN78;-6,00
591,00;Panama;1979;591;Panama;PAN;95,00;Panama 1979;PAN79;-6,00
591,00;Panama;1980;591;Panama;PAN;95,00;Panama 1980;PAN80;-6,00
591,00;Panama;1981;591;Panama;PAN;95,00;Panama 1981;PAN81;-6,00
591,00;Panama;1982;591;Panama;PAN;95,00;Panama 1982;PAN82;-5,00
591,00;Panama;1983;591;Panama;PAN;95,00;Panama 1983;PAN83;-5,00
591,00;Panama;1984;591;Panama;PAN;95,00;Panama 1984;PAN84;-6,00
591,00;Panama;1985;591;Panama;PAN;95,00;Panama 1985;PAN85;-6,00
591,00;Panama;1986;591;Panama;PAN;95,00;Panama 1986;PAN86;-6,00
591,00;Panama;1987;591;Panama;PAN;95,00;Panama 1987;PAN87;-8,00
591,00;Panama;1988;591;Panama;PAN;95,00;Panama 1988;PAN88;-8,00
591,00;Panama;1989;591;Panama;PAN;95,00;Panama 1989;PAN89;8,00
591,00;Panama;1990;591;Panama;PAN;95,00;Panama 1990;PAN90;8,00
591,00;Panama;1991;591;Panama;PAN;95,00;Panama 1991;PAN91;8,00
591,00;Panama;1992;591;Panama;PAN;95,00;Panama 1992;PAN92;8,00
591,00;Panama;1993;591;Panama;PAN;95,00;Panama 1993;PAN93;8,00
591,00;Panama;1994;591;Panama;PAN;95,00;Panama 1994;PAN94;9,00
591,00;Panama;1995;591;Panama;PAN;95,00;Panama 1995;PAN95;9,00
591,00;Panama;1996;591;Panama;PAN;95,00;Panama 1996;PAN96;9,00
591,00;Panama;1997;591;Panama;PAN;95,00;Panama 1997;PAN97;9,00
591,00;Panama;1998;591;Panama;PAN;95,00;Panama 1998;PAN98;9,00
591,00;Panama;1999;591;Panama;PAN;95,00;Panama 1999;PAN99;9,00
591,00;Panama;2000;591;Panama;PAN;95,00;Panama 2000;PAN00;9,00
591,00;Panama;2001;591;Panama;PAN;95,00;Panama 2001;PAN01;9,00
591,00;Panama;2002;591;Panama;PAN;95,00;Panama 2002;PAN02;9,00
591,00;Panama;2003;591;Panama;PAN;95,00;Panama 2003;PAN03;9,00
591,00;Panama;2004;591;Panama;PAN;95,00;Panama 2004;PAN04;9,00
591,00;Panama;2005;591;Panama;PAN;95,00;Panama 2005;PAN05;9,00
591,00;Panama;2006;591;Panama;PAN;95,00;Panama 2006;PAN06;9,00
591,00;Panama;2007;591;Panama;PAN;95,00;Panama 2007;PAN07;9,00
591,00;Panama;2008;591;Panama;PAN;95,00;Panama 2008;PAN08;9,00
591,00;Panama;2009;591;Panama;PAN;95,00;Panama 2009;PAN09;9,00
591,00;Panama;2010;591;Panama;PAN;95,00;Panama 2010;PAN10;9,00
591,00;Panama;2011;591;Panama;PAN;95,00;Panama 2011;PAN11;9,00
591,00;Panama;2012;591;Panama;PAN;95,00;Panama 2012;PAN12;9,00
591,00;Panama;2013;591;Panama;PAN;95,00;Panama 2013;PAN13;9,00
591,00;Panama;2014;591;Panama;PAN;95,00;Panama 2014;PAN14;9,00
591,00;Panama;2015;591;Panama;PAN;95,00;Panama 2015;PAN15;9,00
591,00;Panama;2016;591;Panama;PAN;95,00;Panama 2016;PAN16;9,00
591,00;Panama;2017;591;Panama;PAN;95,00;Panama 2017;PAN17;9,00
591,00;Panama;2018;591;Panama;PAN;95,00;Panama 2018;PAN18;9,00
598,00;Papua New Guinea;1976;598;Papua New Guinea;PNG;910,00;Papua New Guinea 1976;PNG76;4,00
598,00;Papua New Guinea;1977;598;Papua New Guinea;PNG;910,00;Papua New Guinea 1977;PNG77;4,00
598,00;Papua New Guinea;1978;598;Papua New Guinea;PNG;910,00;Papua New Guinea 1978;PNG78;4,00
598,00;Papua New Guinea;1979;598;Papua New Guinea;PNG;910,00;Papua New Guinea 1979;PNG79;4,00
598,00;Papua New Guinea;1980;598;Papua New Guinea;PNG;910,00;Papua New Guinea 1980;PNG80;4,00
598,00;Papua New Guinea;1981;598;Papua New Guinea;PNG;910,00;Papua New Guinea 1981;PNG81;4,00
598,00;Papua New Guinea;1982;598;Papua New Guinea;PNG;910,00;Papua New Guinea 1982;PNG82;4,00
598,00;Papua New Guinea;1983;598;Papua New Guinea;PNG;910,00;Papua New Guinea 1983;PNG83;4,00
598,00;Papua New Guinea;1984;598;Papua New Guinea;PNG;910,00;Papua New Guinea 1984;PNG84;4,00
598,00;Papua New Guinea;1985;598;Papua New Guinea;PNG;910,00;Papua New Guinea 1985;PNG85;4,00
598,00;Papua New Guinea;1986;598;Papua New Guinea;PNG;910,00;Papua New Guinea 1986;PNG86;4,00
598,00;Papua New Guinea;1987;598;Papua New Guinea;PNG;910,00;Papua New Guinea 1987;PNG87;4,00
598,00;Papua New Guinea;1988;598;Papua New Guinea;PNG;910,00;Papua New Guinea 1988;PNG88;4,00
598,00;Papua New Guinea;1989;598;Papua New Guinea;PNG;910,00;Papua New Guinea 1989;PNG89;4,00
598,00;Papua New Guinea;1990;598;Papua New Guinea;PNG;910,00;Papua New Guinea 1990;PNG90;4,00
598,00;Papua New Guinea;1991;598;Papua New Guinea;PNG;910,00;Papua New Guinea 1991;PNG91;4,00
598,00;Papua New Guinea;1992;598;Papua New Guinea;PNG;910,00;Papua New Guinea 1992;PNG92;4,00
598,00;Papua New Guinea;1993;598;Papua New Guinea;PNG;910,00;Papua New Guinea 1993;PNG93;4,00
598,00;Papua New Guinea;1994;598;Papua New Guinea;PNG;910,00;Papua New Guinea 1994;PNG94;4,00
598,00;Papua New Guinea;1995;598;Papua New Guinea;PNG;910,00;Papua New Guinea 1995;PNG95;4,00
598,00;Papua New Guinea;1996;598;Papua New Guinea;PNG;910,00;Papua New Guinea 1996;PNG96;4,00
598,00;Papua New Guinea;1997;598;Papua New Guinea;PNG;910,00;Papua New Guinea 1997;PNG97;4,00
598,00;Papua New Guinea;1998;598;Papua New Guinea;PNG;910,00;Papua New Guinea 1998;PNG98;4,00
598,00;Papua New Guinea;1999;598;Papua New Guinea;PNG;910,00;Papua New Guinea 1999;PNG99;4,00
598,00;Papua New Guinea;2000;598;Papua New Guinea;PNG;910,00;Papua New Guinea 2000;PNG00;4,00
598,00;Papua New Guinea;2001;598;Papua New Guinea;PNG;910,00;Papua New Guinea 2001;PNG01;4,00
598,00;Papua New Guinea;2002;598;Papua New Guinea;PNG;910,00;Papua New Guinea 2002;PNG02;4,00
598,00;Papua New Guinea;2003;598;Papua New Guinea;PNG;910,00;Papua New Guinea 2003;PNG03;4,00
598,00;Papua New Guinea;2004;598;Papua New Guinea;PNG;910,00;Papua New Guinea 2004;PNG04;4,00
598,00;Papua New Guinea;2005;598;Papua New Guinea;PNG;910,00;Papua New Guinea 2005;PNG05;4,00
598,00;Papua New Guinea;2006;598;Papua New Guinea;PNG;910,00;Papua New Guinea 2006;PNG06;4,00
598,00;Papua New Guinea;2007;598;Papua New Guinea;PNG;910,00;Papua New Guinea 2007;PNG07;4,00
598,00;Papua New Guinea;2008;598;Papua New Guinea;PNG;910,00;Papua New Guinea 2008;PNG08;4,00
598,00;Papua New Guinea;2009;598;Papua New Guinea;PNG;910,00;Papua New Guinea 2009;PNG09;4,00
598,00;Papua New Guinea;2010;598;Papua New Guinea;PNG;910,00;Papua New Guinea 2010;PNG10;4,00
598,00;Papua New Guinea;2011;598;Papua New Guinea;PNG;910,00;Papua New Guinea 2011;PNG11;4,00
598,00;Papua New Guinea;2012;598;Papua New Guinea;PNG;910,00;Papua New Guinea 2012;PNG12;5,00
598,00;Papua New Guinea;2013;598;Papua New Guinea;PNG;910,00;Papua New Guinea 2013;PNG13;5,00
598,00;Papua New Guinea;2014;598;Papua New Guinea;PNG;910,00;Papua New Guinea 2014;PNG14;5,00
598,00;Papua New Guinea;2015;598;Papua New Guinea;PNG;910,00;Papua New Guinea 2015;PNG15;5,00
598,00;Papua New Guinea;2016;598;Papua New Guinea;PNG;910,00;Papua New Guinea 2016;PNG16;5,00
598,00;Papua New Guinea;2017;598;Papua New Guinea;PNG;910,00;Papua New Guinea 2017;PNG17;5,00
598,00;Papua New Guinea;2018;598;Papua New Guinea;PNG;910,00;Papua New Guinea 2018;PNG18;5,00
600,00;Paraguay;1946;600;Paraguay;PRY;150,00;Paraguay 1946;PRY46;-9,00
600,00;Paraguay;1947;600;Paraguay;PRY;150,00;Paraguay 1947;PRY47;-5,00
600,00;Paraguay;1948;600;Paraguay;PRY;150,00;Paraguay 1948;PRY48;-5,00
600,00;Paraguay;1949;600;Paraguay;PRY;150,00;Paraguay 1949;PRY49;-5,00
600,00;Paraguay;1950;600;Paraguay;PRY;150,00;Paraguay 1950;PRY50;-5,00
600,00;Paraguay;1951;600;Paraguay;PRY;150,00;Paraguay 1951;PRY51;-5,00
600,00;Paraguay;1952;600;Paraguay;PRY;150,00;Paraguay 1952;PRY52;-5,00
600,00;Paraguay;1953;600;Paraguay;PRY;150,00;Paraguay 1953;PRY53;-5,00
600,00;Paraguay;1954;600;Paraguay;PRY;150,00;Paraguay 1954;PRY54;-9,00
600,00;Paraguay;1955;600;Paraguay;PRY;150,00;Paraguay 1955;PRY55;-9,00
600,00;Paraguay;1956;600;Paraguay;PRY;150,00;Paraguay 1956;PRY56;-9,00
600,00;Paraguay;1957;600;Paraguay;PRY;150,00;Paraguay 1957;PRY57;-9,00
600,00;Paraguay;1958;600;Paraguay;PRY;150,00;Paraguay 1958;PRY58;-9,00
600,00;Paraguay;1959;600;Paraguay;PRY;150,00;Paraguay 1959;PRY59;-9,00
600,00;Paraguay;1960;600;Paraguay;PRY;150,00;Paraguay 1960;PRY60;-9,00
600,00;Paraguay;1961;600;Paraguay;PRY;150,00;Paraguay 1961;PRY61;-9,00
600,00;Paraguay;1962;600;Paraguay;PRY;150,00;Paraguay 1962;PRY62;-9,00
600,00;Paraguay;1963;600;Paraguay;PRY;150,00;Paraguay 1963;PRY63;-9,00
600,00;Paraguay;1964;600;Paraguay;PRY;150,00;Paraguay 1964;PRY64;-9,00
600,00;Paraguay;1965;600;Paraguay;PRY;150,00;Paraguay 1965;PRY65;-9,00
600,00;Paraguay;1966;600;Paraguay;PRY;150,00;Paraguay 1966;PRY66;-9,00
600,00;Paraguay;1967;600;Paraguay;PRY;150,00;Paraguay 1967;PRY67;-8,00
600,00;Paraguay;1968;600;Paraguay;PRY;150,00;Paraguay 1968;PRY68;-8,00
600,00;Paraguay;1969;600;Paraguay;PRY;150,00;Paraguay 1969;PRY69;-8,00
600,00;Paraguay;1970;600;Paraguay;PRY;150,00;Paraguay 1970;PRY70;-8,00
600,00;Paraguay;1971;600;Paraguay;PRY;150,00;Paraguay 1971;PRY71;-8,00
600,00;Paraguay;1972;600;Paraguay;PRY;150,00;Paraguay 1972;PRY72;-8,00
600,00;Paraguay;1973;600;Paraguay;PRY;150,00;Paraguay 1973;PRY73;-8,00
600,00;Paraguay;1974;600;Paraguay;PRY;150,00;Paraguay 1974;PRY74;-8,00
600,00;Paraguay;1975;600;Paraguay;PRY;150,00;Paraguay 1975;PRY75;-8,00
600,00;Paraguay;1976;600;Paraguay;PRY;150,00;Paraguay 1976;PRY76;-8,00
600,00;Paraguay;1977;600;Paraguay;PRY;150,00;Paraguay 1977;PRY77;-8,00
600,00;Paraguay;1978;600;Paraguay;PRY;150,00;Paraguay 1978;PRY78;-8,00
600,00;Paraguay;1979;600;Paraguay;PRY;150,00;Paraguay 1979;PRY79;-8,00
600,00;Paraguay;1980;600;Paraguay;PRY;150,00;Paraguay 1980;PRY80;-8,00
600,00;Paraguay;1981;600;Paraguay;PRY;150,00;Paraguay 1981;PRY81;-8,00
600,00;Paraguay;1982;600;Paraguay;PRY;150,00;Paraguay 1982;PRY82;-8,00
600,00;Paraguay;1983;600;Paraguay;PRY;150,00;Paraguay 1983;PRY83;-8,00
600,00;Paraguay;1984;600;Paraguay;PRY;150,00;Paraguay 1984;PRY84;-8,00
600,00;Paraguay;1985;600;Paraguay;PRY;150,00;Paraguay 1985;PRY85;-8,00
600,00;Paraguay;1986;600;Paraguay;PRY;150,00;Paraguay 1986;PRY86;-8,00
600,00;Paraguay;1987;600;Paraguay;PRY;150,00;Paraguay 1987;PRY87;-8,00
600,00;Paraguay;1988;600;Paraguay;PRY;150,00;Paraguay 1988;PRY88;-8,00
600,00;Paraguay;1989;600;Paraguay;PRY;150,00;Paraguay 1989;PRY89;2,00
600,00;Paraguay;1990;600;Paraguay;PRY;150,00;Paraguay 1990;PRY90;2,00
600,00;Paraguay;1991;600;Paraguay;PRY;150,00;Paraguay 1991;PRY91;2,00
600,00;Paraguay;1992;600;Paraguay;PRY;150,00;Paraguay 1992;PRY92;7,00
600,00;Paraguay;1993;600;Paraguay;PRY;150,00;Paraguay 1993;PRY93;7,00
600,00;Paraguay;1994;600;Paraguay;PRY;150,00;Paraguay 1994;PRY94;7,00
600,00;Paraguay;1995;600;Paraguay;PRY;150,00;Paraguay 1995;PRY95;7,00
600,00;Paraguay;1996;600;Paraguay;PRY;150,00;Paraguay 1996;PRY96;7,00
600,00;Paraguay;1997;600;Paraguay;PRY;150,00;Paraguay 1997;PRY97;7,00
600,00;Paraguay;1998;600;Paraguay;PRY;150,00;Paraguay 1998;PRY98;6,00
600,00;Paraguay;1999;600;Paraguay;PRY;150,00;Paraguay 1999;PRY99;7,00
600,00;Paraguay;2000;600;Paraguay;PRY;150,00;Paraguay 2000;PRY00;7,00
600,00;Paraguay;2001;600;Paraguay;PRY;150,00;Paraguay 2001;PRY01;7,00
600,00;Paraguay;2002;600;Paraguay;PRY;150,00;Paraguay 2002;PRY02;7,00
600,00;Paraguay;2003;600;Paraguay;PRY;150,00;Paraguay 2003;PRY03;8,00
600,00;Paraguay;2004;600;Paraguay;PRY;150,00;Paraguay 2004;PRY04;8,00
600,00;Paraguay;2005;600;Paraguay;PRY;150,00;Paraguay 2005;PRY05;8,00
600,00;Paraguay;2006;600;Paraguay;PRY;150,00;Paraguay 2006;PRY06;8,00
600,00;Paraguay;2007;600;Paraguay;PRY;150,00;Paraguay 2007;PRY07;8,00
600,00;Paraguay;2008;600;Paraguay;PRY;150,00;Paraguay 2008;PRY08;8,00
600,00;Paraguay;2009;600;Paraguay;PRY;150,00;Paraguay 2009;PRY09;8,00
600,00;Paraguay;2010;600;Paraguay;PRY;150,00;Paraguay 2010;PRY10;8,00
600,00;Paraguay;2011;600;Paraguay;PRY;150,00;Paraguay 2011;PRY11;8,00
600,00;Paraguay;2012;600;Paraguay;PRY;150,00;Paraguay 2012;PRY12;8,00
600,00;Paraguay;2013;600;Paraguay;PRY;150,00;Paraguay 2013;PRY13;9,00
600,00;Paraguay;2014;600;Paraguay;PRY;150,00;Paraguay 2014;PRY14;9,00
600,00;Paraguay;2015;600;Paraguay;PRY;150,00;Paraguay 2015;PRY15;9,00
600,00;Paraguay;2016;600;Paraguay;PRY;150,00;Paraguay 2016;PRY16;9,00
600,00;Paraguay;2017;600;Paraguay;PRY;150,00;Paraguay 2017;PRY17;9,00
600,00;Paraguay;2018;600;Paraguay;PRY;150,00;Paraguay 2018;PRY18;9,00
604,00;Peru;1946;604;Peru;PER;135,00;Peru 1946;PER46;2,00
604,00;Peru;1947;604;Peru;PER;135,00;Peru 1947;PER47;2,00
604,00;Peru;1948;604;Peru;PER;135,00;Peru 1948;PER48;-6,00
604,00;Peru;1949;604;Peru;PER;135,00;Peru 1949;PER49;-6,00
604,00;Peru;1950;604;Peru;PER;135,00;Peru 1950;PER50;-2,00
604,00;Peru;1951;604;Peru;PER;135,00;Peru 1951;PER51;-2,00
604,00;Peru;1952;604;Peru;PER;135,00;Peru 1952;PER52;-2,00
604,00;Peru;1953;604;Peru;PER;135,00;Peru 1953;PER53;-2,00
604,00;Peru;1954;604;Peru;PER;135,00;Peru 1954;PER54;-2,00
604,00;Peru;1955;604;Peru;PER;135,00;Peru 1955;PER55;-2,00
604,00;Peru;1956;604;Peru;PER;135,00;Peru 1956;PER56;5,00
604,00;Peru;1957;604;Peru;PER;135,00;Peru 1957;PER57;5,00
604,00;Peru;1958;604;Peru;PER;135,00;Peru 1958;PER58;5,00
604,00;Peru;1959;604;Peru;PER;135,00;Peru 1959;PER59;5,00
604,00;Peru;1960;604;Peru;PER;135,00;Peru 1960;PER60;5,00
604,00;Peru;1961;604;Peru;PER;135,00;Peru 1961;PER61;5,00
604,00;Peru;1962;604;Peru;PER;135,00;Peru 1962;PER62;-6,00
604,00;Peru;1963;604;Peru;PER;135,00;Peru 1963;PER63;5,00
604,00;Peru;1964;604;Peru;PER;135,00;Peru 1964;PER64;5,00
604,00;Peru;1965;604;Peru;PER;135,00;Peru 1965;PER65;5,00
604,00;Peru;1966;604;Peru;PER;135,00;Peru 1966;PER66;5,00
604,00;Peru;1967;604;Peru;PER;135,00;Peru 1967;PER67;5,00
604,00;Peru;1968;604;Peru;PER;135,00;Peru 1968;PER68;-7,00
604,00;Peru;1969;604;Peru;PER;135,00;Peru 1969;PER69;-7,00
604,00;Peru;1970;604;Peru;PER;135,00;Peru 1970;PER70;-7,00
604,00;Peru;1971;604;Peru;PER;135,00;Peru 1971;PER71;-7,00
604,00;Peru;1972;604;Peru;PER;135,00;Peru 1972;PER72;-7,00
604,00;Peru;1973;604;Peru;PER;135,00;Peru 1973;PER73;-7,00
604,00;Peru;1974;604;Peru;PER;135,00;Peru 1974;PER74;-7,00
604,00;Peru;1975;604;Peru;PER;135,00;Peru 1975;PER75;-7,00
604,00;Peru;1976;604;Peru;PER;135,00;Peru 1976;PER76;-7,00
604,00;Peru;1977;604;Peru;PER;135,00;Peru 1977;PER77;-7,00
604,00;Peru;1978;604;Peru;PER;135,00;Peru 1978;PER78;-2,00
604,00;Peru;1979;604;Peru;PER;135,00;Peru 1979;PER79;3,00
604,00;Peru;1980;604;Peru;PER;135,00;Peru 1980;PER80;7,00
604,00;Peru;1981;604;Peru;PER;135,00;Peru 1981;PER81;7,00
604,00;Peru;1982;604;Peru;PER;135,00;Peru 1982;PER82;7,00
604,00;Peru;1983;604;Peru;PER;135,00;Peru 1983;PER83;7,00
604,00;Peru;1984;604;Peru;PER;135,00;Peru 1984;PER84;7,00
604,00;Peru;1985;604;Peru;PER;135,00;Peru 1985;PER85;7,00
604,00;Peru;1986;604;Peru;PER;135,00;Peru 1986;PER86;7,00
604,00;Peru;1987;604;Peru;PER;135,00;Peru 1987;PER87;7,00
604,00;Peru;1988;604;Peru;PER;135,00;Peru 1988;PER88;7,00
604,00;Peru;1989;604;Peru;PER;135,00;Peru 1989;PER89;7,00
604,00;Peru;1990;604;Peru;PER;135,00;Peru 1990;PER90;8,00
604,00;Peru;1991;604;Peru;PER;135,00;Peru 1991;PER91;8,00
604,00;Peru;1992;604;Peru;PER;135,00;Peru 1992;PER92;-4,00
604,00;Peru;1993;604;Peru;PER;135,00;Peru 1993;PER93;-1,00
604,00;Peru;1994;604;Peru;PER;135,00;Peru 1994;PER94;-1,00
604,00;Peru;1995;604;Peru;PER;135,00;Peru 1995;PER95;-1,00
604,00;Peru;1996;604;Peru;PER;135,00;Peru 1996;PER96;-1,00
604,00;Peru;1997;604;Peru;PER;135,00;Peru 1997;PER97;-1,00
604,00;Peru;1998;604;Peru;PER;135,00;Peru 1998;PER98;-1,00
604,00;Peru;1999;604;Peru;PER;135,00;Peru 1999;PER99;-1,00
604,00;Peru;2000;604;Peru;PER;135,00;Peru 2000;PER00;4,00
604,00;Peru;2001;604;Peru;PER;135,00;Peru 2001;PER01;9,00
604,00;Peru;2002;604;Peru;PER;135,00;Peru 2002;PER02;9,00
604,00;Peru;2003;604;Peru;PER;135,00;Peru 2003;PER03;9,00
604,00;Peru;2004;604;Peru;PER;135,00;Peru 2004;PER04;9,00
604,00;Peru;2005;604;Peru;PER;135,00;Peru 2005;PER05;9,00
604,00;Peru;2006;604;Peru;PER;135,00;Peru 2006;PER06;9,00
604,00;Peru;2007;604;Peru;PER;135,00;Peru 2007;PER07;9,00
604,00;Peru;2008;604;Peru;PER;135,00;Peru 2008;PER08;9,00
604,00;Peru;2009;604;Peru;PER;135,00;Peru 2009;PER09;9,00
604,00;Peru;2010;604;Peru;PER;135,00;Peru 2010;PER10;9,00
604,00;Peru;2011;604;Peru;PER;135,00;Peru 2011;PER11;9,00
604,00;Peru;2012;604;Peru;PER;135,00;Peru 2012;PER12;9,00
604,00;Peru;2013;604;Peru;PER;135,00;Peru 2013;PER13;9,00
604,00;Peru;2014;604;Peru;PER;135,00;Peru 2014;PER14;9,00
604,00;Peru;2015;604;Peru;PER;135,00;Peru 2015;PER15;9,00
604,00;Peru;2016;604;Peru;PER;135,00;Peru 2016;PER16;9,00
604,00;Peru;2017;604;Peru;PER;135,00;Peru 2017;PER17;9,00
604,00;Peru;2018;604;Peru;PER;135,00;Peru 2018;PER18;9,00
608,00;Philippines (the);1947;608;Philippines;PHL;840,00;Philippines 1947;PHL47;2,00
608,00;Philippines (the);1948;608;Philippines;PHL;840,00;Philippines 1948;PHL48;2,00
608,00;Philippines (the);1949;608;Philippines;PHL;840,00;Philippines 1949;PHL49;2,00
608,00;Philippines (the);1950;608;Philippines;PHL;840,00;Philippines 1950;PHL50;5,00
608,00;Philippines (the);1951;608;Philippines;PHL;840,00;Philippines 1951;PHL51;5,00
608,00;Philippines (the);1952;608;Philippines;PHL;840,00;Philippines 1952;PHL52;5,00
608,00;Philippines (the);1953;608;Philippines;PHL;840,00;Philippines 1953;PHL53;5,00
608,00;Philippines (the);1954;608;Philippines;PHL;840,00;Philippines 1954;PHL54;5,00
608,00;Philippines (the);1955;608;Philippines;PHL;840,00;Philippines 1955;PHL55;5,00
608,00;Philippines (the);1956;608;Philippines;PHL;840,00;Philippines 1956;PHL56;5,00
608,00;Philippines (the);1957;608;Philippines;PHL;840,00;Philippines 1957;PHL57;5,00
608,00;Philippines (the);1958;608;Philippines;PHL;840,00;Philippines 1958;PHL58;5,00
608,00;Philippines (the);1959;608;Philippines;PHL;840,00;Philippines 1959;PHL59;5,00
608,00;Philippines (the);1960;608;Philippines;PHL;840,00;Philippines 1960;PHL60;5,00
608,00;Philippines (the);1961;608;Philippines;PHL;840,00;Philippines 1961;PHL61;5,00
608,00;Philippines (the);1962;608;Philippines;PHL;840,00;Philippines 1962;PHL62;5,00
608,00;Philippines (the);1963;608;Philippines;PHL;840,00;Philippines 1963;PHL63;5,00
608,00;Philippines (the);1964;608;Philippines;PHL;840,00;Philippines 1964;PHL64;5,00
608,00;Philippines (the);1965;608;Philippines;PHL;840,00;Philippines 1965;PHL65;5,00
608,00;Philippines (the);1966;608;Philippines;PHL;840,00;Philippines 1966;PHL66;5,00
608,00;Philippines (the);1967;608;Philippines;PHL;840,00;Philippines 1967;PHL67;5,00
608,00;Philippines (the);1968;608;Philippines;PHL;840,00;Philippines 1968;PHL68;5,00
608,00;Philippines (the);1969;608;Philippines;PHL;840,00;Philippines 1969;PHL69;2,00
608,00;Philippines (the);1970;608;Philippines;PHL;840,00;Philippines 1970;PHL70;2,00
608,00;Philippines (the);1971;608;Philippines;PHL;840,00;Philippines 1971;PHL71;2,00
608,00;Philippines (the);1972;608;Philippines;PHL;840,00;Philippines 1972;PHL72;-9,00
608,00;Philippines (the);1973;608;Philippines;PHL;840,00;Philippines 1973;PHL73;-9,00
608,00;Philippines (the);1974;608;Philippines;PHL;840,00;Philippines 1974;PHL74;-9,00
608,00;Philippines (the);1975;608;Philippines;PHL;840,00;Philippines 1975;PHL75;-9,00
608,00;Philippines (the);1976;608;Philippines;PHL;840,00;Philippines 1976;PHL76;-9,00
608,00;Philippines (the);1977;608;Philippines;PHL;840,00;Philippines 1977;PHL77;-9,00
608,00;Philippines (the);1978;608;Philippines;PHL;840,00;Philippines 1978;PHL78;-9,00
608,00;Philippines (the);1979;608;Philippines;PHL;840,00;Philippines 1979;PHL79;-9,00
608,00;Philippines (the);1980;608;Philippines;PHL;840,00;Philippines 1980;PHL80;-9,00
608,00;Philippines (the);1981;608;Philippines;PHL;840,00;Philippines 1981;PHL81;-8,00
608,00;Philippines (the);1982;608;Philippines;PHL;840,00;Philippines 1982;PHL82;-7,00
608,00;Philippines (the);1983;608;Philippines;PHL;840,00;Philippines 1983;PHL83;-6,00
608,00;Philippines (the);1984;608;Philippines;PHL;840,00;Philippines 1984;PHL84;-6,00
608,00;Philippines (the);1985;608;Philippines;PHL;840,00;Philippines 1985;PHL85;-6,00
608,00;Philippines (the);1986;608;Philippines;PHL;840,00;Philippines 1986;PHL86;1,00
608,00;Philippines (the);1987;608;Philippines;PHL;840,00;Philippines 1987;PHL87;8,00
608,00;Philippines (the);1988;608;Philippines;PHL;840,00;Philippines 1988;PHL88;8,00
608,00;Philippines (the);1989;608;Philippines;PHL;840,00;Philippines 1989;PHL89;8,00
608,00;Philippines (the);1990;608;Philippines;PHL;840,00;Philippines 1990;PHL90;8,00
608,00;Philippines (the);1991;608;Philippines;PHL;840,00;Philippines 1991;PHL91;8,00
608,00;Philippines (the);1992;608;Philippines;PHL;840,00;Philippines 1992;PHL92;8,00
608,00;Philippines (the);1993;608;Philippines;PHL;840,00;Philippines 1993;PHL93;8,00
608,00;Philippines (the);1994;608;Philippines;PHL;840,00;Philippines 1994;PHL94;8,00
608,00;Philippines (the);1995;608;Philippines;PHL;840,00;Philippines 1995;PHL95;8,00
608,00;Philippines (the);1996;608;Philippines;PHL;840,00;Philippines 1996;PHL96;8,00
608,00;Philippines (the);1997;608;Philippines;PHL;840,00;Philippines 1997;PHL97;8,00
608,00;Philippines (the);1998;608;Philippines;PHL;840,00;Philippines 1998;PHL98;8,00
608,00;Philippines (the);1999;608;Philippines;PHL;840,00;Philippines 1999;PHL99;8,00
608,00;Philippines (the);2000;608;Philippines;PHL;840,00;Philippines 2000;PHL00;8,00
608,00;Philippines (the);2001;608;Philippines;PHL;840,00;Philippines 2001;PHL01;8,00
608,00;Philippines (the);2002;608;Philippines;PHL;840,00;Philippines 2002;PHL02;8,00
608,00;Philippines (the);2003;608;Philippines;PHL;840,00;Philippines 2003;PHL03;8,00
608,00;Philippines (the);2004;608;Philippines;PHL;840,00;Philippines 2004;PHL04;8,00
608,00;Philippines (the);2005;608;Philippines;PHL;840,00;Philippines 2005;PHL05;8,00
608,00;Philippines (the);2006;608;Philippines;PHL;840,00;Philippines 2006;PHL06;8,00
608,00;Philippines (the);2007;608;Philippines;PHL;840,00;Philippines 2007;PHL07;8,00
608,00;Philippines (the);2008;608;Philippines;PHL;840,00;Philippines 2008;PHL08;8,00
608,00;Philippines (the);2009;608;Philippines;PHL;840,00;Philippines 2009;PHL09;8,00
608,00;Philippines (the);2010;608;Philippines;PHL;840,00;Philippines 2010;PHL10;8,00
608,00;Philippines (the);2011;608;Philippines;PHL;840,00;Philippines 2011;PHL11;8,00
608,00;Philippines (the);2012;608;Philippines;PHL;840,00;Philippines 2012;PHL12;8,00
608,00;Philippines (the);2013;608;Philippines;PHL;840,00;Philippines 2013;PHL13;8,00
608,00;Philippines (the);2014;608;Philippines;PHL;840,00;Philippines 2014;PHL14;8,00
608,00;Philippines (the);2015;608;Philippines;PHL;840,00;Philippines 2015;PHL15;8,00
608,00;Philippines (the);2016;608;Philippines;PHL;840,00;Philippines 2016;PHL16;8,00
608,00;Philippines (the);2017;608;Philippines;PHL;840,00;Philippines 2017;PHL17;8,00
608,00;Philippines (the);2018;608;Philippines;PHL;840,00;Philippines 2018;PHL18;8,00
616,00;Poland;1946;616;Poland;POL;290,00;Poland 1946;POL46;-5,00
616,00;Poland;1947;616;Poland;POL;290,00;Poland 1947;POL47;-7,00
616,00;Poland;1948;616;Poland;POL;290,00;Poland 1948;POL48;-7,00
616,00;Poland;1949;616;Poland;POL;290,00;Poland 1949;POL49;-7,00
616,00;Poland;1950;616;Poland;POL;290,00;Poland 1950;POL50;-7,00
616,00;Poland;1951;616;Poland;POL;290,00;Poland 1951;POL51;-7,00
616,00;Poland;1952;616;Poland;POL;290,00;Poland 1952;POL52;-7,00
616,00;Poland;1953;616;Poland;POL;290,00;Poland 1953;POL53;-7,00
616,00;Poland;1954;616;Poland;POL;290,00;Poland 1954;POL54;-7,00
616,00;Poland;1955;616;Poland;POL;290,00;Poland 1955;POL55;-7,00
616,00;Poland;1956;616;Poland;POL;290,00;Poland 1956;POL56;-7,00
616,00;Poland;1957;616;Poland;POL;290,00;Poland 1957;POL57;-7,00
616,00;Poland;1958;616;Poland;POL;290,00;Poland 1958;POL58;-7,00
616,00;Poland;1959;616;Poland;POL;290,00;Poland 1959;POL59;-7,00
616,00;Poland;1960;616;Poland;POL;290,00;Poland 1960;POL60;-7,00
616,00;Poland;1961;616;Poland;POL;290,00;Poland 1961;POL61;-7,00
616,00;Poland;1962;616;Poland;POL;290,00;Poland 1962;POL62;-7,00
616,00;Poland;1963;616;Poland;POL;290,00;Poland 1963;POL63;-7,00
616,00;Poland;1964;616;Poland;POL;290,00;Poland 1964;POL64;-7,00
616,00;Poland;1965;616;Poland;POL;290,00;Poland 1965;POL65;-7,00
616,00;Poland;1966;616;Poland;POL;290,00;Poland 1966;POL66;-7,00
616,00;Poland;1967;616;Poland;POL;290,00;Poland 1967;POL67;-7,00
616,00;Poland;1968;616;Poland;POL;290,00;Poland 1968;POL68;-7,00
616,00;Poland;1969;616;Poland;POL;290,00;Poland 1969;POL69;-7,00
616,00;Poland;1970;616;Poland;POL;290,00;Poland 1970;POL70;-7,00
616,00;Poland;1971;616;Poland;POL;290,00;Poland 1971;POL71;-7,00
616,00;Poland;1972;616;Poland;POL;290,00;Poland 1972;POL72;-7,00
616,00;Poland;1973;616;Poland;POL;290,00;Poland 1973;POL73;-7,00
616,00;Poland;1974;616;Poland;POL;290,00;Poland 1974;POL74;-7,00
616,00;Poland;1975;616;Poland;POL;290,00;Poland 1975;POL75;-7,00
616,00;Poland;1976;616;Poland;POL;290,00;Poland 1976;POL76;-7,00
616,00;Poland;1977;616;Poland;POL;290,00;Poland 1977;POL77;-7,00
616,00;Poland;1978;616;Poland;POL;290,00;Poland 1978;POL78;-7,00
616,00;Poland;1979;616;Poland;POL;290,00;Poland 1979;POL79;-7,00
616,00;Poland;1980;616;Poland;POL;290,00;Poland 1980;POL80;-6,00
616,00;Poland;1981;616;Poland;POL;290,00;Poland 1981;POL81;-8,00
616,00;Poland;1982;616;Poland;POL;290,00;Poland 1982;POL82;-8,00
616,00;Poland;1983;616;Poland;POL;290,00;Poland 1983;POL83;-7,00
616,00;Poland;1984;616;Poland;POL;290,00;Poland 1984;POL84;-7,00
616,00;Poland;1985;616;Poland;POL;290,00;Poland 1985;POL85;-7,00
616,00;Poland;1986;616;Poland;POL;290,00;Poland 1986;POL86;-7,00
616,00;Poland;1987;616;Poland;POL;290,00;Poland 1987;POL87;-6,00
616,00;Poland;1988;616;Poland;POL;290,00;Poland 1988;POL88;-6,00
616,00;Poland;1989;616;Poland;POL;290,00;Poland 1989;POL89;5,00
616,00;Poland;1990;616;Poland;POL;290,00;Poland 1990;POL90;5,00
616,00;Poland;1991;616;Poland;POL;290,00;Poland 1991;POL91;8,00
616,00;Poland;1992;616;Poland;POL;290,00;Poland 1992;POL92;8,00
616,00;Poland;1993;616;Poland;POL;290,00;Poland 1993;POL93;8,00
616,00;Poland;1994;616;Poland;POL;290,00;Poland 1994;POL94;8,00
616,00;Poland;1995;616;Poland;POL;290,00;Poland 1995;POL95;9,00
616,00;Poland;1996;616;Poland;POL;290,00;Poland 1996;POL96;9,00
616,00;Poland;1997;616;Poland;POL;290,00;Poland 1997;POL97;9,00
616,00;Poland;1998;616;Poland;POL;290,00;Poland 1998;POL98;9,00
616,00;Poland;1999;616;Poland;POL;290,00;Poland 1999;POL99;9,00
616,00;Poland;2000;616;Poland;POL;290,00;Poland 2000;POL00;9,00
616,00;Poland;2001;616;Poland;POL;290,00;Poland 2001;POL01;9,00
616,00;Poland;2002;616;Poland;POL;290,00;Poland 2002;POL02;10,00
616,00;Poland;2003;616;Poland;POL;290,00;Poland 2003;POL03;10,00
616,00;Poland;2004;616;Poland;POL;290,00;Poland 2004;POL04;10,00
616,00;Poland;2005;616;Poland;POL;290,00;Poland 2005;POL05;10,00
616,00;Poland;2006;616;Poland;POL;290,00;Poland 2006;POL06;10,00
616,00;Poland;2007;616;Poland;POL;290,00;Poland 2007;POL07;10,00
616,00;Poland;2008;616;Poland;POL;290,00;Poland 2008;POL08;10,00
616,00;Poland;2009;616;Poland;POL;290,00;Poland 2009;POL09;10,00
616,00;Poland;2010;616;Poland;POL;290,00;Poland 2010;POL10;10,00
616,00;Poland;2011;616;Poland;POL;290,00;Poland 2011;POL11;10,00
616,00;Poland;2012;616;Poland;POL;290,00;Poland 2012;POL12;10,00
616,00;Poland;2013;616;Poland;POL;290,00;Poland 2013;POL13;10,00
616,00;Poland;2014;616;Poland;POL;290,00;Poland 2014;POL14;10,00
616,00;Poland;2015;616;Poland;POL;290,00;Poland 2015;POL15;10,00
616,00;Poland;2016;616;Poland;POL;290,00;Poland 2016;POL16;10,00
616,00;Poland;2017;616;Poland;POL;290,00;Poland 2017;POL17;10,00
616,00;Poland;2018;616;Poland;POL;290,00;Poland 2018;POL18;10,00
620,00;Portugal;1946;620;Portugal;PRT;235,00;Portugal 1946;PRT46;-9,00
620,00;Portugal;1947;620;Portugal;PRT;235,00;Portugal 1947;PRT47;-9,00
620,00;Portugal;1948;620;Portugal;PRT;235,00;Portugal 1948;PRT48;-9,00
620,00;Portugal;1949;620;Portugal;PRT;235,00;Portugal 1949;PRT49;-9,00
620,00;Portugal;1950;620;Portugal;PRT;235,00;Portugal 1950;PRT50;-9,00
620,00;Portugal;1951;620;Portugal;PRT;235,00;Portugal 1951;PRT51;-9,00
620,00;Portugal;1952;620;Portugal;PRT;235,00;Portugal 1952;PRT52;-9,00
620,00;Portugal;1953;620;Portugal;PRT;235,00;Portugal 1953;PRT53;-9,00
620,00;Portugal;1954;620;Portugal;PRT;235,00;Portugal 1954;PRT54;-9,00
620,00;Portugal;1955;620;Portugal;PRT;235,00;Portugal 1955;PRT55;-9,00
620,00;Portugal;1956;620;Portugal;PRT;235,00;Portugal 1956;PRT56;-9,00
620,00;Portugal;1957;620;Portugal;PRT;235,00;Portugal 1957;PRT57;-9,00
620,00;Portugal;1958;620;Portugal;PRT;235,00;Portugal 1958;PRT58;-9,00
620,00;Portugal;1959;620;Portugal;PRT;235,00;Portugal 1959;PRT59;-9,00
620,00;Portugal;1960;620;Portugal;PRT;235,00;Portugal 1960;PRT60;-9,00
620,00;Portugal;1961;620;Portugal;PRT;235,00;Portugal 1961;PRT61;-9,00
620,00;Portugal;1962;620;Portugal;PRT;235,00;Portugal 1962;PRT62;-9,00
620,00;Portugal;1963;620;Portugal;PRT;235,00;Portugal 1963;PRT63;-9,00
620,00;Portugal;1964;620;Portugal;PRT;235,00;Portugal 1964;PRT64;-9,00
620,00;Portugal;1965;620;Portugal;PRT;235,00;Portugal 1965;PRT65;-9,00
620,00;Portugal;1966;620;Portugal;PRT;235,00;Portugal 1966;PRT66;-9,00
620,00;Portugal;1967;620;Portugal;PRT;235,00;Portugal 1967;PRT67;-9,00
620,00;Portugal;1968;620;Portugal;PRT;235,00;Portugal 1968;PRT68;-9,00
620,00;Portugal;1969;620;Portugal;PRT;235,00;Portugal 1969;PRT69;-9,00
620,00;Portugal;1970;620;Portugal;PRT;235,00;Portugal 1970;PRT70;-9,00
620,00;Portugal;1971;620;Portugal;PRT;235,00;Portugal 1971;PRT71;-9,00
620,00;Portugal;1972;620;Portugal;PRT;235,00;Portugal 1972;PRT72;-9,00
620,00;Portugal;1973;620;Portugal;PRT;235,00;Portugal 1973;PRT73;-9,00
620,00;Portugal;1974;620;Portugal;PRT;235,00;Portugal 1974;PRT74;-3,00
620,00;Portugal;1975;620;Portugal;PRT;235,00;Portugal 1975;PRT75;3,00
620,00;Portugal;1976;620;Portugal;PRT;235,00;Portugal 1976;PRT76;9,00
620,00;Portugal;1977;620;Portugal;PRT;235,00;Portugal 1977;PRT77;9,00
620,00;Portugal;1978;620;Portugal;PRT;235,00;Portugal 1978;PRT78;9,00
620,00;Portugal;1979;620;Portugal;PRT;235,00;Portugal 1979;PRT79;9,00
620,00;Portugal;1980;620;Portugal;PRT;235,00;Portugal 1980;PRT80;9,00
620,00;Portugal;1981;620;Portugal;PRT;235,00;Portugal 1981;PRT81;9,00
620,00;Portugal;1982;620;Portugal;PRT;235,00;Portugal 1982;PRT82;10,00
620,00;Portugal;1983;620;Portugal;PRT;235,00;Portugal 1983;PRT83;10,00
620,00;Portugal;1984;620;Portugal;PRT;235,00;Portugal 1984;PRT84;10,00
620,00;Portugal;1985;620;Portugal;PRT;235,00;Portugal 1985;PRT85;10,00
620,00;Portugal;1986;620;Portugal;PRT;235,00;Portugal 1986;PRT86;10,00
620,00;Portugal;1987;620;Portugal;PRT;235,00;Portugal 1987;PRT87;10,00
620,00;Portugal;1988;620;Portugal;PRT;235,00;Portugal 1988;PRT88;10,00
620,00;Portugal;1989;620;Portugal;PRT;235,00;Portugal 1989;PRT89;10,00
620,00;Portugal;1990;620;Portugal;PRT;235,00;Portugal 1990;PRT90;10,00
620,00;Portugal;1991;620;Portugal;PRT;235,00;Portugal 1991;PRT91;10,00
620,00;Portugal;1992;620;Portugal;PRT;235,00;Portugal 1992;PRT92;10,00
620,00;Portugal;1993;620;Portugal;PRT;235,00;Portugal 1993;PRT93;10,00
620,00;Portugal;1994;620;Portugal;PRT;235,00;Portugal 1994;PRT94;10,00
620,00;Portugal;1995;620;Portugal;PRT;235,00;Portugal 1995;PRT95;10,00
620,00;Portugal;1996;620;Portugal;PRT;235,00;Portugal 1996;PRT96;10,00
620,00;Portugal;1997;620;Portugal;PRT;235,00;Portugal 1997;PRT97;10,00
620,00;Portugal;1998;620;Portugal;PRT;235,00;Portugal 1998;PRT98;10,00
620,00;Portugal;1999;620;Portugal;PRT;235,00;Portugal 1999;PRT99;10,00
620,00;Portugal;2000;620;Portugal;PRT;235,00;Portugal 2000;PRT00;10,00
620,00;Portugal;2001;620;Portugal;PRT;235,00;Portugal 2001;PRT01;10,00
620,00;Portugal;2002;620;Portugal;PRT;235,00;Portugal 2002;PRT02;10,00
620,00;Portugal;2003;620;Portugal;PRT;235,00;Portugal 2003;PRT03;10,00
620,00;Portugal;2004;620;Portugal;PRT;235,00;Portugal 2004;PRT04;10,00
620,00;Portugal;2005;620;Portugal;PRT;235,00;Portugal 2005;PRT05;10,00
620,00;Portugal;2006;620;Portugal;PRT;235,00;Portugal 2006;PRT06;10,00
620,00;Portugal;2007;620;Portugal;PRT;235,00;Portugal 2007;PRT07;10,00
620,00;Portugal;2008;620;Portugal;PRT;235,00;Portugal 2008;PRT08;10,00
620,00;Portugal;2009;620;Portugal;PRT;235,00;Portugal 2009;PRT09;10,00
620,00;Portugal;2010;620;Portugal;PRT;235,00;Portugal 2010;PRT10;10,00
620,00;Portugal;2011;620;Portugal;PRT;235,00;Portugal 2011;PRT11;10,00
620,00;Portugal;2012;620;Portugal;PRT;235,00;Portugal 2012;PRT12;10,00
620,00;Portugal;2013;620;Portugal;PRT;235,00;Portugal 2013;PRT13;10,00
620,00;Portugal;2014;620;Portugal;PRT;235,00;Portugal 2014;PRT14;10,00
620,00;Portugal;2015;620;Portugal;PRT;235,00;Portugal 2015;PRT15;10,00
620,00;Portugal;2016;620;Portugal;PRT;235,00;Portugal 2016;PRT16;10,00
620,00;Portugal;2017;620;Portugal;PRT;235,00;Portugal 2017;PRT17;10,00
620,00;Portugal;2018;620;Portugal;PRT;235,00;Portugal 2018;PRT18;10,00
624,00;Guinea-Bissau;1975;624;Guinea-Bissau;GNB;404,00;Guinea-Bissau 1975;GNB75;-7,00
624,00;Guinea-Bissau;1976;624;Guinea-Bissau;GNB;404,00;Guinea-Bissau 1976;GNB76;-7,00
624,00;Guinea-Bissau;1977;624;Guinea-Bissau;GNB;404,00;Guinea-Bissau 1977;GNB77;-7,00
624,00;Guinea-Bissau;1978;624;Guinea-Bissau;GNB;404,00;Guinea-Bissau 1978;GNB78;-7,00
624,00;Guinea-Bissau;1979;624;Guinea-Bissau;GNB;404,00;Guinea-Bissau 1979;GNB79;-7,00
624,00;Guinea-Bissau;1980;624;Guinea-Bissau;GNB;404,00;Guinea-Bissau 1980;GNB80;-9,00
624,00;Guinea-Bissau;1981;624;Guinea-Bissau;GNB;404,00;Guinea-Bissau 1981;GNB81;-9,00
624,00;Guinea-Bissau;1982;624;Guinea-Bissau;GNB;404,00;Guinea-Bissau 1982;GNB82;-9,00
624,00;Guinea-Bissau;1983;624;Guinea-Bissau;GNB;404,00;Guinea-Bissau 1983;GNB83;-9,00
624,00;Guinea-Bissau;1984;624;Guinea-Bissau;GNB;404,00;Guinea-Bissau 1984;GNB84;-8,00
624,00;Guinea-Bissau;1985;624;Guinea-Bissau;GNB;404,00;Guinea-Bissau 1985;GNB85;-8,00
624,00;Guinea-Bissau;1986;624;Guinea-Bissau;GNB;404,00;Guinea-Bissau 1986;GNB86;-8,00
624,00;Guinea-Bissau;1987;624;Guinea-Bissau;GNB;404,00;Guinea-Bissau 1987;GNB87;-8,00
624,00;Guinea-Bissau;1988;624;Guinea-Bissau;GNB;404,00;Guinea-Bissau 1988;GNB88;-8,00
624,00;Guinea-Bissau;1989;624;Guinea-Bissau;GNB;404,00;Guinea-Bissau 1989;GNB89;-8,00
624,00;Guinea-Bissau;1990;624;Guinea-Bissau;GNB;404,00;Guinea-Bissau 1990;GNB90;-8,00
624,00;Guinea-Bissau;1991;624;Guinea-Bissau;GNB;404,00;Guinea-Bissau 1991;GNB91;-5,00
624,00;Guinea-Bissau;1992;624;Guinea-Bissau;GNB;404,00;Guinea-Bissau 1992;GNB92;-5,00
624,00;Guinea-Bissau;1993;624;Guinea-Bissau;GNB;404,00;Guinea-Bissau 1993;GNB93;-5,00
624,00;Guinea-Bissau;1994;624;Guinea-Bissau;GNB;404,00;Guinea-Bissau 1994;GNB94;2,00
624,00;Guinea-Bissau;1995;624;Guinea-Bissau;GNB;404,00;Guinea-Bissau 1995;GNB95;2,00
624,00;Guinea-Bissau;1996;624;Guinea-Bissau;GNB;404,00;Guinea-Bissau 1996;GNB96;2,00
624,00;Guinea-Bissau;1997;624;Guinea-Bissau;GNB;404,00;Guinea-Bissau 1997;GNB97;2,00
624,00;Guinea-Bissau;1998;624;Guinea-Bissau;GNB;404,00;Guinea-Bissau 1998;GNB98;0,00
624,00;Guinea-Bissau;1999;624;Guinea-Bissau;GNB;404,00;Guinea-Bissau 1999;GNB99;3,00
624,00;Guinea-Bissau;2000;624;Guinea-Bissau;GNB;404,00;Guinea-Bissau 2000;GNB00;5,00
624,00;Guinea-Bissau;2001;624;Guinea-Bissau;GNB;404,00;Guinea-Bissau 2001;GNB01;5,00
624,00;Guinea-Bissau;2002;624;Guinea-Bissau;GNB;404,00;Guinea-Bissau 2002;GNB02;5,00
624,00;Guinea-Bissau;2003;624;Guinea-Bissau;GNB;404,00;Guinea-Bissau 2003;GNB03;-1,00
624,00;Guinea-Bissau;2004;624;Guinea-Bissau;GNB;404,00;Guinea-Bissau 2004;GNB04;-1,00
624,00;Guinea-Bissau;2005;624;Guinea-Bissau;GNB;404,00;Guinea-Bissau 2005;GNB05;6,00
624,00;Guinea-Bissau;2006;624;Guinea-Bissau;GNB;404,00;Guinea-Bissau 2006;GNB06;6,00
624,00;Guinea-Bissau;2007;624;Guinea-Bissau;GNB;404,00;Guinea-Bissau 2007;GNB07;6,00
624,00;Guinea-Bissau;2008;624;Guinea-Bissau;GNB;404,00;Guinea-Bissau 2008;GNB08;6,00
624,00;Guinea-Bissau;2009;624;Guinea-Bissau;GNB;404,00;Guinea-Bissau 2009;GNB09;6,00
624,00;Guinea-Bissau;2010;624;Guinea-Bissau;GNB;404,00;Guinea-Bissau 2010;GNB10;6,00
624,00;Guinea-Bissau;2011;624;Guinea-Bissau;GNB;404,00;Guinea-Bissau 2011;GNB11;6,00
624,00;Guinea-Bissau;2012;624;Guinea-Bissau;GNB;404,00;Guinea-Bissau 2012;GNB12;1,00
624,00;Guinea-Bissau;2013;624;Guinea-Bissau;GNB;404,00;Guinea-Bissau 2013;GNB13;1,00
624,00;Guinea-Bissau;2014;624;Guinea-Bissau;GNB;404,00;Guinea-Bissau 2014;GNB14;6,00
624,00;Guinea-Bissau;2015;624;Guinea-Bissau;GNB;404,00;Guinea-Bissau 2015;GNB15;6,00
624,00;Guinea-Bissau;2016;624;Guinea-Bissau;GNB;404,00;Guinea-Bissau 2016;GNB16;6,00
624,00;Guinea-Bissau;2017;624;Guinea-Bissau;GNB;404,00;Guinea-Bissau 2017;GNB17;6,00
624,00;Guinea-Bissau;2018;624;Guinea-Bissau;GNB;404,00;Guinea-Bissau 2018;GNB18;6,00
626,00;Timor-Leste;2002;626;Timor-Leste;TLS;860,00;Timor-Leste 2002;TLS02;6,00
626,00;Timor-Leste;2003;626;Timor-Leste;TLS;860,00;Timor-Leste 2003;TLS03;6,00
626,00;Timor-Leste;2004;626;Timor-Leste;TLS;860,00;Timor-Leste 2004;TLS04;6,00
626,00;Timor-Leste;2005;626;Timor-Leste;TLS;860,00;Timor-Leste 2005;TLS05;6,00
626,00;Timor-Leste;2006;626;Timor-Leste;TLS;860,00;Timor-Leste 2006;TLS06;7,00
626,00;Timor-Leste;2007;626;Timor-Leste;TLS;860,00;Timor-Leste 2007;TLS07;7,00
626,00;Timor-Leste;2008;626;Timor-Leste;TLS;860,00;Timor-Leste 2008;TLS08;7,00
626,00;Timor-Leste;2009;626;Timor-Leste;TLS;860,00;Timor-Leste 2009;TLS09;7,00
626,00;Timor-Leste;2010;626;Timor-Leste;TLS;860,00;Timor-Leste 2010;TLS10;7,00
626,00;Timor-Leste;2011;626;Timor-Leste;TLS;860,00;Timor-Leste 2011;TLS11;7,00
626,00;Timor-Leste;2012;626;Timor-Leste;TLS;860,00;Timor-Leste 2012;TLS12;8,00
626,00;Timor-Leste;2013;626;Timor-Leste;TLS;860,00;Timor-Leste 2013;TLS13;8,00
626,00;Timor-Leste;2014;626;Timor-Leste;TLS;860,00;Timor-Leste 2014;TLS14;8,00
626,00;Timor-Leste;2015;626;Timor-Leste;TLS;860,00;Timor-Leste 2015;TLS15;8,00
626,00;Timor-Leste;2016;626;Timor-Leste;TLS;860,00;Timor-Leste 2016;TLS16;8,00
626,00;Timor-Leste;2017;626;Timor-Leste;TLS;860,00;Timor-Leste 2017;TLS17;8,00
626,00;Timor-Leste;2018;626;Timor-Leste;TLS;860,00;Timor-Leste 2018;TLS18;8,00
634,00;Qatar;1972;634;Qatar;QAT;694,00;Qatar 1972;QAT72;-10,00
634,00;Qatar;1973;634;Qatar;QAT;694,00;Qatar 1973;QAT73;-10,00
634,00;Qatar;1974;634;Qatar;QAT;694,00;Qatar 1974;QAT74;-10,00
634,00;Qatar;1975;634;Qatar;QAT;694,00;Qatar 1975;QAT75;-10,00
634,00;Qatar;1976;634;Qatar;QAT;694,00;Qatar 1976;QAT76;-10,00
634,00;Qatar;1977;634;Qatar;QAT;694,00;Qatar 1977;QAT77;-10,00
634,00;Qatar;1978;634;Qatar;QAT;694,00;Qatar 1978;QAT78;-10,00
634,00;Qatar;1979;634;Qatar;QAT;694,00;Qatar 1979;QAT79;-10,00
634,00;Qatar;1980;634;Qatar;QAT;694,00;Qatar 1980;QAT80;-10,00
634,00;Qatar;1981;634;Qatar;QAT;694,00;Qatar 1981;QAT81;-10,00
634,00;Qatar;1982;634;Qatar;QAT;694,00;Qatar 1982;QAT82;-10,00
634,00;Qatar;1983;634;Qatar;QAT;694,00;Qatar 1983;QAT83;-10,00
634,00;Qatar;1984;634;Qatar;QAT;694,00;Qatar 1984;QAT84;-10,00
634,00;Qatar;1985;634;Qatar;QAT;694,00;Qatar 1985;QAT85;-10,00
634,00;Qatar;1986;634;Qatar;QAT;694,00;Qatar 1986;QAT86;-10,00
634,00;Qatar;1987;634;Qatar;QAT;694,00;Qatar 1987;QAT87;-10,00
634,00;Qatar;1988;634;Qatar;QAT;694,00;Qatar 1988;QAT88;-10,00
634,00;Qatar;1989;634;Qatar;QAT;694,00;Qatar 1989;QAT89;-10,00
634,00;Qatar;1990;634;Qatar;QAT;694,00;Qatar 1990;QAT90;-10,00
634,00;Qatar;1991;634;Qatar;QAT;694,00;Qatar 1991;QAT91;-10,00
634,00;Qatar;1992;634;Qatar;QAT;694,00;Qatar 1992;QAT92;-10,00
634,00;Qatar;1993;634;Qatar;QAT;694,00;Qatar 1993;QAT93;-10,00
634,00;Qatar;1994;634;Qatar;QAT;694,00;Qatar 1994;QAT94;-10,00
634,00;Qatar;1995;634;Qatar;QAT;694,00;Qatar 1995;QAT95;-10,00
634,00;Qatar;1996;634;Qatar;QAT;694,00;Qatar 1996;QAT96;-10,00
634,00;Qatar;1997;634;Qatar;QAT;694,00;Qatar 1997;QAT97;-10,00
634,00;Qatar;1998;634;Qatar;QAT;694,00;Qatar 1998;QAT98;-10,00
634,00;Qatar;1999;634;Qatar;QAT;694,00;Qatar 1999;QAT99;-10,00
634,00;Qatar;2000;634;Qatar;QAT;694,00;Qatar 2000;QAT00;-10,00
634,00;Qatar;2001;634;Qatar;QAT;694,00;Qatar 2001;QAT01;-10,00
634,00;Qatar;2002;634;Qatar;QAT;694,00;Qatar 2002;QAT02;-10,00
634,00;Qatar;2003;634;Qatar;QAT;694,00;Qatar 2003;QAT03;-10,00
634,00;Qatar;2004;634;Qatar;QAT;694,00;Qatar 2004;QAT04;-10,00
634,00;Qatar;2005;634;Qatar;QAT;694,00;Qatar 2005;QAT05;-10,00
634,00;Qatar;2006;634;Qatar;QAT;694,00;Qatar 2006;QAT06;-10,00
634,00;Qatar;2007;634;Qatar;QAT;694,00;Qatar 2007;QAT07;-10,00
634,00;Qatar;2008;634;Qatar;QAT;694,00;Qatar 2008;QAT08;-10,00
634,00;Qatar;2009;634;Qatar;QAT;694,00;Qatar 2009;QAT09;-10,00
634,00;Qatar;2010;634;Qatar;QAT;694,00;Qatar 2010;QAT10;-10,00
634,00;Qatar;2011;634;Qatar;QAT;694,00;Qatar 2011;QAT11;-10,00
634,00;Qatar;2012;634;Qatar;QAT;694,00;Qatar 2012;QAT12;-10,00
634,00;Qatar;2013;634;Qatar;QAT;694,00;Qatar 2013;QAT13;-10,00
634,00;Qatar;2014;634;Qatar;QAT;694,00;Qatar 2014;QAT14;-10,00
634,00;Qatar;2015;634;Qatar;QAT;694,00;Qatar 2015;QAT15;-10,00
634,00;Qatar;2016;634;Qatar;QAT;694,00;Qatar 2016;QAT16;-10,00
634,00;Qatar;2017;634;Qatar;QAT;694,00;Qatar 2017;QAT17;-10,00
634,00;Qatar;2018;634;Qatar;QAT;694,00;Qatar 2018;QAT18;-10,00
642,00;Romania;1946;642;Romania;ROU;360,00;Romania 1946;ROU46;-3,00
642,00;Romania;1947;642;Romania;ROU;360,00;Romania 1947;ROU47;-7,00
642,00;Romania;1948;642;Romania;ROU;360,00;Romania 1948;ROU48;-7,00
642,00;Romania;1949;642;Romania;ROU;360,00;Romania 1949;ROU49;-7,00
642,00;Romania;1950;642;Romania;ROU;360,00;Romania 1950;ROU50;-7,00
642,00;Romania;1951;642;Romania;ROU;360,00;Romania 1951;ROU51;-7,00
642,00;Romania;1952;642;Romania;ROU;360,00;Romania 1952;ROU52;-7,00
642,00;Romania;1953;642;Romania;ROU;360,00;Romania 1953;ROU53;-7,00
642,00;Romania;1954;642;Romania;ROU;360,00;Romania 1954;ROU54;-7,00
642,00;Romania;1955;642;Romania;ROU;360,00;Romania 1955;ROU55;-7,00
642,00;Romania;1956;642;Romania;ROU;360,00;Romania 1956;ROU56;-7,00
642,00;Romania;1957;642;Romania;ROU;360,00;Romania 1957;ROU57;-7,00
642,00;Romania;1958;642;Romania;ROU;360,00;Romania 1958;ROU58;-7,00
642,00;Romania;1959;642;Romania;ROU;360,00;Romania 1959;ROU59;-7,00
642,00;Romania;1960;642;Romania;ROU;360,00;Romania 1960;ROU60;-7,00
642,00;Romania;1961;642;Romania;ROU;360,00;Romania 1961;ROU61;-7,00
642,00;Romania;1962;642;Romania;ROU;360,00;Romania 1962;ROU62;-7,00
642,00;Romania;1963;642;Romania;ROU;360,00;Romania 1963;ROU63;-7,00
642,00;Romania;1964;642;Romania;ROU;360,00;Romania 1964;ROU64;-7,00
642,00;Romania;1965;642;Romania;ROU;360,00;Romania 1965;ROU65;-7,00
642,00;Romania;1966;642;Romania;ROU;360,00;Romania 1966;ROU66;-7,00
642,00;Romania;1967;642;Romania;ROU;360,00;Romania 1967;ROU67;-7,00
642,00;Romania;1968;642;Romania;ROU;360,00;Romania 1968;ROU68;-7,00
642,00;Romania;1969;642;Romania;ROU;360,00;Romania 1969;ROU69;-7,00
642,00;Romania;1970;642;Romania;ROU;360,00;Romania 1970;ROU70;-7,00
642,00;Romania;1971;642;Romania;ROU;360,00;Romania 1971;ROU71;-7,00
642,00;Romania;1972;642;Romania;ROU;360,00;Romania 1972;ROU72;-7,00
642,00;Romania;1973;642;Romania;ROU;360,00;Romania 1973;ROU73;-7,00
642,00;Romania;1974;642;Romania;ROU;360,00;Romania 1974;ROU74;-7,00
642,00;Romania;1975;642;Romania;ROU;360,00;Romania 1975;ROU75;-7,00
642,00;Romania;1976;642;Romania;ROU;360,00;Romania 1976;ROU76;-7,00
642,00;Romania;1977;642;Romania;ROU;360,00;Romania 1977;ROU77;-8,00
642,00;Romania;1978;642;Romania;ROU;360,00;Romania 1978;ROU78;-8,00
642,00;Romania;1979;642;Romania;ROU;360,00;Romania 1979;ROU79;-8,00
642,00;Romania;1980;642;Romania;ROU;360,00;Romania 1980;ROU80;-8,00
642,00;Romania;1981;642;Romania;ROU;360,00;Romania 1981;ROU81;-8,00
642,00;Romania;1982;642;Romania;ROU;360,00;Romania 1982;ROU82;-8,00
642,00;Romania;1983;642;Romania;ROU;360,00;Romania 1983;ROU83;-8,00
642,00;Romania;1984;642;Romania;ROU;360,00;Romania 1984;ROU84;-8,00
642,00;Romania;1985;642;Romania;ROU;360,00;Romania 1985;ROU85;-8,00
642,00;Romania;1986;642;Romania;ROU;360,00;Romania 1986;ROU86;-8,00
642,00;Romania;1987;642;Romania;ROU;360,00;Romania 1987;ROU87;-8,00
642,00;Romania;1988;642;Romania;ROU;360,00;Romania 1988;ROU88;-8,00
642,00;Romania;1989;642;Romania;ROU;360,00;Romania 1989;ROU89;-1,00
642,00;Romania;1990;642;Romania;ROU;360,00;Romania 1990;ROU90;5,00
642,00;Romania;1991;642;Romania;ROU;360,00;Romania 1991;ROU91;5,00
642,00;Romania;1992;642;Romania;ROU;360,00;Romania 1992;ROU92;5,00
642,00;Romania;1993;642;Romania;ROU;360,00;Romania 1993;ROU93;5,00
642,00;Romania;1994;642;Romania;ROU;360,00;Romania 1994;ROU94;5,00
642,00;Romania;1995;642;Romania;ROU;360,00;Romania 1995;ROU95;5,00
642,00;Romania;1996;642;Romania;ROU;360,00;Romania 1996;ROU96;8,00
642,00;Romania;1997;642;Romania;ROU;360,00;Romania 1997;ROU97;8,00
642,00;Romania;1998;642;Romania;ROU;360,00;Romania 1998;ROU98;8,00
642,00;Romania;1999;642;Romania;ROU;360,00;Romania 1999;ROU99;8,00
642,00;Romania;2000;642;Romania;ROU;360,00;Romania 2000;ROU00;8,00
642,00;Romania;2001;642;Romania;ROU;360,00;Romania 2001;ROU01;8,00
642,00;Romania;2002;642;Romania;ROU;360,00;Romania 2002;ROU02;8,00
642,00;Romania;2003;642;Romania;ROU;360,00;Romania 2003;ROU03;8,00
642,00;Romania;2004;642;Romania;ROU;360,00;Romania 2004;ROU04;9,00
642,00;Romania;2005;642;Romania;ROU;360,00;Romania 2005;ROU05;9,00
642,00;Romania;2006;642;Romania;ROU;360,00;Romania 2006;ROU06;9,00
642,00;Romania;2007;642;Romania;ROU;360,00;Romania 2007;ROU07;9,00
642,00;Romania;2008;642;Romania;ROU;360,00;Romania 2008;ROU08;9,00
642,00;Romania;2009;642;Romania;ROU;360,00;Romania 2009;ROU09;9,00
642,00;Romania;2010;642;Romania;ROU;360,00;Romania 2010;ROU10;9,00
642,00;Romania;2011;642;Romania;ROU;360,00;Romania 2011;ROU11;9,00
642,00;Romania;2012;642;Romania;ROU;360,00;Romania 2012;ROU12;9,00
642,00;Romania;2013;642;Romania;ROU;360,00;Romania 2013;ROU13;9,00
642,00;Romania;2014;642;Romania;ROU;360,00;Romania 2014;ROU14;9,00
642,00;Romania;2015;642;Romania;ROU;360,00;Romania 2015;ROU15;9,00
642,00;Romania;2016;642;Romania;ROU;360,00;Romania 2016;ROU16;9,00
642,00;Romania;2017;642;Romania;ROU;360,00;Romania 2017;ROU17;9,00
642,00;Romania;2018;642;Romania;ROU;360,00;Romania 2018;ROU18;9,00
643,00;Russian Federation (the);1992;643;Russia;RUS;365,00;Russia 1992;RUS92;5,00
643,00;Russian Federation (the);1993;643;Russia;RUS;365,00;Russia 1993;RUS93;3,00
643,00;Russian Federation (the);1994;643;Russia;RUS;365,00;Russia 1994;RUS94;3,00
643,00;Russian Federation (the);1995;643;Russia;RUS;365,00;Russia 1995;RUS95;3,00
643,00;Russian Federation (the);1996;643;Russia;RUS;365,00;Russia 1996;RUS96;3,00
643,00;Russian Federation (the);1997;643;Russia;RUS;365,00;Russia 1997;RUS97;3,00
643,00;Russian Federation (the);1998;643;Russia;RUS;365,00;Russia 1998;RUS98;3,00
643,00;Russian Federation (the);1999;643;Russia;RUS;365,00;Russia 1999;RUS99;3,00
643,00;Russian Federation (the);2000;643;Russia;RUS;365,00;Russia 2000;RUS00;6,00
643,00;Russian Federation (the);2001;643;Russia;RUS;365,00;Russia 2001;RUS01;6,00
643,00;Russian Federation (the);2002;643;Russia;RUS;365,00;Russia 2002;RUS02;6,00
643,00;Russian Federation (the);2003;643;Russia;RUS;365,00;Russia 2003;RUS03;6,00
643,00;Russian Federation (the);2004;643;Russia;RUS;365,00;Russia 2004;RUS04;6,00
643,00;Russian Federation (the);2005;643;Russia;RUS;365,00;Russia 2005;RUS05;6,00
643,00;Russian Federation (the);2006;643;Russia;RUS;365,00;Russia 2006;RUS06;6,00
643,00;Russian Federation (the);2007;643;Russia;RUS;365,00;Russia 2007;RUS07;4,00
643,00;Russian Federation (the);2008;643;Russia;RUS;365,00;Russia 2008;RUS08;4,00
643,00;Russian Federation (the);2009;643;Russia;RUS;365,00;Russia 2009;RUS09;4,00
643,00;Russian Federation (the);2010;643;Russia;RUS;365,00;Russia 2010;RUS10;4,00
643,00;Russian Federation (the);2011;643;Russia;RUS;365,00;Russia 2011;RUS11;4,00
643,00;Russian Federation (the);2012;643;Russia;RUS;365,00;Russia 2012;RUS12;4,00
643,00;Russian Federation (the);2013;643;Russia;RUS;365,00;Russia 2013;RUS13;4,00
643,00;Russian Federation (the);2014;643;Russia;RUS;365,00;Russia 2014;RUS14;4,00
643,00;Russian Federation (the);2015;643;Russia;RUS;365,00;Russia 2015;RUS15;4,00
643,00;Russian Federation (the);2016;643;Russia;RUS;365,00;Russia 2016;RUS16;4,00
643,00;Russian Federation (the);2017;643;Russia;RUS;365,00;Russia 2017;RUS17;4,00
643,00;Russian Federation (the);2018;643;Russia;RUS;365,00;Russia 2018;RUS18;4,00
646,00;Rwanda;1963;646;Rwanda;RWA;517,00;Rwanda 1963;RWA63;-5,00
646,00;Rwanda;1964;646;Rwanda;RWA;517,00;Rwanda 1964;RWA64;-5,00
646,00;Rwanda;1965;646;Rwanda;RWA;517,00;Rwanda 1965;RWA65;-5,00
646,00;Rwanda;1966;646;Rwanda;RWA;517,00;Rwanda 1966;RWA66;-5,00
646,00;Rwanda;1967;646;Rwanda;RWA;517,00;Rwanda 1967;RWA67;-5,00
646,00;Rwanda;1968;646;Rwanda;RWA;517,00;Rwanda 1968;RWA68;-5,00
646,00;Rwanda;1969;646;Rwanda;RWA;517,00;Rwanda 1969;RWA69;-5,00
646,00;Rwanda;1970;646;Rwanda;RWA;517,00;Rwanda 1970;RWA70;-5,00
646,00;Rwanda;1971;646;Rwanda;RWA;517,00;Rwanda 1971;RWA71;-5,00
646,00;Rwanda;1972;646;Rwanda;RWA;517,00;Rwanda 1972;RWA72;-5,00
646,00;Rwanda;1973;646;Rwanda;RWA;517,00;Rwanda 1973;RWA73;-7,00
646,00;Rwanda;1974;646;Rwanda;RWA;517,00;Rwanda 1974;RWA74;-7,00
646,00;Rwanda;1975;646;Rwanda;RWA;517,00;Rwanda 1975;RWA75;-7,00
646,00;Rwanda;1976;646;Rwanda;RWA;517,00;Rwanda 1976;RWA76;-7,00
646,00;Rwanda;1977;646;Rwanda;RWA;517,00;Rwanda 1977;RWA77;-7,00
646,00;Rwanda;1978;646;Rwanda;RWA;517,00;Rwanda 1978;RWA78;-7,00
646,00;Rwanda;1979;646;Rwanda;RWA;517,00;Rwanda 1979;RWA79;-7,00
646,00;Rwanda;1980;646;Rwanda;RWA;517,00;Rwanda 1980;RWA80;-7,00
646,00;Rwanda;1981;646;Rwanda;RWA;517,00;Rwanda 1981;RWA81;-7,00
646,00;Rwanda;1982;646;Rwanda;RWA;517,00;Rwanda 1982;RWA82;-7,00
646,00;Rwanda;1983;646;Rwanda;RWA;517,00;Rwanda 1983;RWA83;-7,00
646,00;Rwanda;1984;646;Rwanda;RWA;517,00;Rwanda 1984;RWA84;-7,00
646,00;Rwanda;1985;646;Rwanda;RWA;517,00;Rwanda 1985;RWA85;-7,00
646,00;Rwanda;1986;646;Rwanda;RWA;517,00;Rwanda 1986;RWA86;-7,00
646,00;Rwanda;1987;646;Rwanda;RWA;517,00;Rwanda 1987;RWA87;-7,00
646,00;Rwanda;1988;646;Rwanda;RWA;517,00;Rwanda 1988;RWA88;-7,00
646,00;Rwanda;1989;646;Rwanda;RWA;517,00;Rwanda 1989;RWA89;-7,00
646,00;Rwanda;1990;646;Rwanda;RWA;517,00;Rwanda 1990;RWA90;-7,00
646,00;Rwanda;1991;646;Rwanda;RWA;517,00;Rwanda 1991;RWA91;-7,00
646,00;Rwanda;1992;646;Rwanda;RWA;517,00;Rwanda 1992;RWA92;-7,00
646,00;Rwanda;1993;646;Rwanda;RWA;517,00;Rwanda 1993;RWA93;-7,00
646,00;Rwanda;1994;646;Rwanda;RWA;517,00;Rwanda 1994;RWA94;-6,00
646,00;Rwanda;1995;646;Rwanda;RWA;517,00;Rwanda 1995;RWA95;-6,00
646,00;Rwanda;1996;646;Rwanda;RWA;517,00;Rwanda 1996;RWA96;-6,00
646,00;Rwanda;1997;646;Rwanda;RWA;517,00;Rwanda 1997;RWA97;-6,00
646,00;Rwanda;1998;646;Rwanda;RWA;517,00;Rwanda 1998;RWA98;-6,00
646,00;Rwanda;1999;646;Rwanda;RWA;517,00;Rwanda 1999;RWA99;-6,00
646,00;Rwanda;2000;646;Rwanda;RWA;517,00;Rwanda 2000;RWA00;-4,00
646,00;Rwanda;2001;646;Rwanda;RWA;517,00;Rwanda 2001;RWA01;-4,00
646,00;Rwanda;2002;646;Rwanda;RWA;517,00;Rwanda 2002;RWA02;-4,00
646,00;Rwanda;2003;646;Rwanda;RWA;517,00;Rwanda 2003;RWA03;-3,00
646,00;Rwanda;2004;646;Rwanda;RWA;517,00;Rwanda 2004;RWA04;-3,00
646,00;Rwanda;2005;646;Rwanda;RWA;517,00;Rwanda 2005;RWA05;-3,00
646,00;Rwanda;2006;646;Rwanda;RWA;517,00;Rwanda 2006;RWA06;-3,00
646,00;Rwanda;2007;646;Rwanda;RWA;517,00;Rwanda 2007;RWA07;-3,00
646,00;Rwanda;2008;646;Rwanda;RWA;517,00;Rwanda 2008;RWA08;-3,00
646,00;Rwanda;2009;646;Rwanda;RWA;517,00;Rwanda 2009;RWA09;-3,00
646,00;Rwanda;2010;646;Rwanda;RWA;517,00;Rwanda 2010;RWA10;-4,00
646,00;Rwanda;2011;646;Rwanda;RWA;517,00;Rwanda 2011;RWA11;-4,00
646,00;Rwanda;2012;646;Rwanda;RWA;517,00;Rwanda 2012;RWA12;-4,00
646,00;Rwanda;2013;646;Rwanda;RWA;517,00;Rwanda 2013;RWA13;-3,00
646,00;Rwanda;2014;646;Rwanda;RWA;517,00;Rwanda 2014;RWA14;-3,00
646,00;Rwanda;2015;646;Rwanda;RWA;517,00;Rwanda 2015;RWA15;-3,00
646,00;Rwanda;2016;646;Rwanda;RWA;517,00;Rwanda 2016;RWA16;-3,00
646,00;Rwanda;2017;646;Rwanda;RWA;517,00;Rwanda 2017;RWA17;-3,00
646,00;Rwanda;2018;646;Rwanda;RWA;517,00;Rwanda 2018;RWA18;-3,00
682,00;Saudi Arabia;1946;682;Saudi Arabia;SAU;670,00;Saudi Arabia 1946;SAU46;-10,00
682,00;Saudi Arabia;1947;682;Saudi Arabia;SAU;670,00;Saudi Arabia 1947;SAU47;-10,00
682,00;Saudi Arabia;1948;682;Saudi Arabia;SAU;670,00;Saudi Arabia 1948;SAU48;-10,00
682,00;Saudi Arabia;1949;682;Saudi Arabia;SAU;670,00;Saudi Arabia 1949;SAU49;-10,00
682,00;Saudi Arabia;1950;682;Saudi Arabia;SAU;670,00;Saudi Arabia 1950;SAU50;-10,00
682,00;Saudi Arabia;1951;682;Saudi Arabia;SAU;670,00;Saudi Arabia 1951;SAU51;-10,00
682,00;Saudi Arabia;1952;682;Saudi Arabia;SAU;670,00;Saudi Arabia 1952;SAU52;-10,00
682,00;Saudi Arabia;1953;682;Saudi Arabia;SAU;670,00;Saudi Arabia 1953;SAU53;-10,00
682,00;Saudi Arabia;1954;682;Saudi Arabia;SAU;670,00;Saudi Arabia 1954;SAU54;-10,00
682,00;Saudi Arabia;1955;682;Saudi Arabia;SAU;670,00;Saudi Arabia 1955;SAU55;-10,00
682,00;Saudi Arabia;1956;682;Saudi Arabia;SAU;670,00;Saudi Arabia 1956;SAU56;-10,00
682,00;Saudi Arabia;1957;682;Saudi Arabia;SAU;670,00;Saudi Arabia 1957;SAU57;-10,00
682,00;Saudi Arabia;1958;682;Saudi Arabia;SAU;670,00;Saudi Arabia 1958;SAU58;-10,00
682,00;Saudi Arabia;1959;682;Saudi Arabia;SAU;670,00;Saudi Arabia 1959;SAU59;-10,00
682,00;Saudi Arabia;1960;682;Saudi Arabia;SAU;670,00;Saudi Arabia 1960;SAU60;-10,00
682,00;Saudi Arabia;1961;682;Saudi Arabia;SAU;670,00;Saudi Arabia 1961;SAU61;-10,00
682,00;Saudi Arabia;1962;682;Saudi Arabia;SAU;670,00;Saudi Arabia 1962;SAU62;-10,00
682,00;Saudi Arabia;1963;682;Saudi Arabia;SAU;670,00;Saudi Arabia 1963;SAU63;-10,00
682,00;Saudi Arabia;1964;682;Saudi Arabia;SAU;670,00;Saudi Arabia 1964;SAU64;-10,00
682,00;Saudi Arabia;1965;682;Saudi Arabia;SAU;670,00;Saudi Arabia 1965;SAU65;-10,00
682,00;Saudi Arabia;1966;682;Saudi Arabia;SAU;670,00;Saudi Arabia 1966;SAU66;-10,00
682,00;Saudi Arabia;1967;682;Saudi Arabia;SAU;670,00;Saudi Arabia 1967;SAU67;-10,00
682,00;Saudi Arabia;1968;682;Saudi Arabia;SAU;670,00;Saudi Arabia 1968;SAU68;-10,00
682,00;Saudi Arabia;1969;682;Saudi Arabia;SAU;670,00;Saudi Arabia 1969;SAU69;-10,00
682,00;Saudi Arabia;1970;682;Saudi Arabia;SAU;670,00;Saudi Arabia 1970;SAU70;-10,00
682,00;Saudi Arabia;1971;682;Saudi Arabia;SAU;670,00;Saudi Arabia 1971;SAU71;-10,00
682,00;Saudi Arabia;1972;682;Saudi Arabia;SAU;670,00;Saudi Arabia 1972;SAU72;-10,00
682,00;Saudi Arabia;1973;682;Saudi Arabia;SAU;670,00;Saudi Arabia 1973;SAU73;-10,00
682,00;Saudi Arabia;1974;682;Saudi Arabia;SAU;670,00;Saudi Arabia 1974;SAU74;-10,00
682,00;Saudi Arabia;1975;682;Saudi Arabia;SAU;670,00;Saudi Arabia 1975;SAU75;-10,00
682,00;Saudi Arabia;1976;682;Saudi Arabia;SAU;670,00;Saudi Arabia 1976;SAU76;-10,00
682,00;Saudi Arabia;1977;682;Saudi Arabia;SAU;670,00;Saudi Arabia 1977;SAU77;-10,00
682,00;Saudi Arabia;1978;682;Saudi Arabia;SAU;670,00;Saudi Arabia 1978;SAU78;-10,00
682,00;Saudi Arabia;1979;682;Saudi Arabia;SAU;670,00;Saudi Arabia 1979;SAU79;-10,00
682,00;Saudi Arabia;1980;682;Saudi Arabia;SAU;670,00;Saudi Arabia 1980;SAU80;-10,00
682,00;Saudi Arabia;1981;682;Saudi Arabia;SAU;670,00;Saudi Arabia 1981;SAU81;-10,00
682,00;Saudi Arabia;1982;682;Saudi Arabia;SAU;670,00;Saudi Arabia 1982;SAU82;-10,00
682,00;Saudi Arabia;1983;682;Saudi Arabia;SAU;670,00;Saudi Arabia 1983;SAU83;-10,00
682,00;Saudi Arabia;1984;682;Saudi Arabia;SAU;670,00;Saudi Arabia 1984;SAU84;-10,00
682,00;Saudi Arabia;1985;682;Saudi Arabia;SAU;670,00;Saudi Arabia 1985;SAU85;-10,00
682,00;Saudi Arabia;1986;682;Saudi Arabia;SAU;670,00;Saudi Arabia 1986;SAU86;-10,00
682,00;Saudi Arabia;1987;682;Saudi Arabia;SAU;670,00;Saudi Arabia 1987;SAU87;-10,00
682,00;Saudi Arabia;1988;682;Saudi Arabia;SAU;670,00;Saudi Arabia 1988;SAU88;-10,00
682,00;Saudi Arabia;1989;682;Saudi Arabia;SAU;670,00;Saudi Arabia 1989;SAU89;-10,00
682,00;Saudi Arabia;1990;682;Saudi Arabia;SAU;670,00;Saudi Arabia 1990;SAU90;-10,00
682,00;Saudi Arabia;1991;682;Saudi Arabia;SAU;670,00;Saudi Arabia 1991;SAU91;-10,00
682,00;Saudi Arabia;1992;682;Saudi Arabia;SAU;670,00;Saudi Arabia 1992;SAU92;-10,00
682,00;Saudi Arabia;1993;682;Saudi Arabia;SAU;670,00;Saudi Arabia 1993;SAU93;-10,00
682,00;Saudi Arabia;1994;682;Saudi Arabia;SAU;670,00;Saudi Arabia 1994;SAU94;-10,00
682,00;Saudi Arabia;1995;682;Saudi Arabia;SAU;670,00;Saudi Arabia 1995;SAU95;-10,00
682,00;Saudi Arabia;1996;682;Saudi Arabia;SAU;670,00;Saudi Arabia 1996;SAU96;-10,00
682,00;Saudi Arabia;1997;682;Saudi Arabia;SAU;670,00;Saudi Arabia 1997;SAU97;-10,00
682,00;Saudi Arabia;1998;682;Saudi Arabia;SAU;670,00;Saudi Arabia 1998;SAU98;-10,00
682,00;Saudi Arabia;1999;682;Saudi Arabia;SAU;670,00;Saudi Arabia 1999;SAU99;-10,00
682,00;Saudi Arabia;2000;682;Saudi Arabia;SAU;670,00;Saudi Arabia 2000;SAU00;-10,00
682,00;Saudi Arabia;2001;682;Saudi Arabia;SAU;670,00;Saudi Arabia 2001;SAU01;-10,00
682,00;Saudi Arabia;2002;682;Saudi Arabia;SAU;670,00;Saudi Arabia 2002;SAU02;-10,00
682,00;Saudi Arabia;2003;682;Saudi Arabia;SAU;670,00;Saudi Arabia 2003;SAU03;-10,00
682,00;Saudi Arabia;2004;682;Saudi Arabia;SAU;670,00;Saudi Arabia 2004;SAU04;-10,00
682,00;Saudi Arabia;2005;682;Saudi Arabia;SAU;670,00;Saudi Arabia 2005;SAU05;-10,00
682,00;Saudi Arabia;2006;682;Saudi Arabia;SAU;670,00;Saudi Arabia 2006;SAU06;-10,00
682,00;Saudi Arabia;2007;682;Saudi Arabia;SAU;670,00;Saudi Arabia 2007;SAU07;-10,00
682,00;Saudi Arabia;2008;682;Saudi Arabia;SAU;670,00;Saudi Arabia 2008;SAU08;-10,00
682,00;Saudi Arabia;2009;682;Saudi Arabia;SAU;670,00;Saudi Arabia 2009;SAU09;-10,00
682,00;Saudi Arabia;2010;682;Saudi Arabia;SAU;670,00;Saudi Arabia 2010;SAU10;-10,00
682,00;Saudi Arabia;2011;682;Saudi Arabia;SAU;670,00;Saudi Arabia 2011;SAU11;-10,00
682,00;Saudi Arabia;2012;682;Saudi Arabia;SAU;670,00;Saudi Arabia 2012;SAU12;-10,00
682,00;Saudi Arabia;2013;682;Saudi Arabia;SAU;670,00;Saudi Arabia 2013;SAU13;-10,00
682,00;Saudi Arabia;2014;682;Saudi Arabia;SAU;670,00;Saudi Arabia 2014;SAU14;-10,00
682,00;Saudi Arabia;2015;682;Saudi Arabia;SAU;670,00;Saudi Arabia 2015;SAU15;-10,00
682,00;Saudi Arabia;2016;682;Saudi Arabia;SAU;670,00;Saudi Arabia 2016;SAU16;-10,00
682,00;Saudi Arabia;2017;682;Saudi Arabia;SAU;670,00;Saudi Arabia 2017;SAU17;-10,00
682,00;Saudi Arabia;2018;682;Saudi Arabia;SAU;670,00;Saudi Arabia 2018;SAU18;-10,00
686,00;Senegal;1961;686;Senegal;SEN;433,00;Senegal 1961;SEN61;-1,00
686,00;Senegal;1962;686;Senegal;SEN;433,00;Senegal 1962;SEN62;-4,00
686,00;Senegal;1963;686;Senegal;SEN;433,00;Senegal 1963;SEN63;-7,00
686,00;Senegal;1964;686;Senegal;SEN;433,00;Senegal 1964;SEN64;-7,00
686,00;Senegal;1965;686;Senegal;SEN;433,00;Senegal 1965;SEN65;-7,00
686,00;Senegal;1966;686;Senegal;SEN;433,00;Senegal 1966;SEN66;-7,00
686,00;Senegal;1967;686;Senegal;SEN;433,00;Senegal 1967;SEN67;-7,00
686,00;Senegal;1968;686;Senegal;SEN;433,00;Senegal 1968;SEN68;-7,00
686,00;Senegal;1969;686;Senegal;SEN;433,00;Senegal 1969;SEN69;-7,00
686,00;Senegal;1970;686;Senegal;SEN;433,00;Senegal 1970;SEN70;-7,00
686,00;Senegal;1971;686;Senegal;SEN;433,00;Senegal 1971;SEN71;-7,00
686,00;Senegal;1972;686;Senegal;SEN;433,00;Senegal 1972;SEN72;-7,00
686,00;Senegal;1973;686;Senegal;SEN;433,00;Senegal 1973;SEN73;-7,00
686,00;Senegal;1974;686;Senegal;SEN;433,00;Senegal 1974;SEN74;-6,00
686,00;Senegal;1975;686;Senegal;SEN;433,00;Senegal 1975;SEN75;-6,00
686,00;Senegal;1976;686;Senegal;SEN;433,00;Senegal 1976;SEN76;-6,00
686,00;Senegal;1977;686;Senegal;SEN;433,00;Senegal 1977;SEN77;-6,00
686,00;Senegal;1978;686;Senegal;SEN;433,00;Senegal 1978;SEN78;-2,00
686,00;Senegal;1979;686;Senegal;SEN;433,00;Senegal 1979;SEN79;-2,00
686,00;Senegal;1980;686;Senegal;SEN;433,00;Senegal 1980;SEN80;-2,00
686,00;Senegal;1981;686;Senegal;SEN;433,00;Senegal 1981;SEN81;-1,00
686,00;Senegal;1982;686;Senegal;SEN;433,00;Senegal 1982;SEN82;-1,00
686,00;Senegal;1983;686;Senegal;SEN;433,00;Senegal 1983;SEN83;-1,00
686,00;Senegal;1984;686;Senegal;SEN;433,00;Senegal 1984;SEN84;-1,00
686,00;Senegal;1985;686;Senegal;SEN;433,00;Senegal 1985;SEN85;-1,00
686,00;Senegal;1986;686;Senegal;SEN;433,00;Senegal 1986;SEN86;-1,00
686,00;Senegal;1987;686;Senegal;SEN;433,00;Senegal 1987;SEN87;-1,00
686,00;Senegal;1988;686;Senegal;SEN;433,00;Senegal 1988;SEN88;-1,00
686,00;Senegal;1989;686;Senegal;SEN;433,00;Senegal 1989;SEN89;-1,00
686,00;Senegal;1990;686;Senegal;SEN;433,00;Senegal 1990;SEN90;-1,00
686,00;Senegal;1991;686;Senegal;SEN;433,00;Senegal 1991;SEN91;-1,00
686,00;Senegal;1992;686;Senegal;SEN;433,00;Senegal 1992;SEN92;-1,00
686,00;Senegal;1993;686;Senegal;SEN;433,00;Senegal 1993;SEN93;-1,00
686,00;Senegal;1994;686;Senegal;SEN;433,00;Senegal 1994;SEN94;-1,00
686,00;Senegal;1995;686;Senegal;SEN;433,00;Senegal 1995;SEN95;-1,00
686,00;Senegal;1996;686;Senegal;SEN;433,00;Senegal 1996;SEN96;-1,00
686,00;Senegal;1997;686;Senegal;SEN;433,00;Senegal 1997;SEN97;-1,00
686,00;Senegal;1998;686;Senegal;SEN;433,00;Senegal 1998;SEN98;-1,00
686,00;Senegal;1999;686;Senegal;SEN;433,00;Senegal 1999;SEN99;-1,00
686,00;Senegal;2000;686;Senegal;SEN;433,00;Senegal 2000;SEN00;8,00
686,00;Senegal;2001;686;Senegal;SEN;433,00;Senegal 2001;SEN01;8,00
686,00;Senegal;2002;686;Senegal;SEN;433,00;Senegal 2002;SEN02;8,00
686,00;Senegal;2003;686;Senegal;SEN;433,00;Senegal 2003;SEN03;8,00
686,00;Senegal;2004;686;Senegal;SEN;433,00;Senegal 2004;SEN04;8,00
686,00;Senegal;2005;686;Senegal;SEN;433,00;Senegal 2005;SEN05;8,00
686,00;Senegal;2006;686;Senegal;SEN;433,00;Senegal 2006;SEN06;8,00
686,00;Senegal;2007;686;Senegal;SEN;433,00;Senegal 2007;SEN07;7,00
686,00;Senegal;2008;686;Senegal;SEN;433,00;Senegal 2008;SEN08;7,00
686,00;Senegal;2009;686;Senegal;SEN;433,00;Senegal 2009;SEN09;7,00
686,00;Senegal;2010;686;Senegal;SEN;433,00;Senegal 2010;SEN10;7,00
686,00;Senegal;2011;686;Senegal;SEN;433,00;Senegal 2011;SEN11;7,00
686,00;Senegal;2012;686;Senegal;SEN;433,00;Senegal 2012;SEN12;7,00
686,00;Senegal;2013;686;Senegal;SEN;433,00;Senegal 2013;SEN13;7,00
686,00;Senegal;2014;686;Senegal;SEN;433,00;Senegal 2014;SEN14;7,00
686,00;Senegal;2015;686;Senegal;SEN;433,00;Senegal 2015;SEN15;7,00
686,00;Senegal;2016;686;Senegal;SEN;433,00;Senegal 2016;SEN16;7,00
686,00;Senegal;2017;686;Senegal;SEN;433,00;Senegal 2017;SEN17;7,00
686,00;Senegal;2018;686;Senegal;SEN;433,00;Senegal 2018;SEN18;7,00
688,00;Serbia;2006;688;Serbia;SRB;;Serbia 2006;SRB06;8,00
688,00;Serbia;2007;688;Serbia;SRB;;Serbia 2007;SRB07;8,00
688,00;Serbia;2008;688;Serbia;SRB;;Serbia 2008;SRB08;8,00
688,00;Serbia;2009;688;Serbia;SRB;;Serbia 2009;SRB09;8,00
688,00;Serbia;2010;688;Serbia;SRB;;Serbia 2010;SRB10;8,00
688,00;Serbia;2011;688;Serbia;SRB;;Serbia 2011;SRB11;8,00
688,00;Serbia;2012;688;Serbia;SRB;;Serbia 2012;SRB12;8,00
688,00;Serbia;2013;688;Serbia;SRB;;Serbia 2013;SRB13;8,00
688,00;Serbia;2014;688;Serbia;SRB;;Serbia 2014;SRB14;8,00
688,00;Serbia;2015;688;Serbia;SRB;;Serbia 2015;SRB15;8,00
688,00;Serbia;2016;688;Serbia;SRB;;Serbia 2016;SRB16;8,00
688,00;Serbia;2017;688;Serbia;SRB;;Serbia 2017;SRB17;8,00
688,00;Serbia;2018;688;Serbia;SRB;;Serbia 2018;SRB18;8,00
694,00;Sierra Leone;1961;694;Sierra Leone;SLE;451,00;Sierra Leone 1961;SLE61;6,00
694,00;Sierra Leone;1962;694;Sierra Leone;SLE;451,00;Sierra Leone 1962;SLE62;6,00
694,00;Sierra Leone;1963;694;Sierra Leone;SLE;451,00;Sierra Leone 1963;SLE63;6,00
694,00;Sierra Leone;1964;694;Sierra Leone;SLE;451,00;Sierra Leone 1964;SLE64;6,00
694,00;Sierra Leone;1965;694;Sierra Leone;SLE;451,00;Sierra Leone 1965;SLE65;6,00
694,00;Sierra Leone;1966;694;Sierra Leone;SLE;451,00;Sierra Leone 1966;SLE66;6,00
694,00;Sierra Leone;1967;694;Sierra Leone;SLE;451,00;Sierra Leone 1967;SLE67;-7,00
694,00;Sierra Leone;1968;694;Sierra Leone;SLE;451,00;Sierra Leone 1968;SLE68;1,00
694,00;Sierra Leone;1969;694;Sierra Leone;SLE;451,00;Sierra Leone 1969;SLE69;1,00
694,00;Sierra Leone;1970;694;Sierra Leone;SLE;451,00;Sierra Leone 1970;SLE70;1,00
694,00;Sierra Leone;1971;694;Sierra Leone;SLE;451,00;Sierra Leone 1971;SLE71;-6,00
694,00;Sierra Leone;1972;694;Sierra Leone;SLE;451,00;Sierra Leone 1972;SLE72;-6,00
694,00;Sierra Leone;1973;694;Sierra Leone;SLE;451,00;Sierra Leone 1973;SLE73;-6,00
694,00;Sierra Leone;1974;694;Sierra Leone;SLE;451,00;Sierra Leone 1974;SLE74;-6,00
694,00;Sierra Leone;1975;694;Sierra Leone;SLE;451,00;Sierra Leone 1975;SLE75;-6,00
694,00;Sierra Leone;1976;694;Sierra Leone;SLE;451,00;Sierra Leone 1976;SLE76;-6,00
694,00;Sierra Leone;1977;694;Sierra Leone;SLE;451,00;Sierra Leone 1977;SLE77;-6,00
694,00;Sierra Leone;1978;694;Sierra Leone;SLE;451,00;Sierra Leone 1978;SLE78;-7,00
694,00;Sierra Leone;1979;694;Sierra Leone;SLE;451,00;Sierra Leone 1979;SLE79;-7,00
694,00;Sierra Leone;1980;694;Sierra Leone;SLE;451,00;Sierra Leone 1980;SLE80;-7,00
694,00;Sierra Leone;1981;694;Sierra Leone;SLE;451,00;Sierra Leone 1981;SLE81;-7,00
694,00;Sierra Leone;1982;694;Sierra Leone;SLE;451,00;Sierra Leone 1982;SLE82;-7,00
694,00;Sierra Leone;1983;694;Sierra Leone;SLE;451,00;Sierra Leone 1983;SLE83;-7,00
694,00;Sierra Leone;1984;694;Sierra Leone;SLE;451,00;Sierra Leone 1984;SLE84;-7,00
694,00;Sierra Leone;1985;694;Sierra Leone;SLE;451,00;Sierra Leone 1985;SLE85;-7,00
694,00;Sierra Leone;1986;694;Sierra Leone;SLE;451,00;Sierra Leone 1986;SLE86;-7,00
694,00;Sierra Leone;1987;694;Sierra Leone;SLE;451,00;Sierra Leone 1987;SLE87;-7,00
694,00;Sierra Leone;1988;694;Sierra Leone;SLE;451,00;Sierra Leone 1988;SLE88;-7,00
694,00;Sierra Leone;1989;694;Sierra Leone;SLE;451,00;Sierra Leone 1989;SLE89;-7,00
694,00;Sierra Leone;1990;694;Sierra Leone;SLE;451,00;Sierra Leone 1990;SLE90;-7,00
694,00;Sierra Leone;1991;694;Sierra Leone;SLE;451,00;Sierra Leone 1991;SLE91;-6,00
694,00;Sierra Leone;1992;694;Sierra Leone;SLE;451,00;Sierra Leone 1992;SLE92;-7,00
694,00;Sierra Leone;1993;694;Sierra Leone;SLE;451,00;Sierra Leone 1993;SLE93;-7,00
694,00;Sierra Leone;1994;694;Sierra Leone;SLE;451,00;Sierra Leone 1994;SLE94;-7,00
694,00;Sierra Leone;1995;694;Sierra Leone;SLE;451,00;Sierra Leone 1995;SLE95;-7,00
694,00;Sierra Leone;1996;694;Sierra Leone;SLE;451,00;Sierra Leone 1996;SLE96;4,00
694,00;Sierra Leone;1997;694;Sierra Leone;SLE;451,00;Sierra Leone 1997;SLE97;0,00
694,00;Sierra Leone;1998;694;Sierra Leone;SLE;451,00;Sierra Leone 1998;SLE98;0,00
694,00;Sierra Leone;1999;694;Sierra Leone;SLE;451,00;Sierra Leone 1999;SLE99;0,00
694,00;Sierra Leone;2000;694;Sierra Leone;SLE;451,00;Sierra Leone 2000;SLE00;0,00
694,00;Sierra Leone;2001;694;Sierra Leone;SLE;451,00;Sierra Leone 2001;SLE01;2,00
694,00;Sierra Leone;2002;694;Sierra Leone;SLE;451,00;Sierra Leone 2002;SLE02;5,00
694,00;Sierra Leone;2003;694;Sierra Leone;SLE;451,00;Sierra Leone 2003;SLE03;5,00
694,00;Sierra Leone;2004;694;Sierra Leone;SLE;451,00;Sierra Leone 2004;SLE04;5,00
694,00;Sierra Leone;2005;694;Sierra Leone;SLE;451,00;Sierra Leone 2005;SLE05;5,00
694,00;Sierra Leone;2006;694;Sierra Leone;SLE;451,00;Sierra Leone 2006;SLE06;5,00
694,00;Sierra Leone;2007;694;Sierra Leone;SLE;451,00;Sierra Leone 2007;SLE07;7,00
694,00;Sierra Leone;2008;694;Sierra Leone;SLE;451,00;Sierra Leone 2008;SLE08;7,00
694,00;Sierra Leone;2009;694;Sierra Leone;SLE;451,00;Sierra Leone 2009;SLE09;7,00
694,00;Sierra Leone;2010;694;Sierra Leone;SLE;451,00;Sierra Leone 2010;SLE10;7,00
694,00;Sierra Leone;2011;694;Sierra Leone;SLE;451,00;Sierra Leone 2011;SLE11;7,00
694,00;Sierra Leone;2012;694;Sierra Leone;SLE;451,00;Sierra Leone 2012;SLE12;7,00
694,00;Sierra Leone;2013;694;Sierra Leone;SLE;451,00;Sierra Leone 2013;SLE13;7,00
694,00;Sierra Leone;2014;694;Sierra Leone;SLE;451,00;Sierra Leone 2014;SLE14;7,00
694,00;Sierra Leone;2015;694;Sierra Leone;SLE;451,00;Sierra Leone 2015;SLE15;7,00
694,00;Sierra Leone;2016;694;Sierra Leone;SLE;451,00;Sierra Leone 2016;SLE16;7,00
694,00;Sierra Leone;2017;694;Sierra Leone;SLE;451,00;Sierra Leone 2017;SLE17;7,00
694,00;Sierra Leone;2018;694;Sierra Leone;SLE;451,00;Sierra Leone 2018;SLE18;7,00
702,00;Singapore;1966;702;Singapore;SGP;830,00;Singapore 1966;SGP66;-4,00
702,00;Singapore;1967;702;Singapore;SGP;830,00;Singapore 1967;SGP67;-4,00
702,00;Singapore;1968;702;Singapore;SGP;830,00;Singapore 1968;SGP68;-4,00
702,00;Singapore;1969;702;Singapore;SGP;830,00;Singapore 1969;SGP69;-4,00
702,00;Singapore;1970;702;Singapore;SGP;830,00;Singapore 1970;SGP70;-4,00
702,00;Singapore;1971;702;Singapore;SGP;830,00;Singapore 1971;SGP71;-4,00
702,00;Singapore;1972;702;Singapore;SGP;830,00;Singapore 1972;SGP72;-4,00
702,00;Singapore;1973;702;Singapore;SGP;830,00;Singapore 1973;SGP73;-4,00
702,00;Singapore;1974;702;Singapore;SGP;830,00;Singapore 1974;SGP74;-4,00
702,00;Singapore;1975;702;Singapore;SGP;830,00;Singapore 1975;SGP75;-4,00
702,00;Singapore;1976;702;Singapore;SGP;830,00;Singapore 1976;SGP76;-4,00
702,00;Singapore;1977;702;Singapore;SGP;830,00;Singapore 1977;SGP77;-4,00
702,00;Singapore;1978;702;Singapore;SGP;830,00;Singapore 1978;SGP78;-4,00
702,00;Singapore;1979;702;Singapore;SGP;830,00;Singapore 1979;SGP79;-4,00
702,00;Singapore;1980;702;Singapore;SGP;830,00;Singapore 1980;SGP80;-4,00
702,00;Singapore;1981;702;Singapore;SGP;830,00;Singapore 1981;SGP81;-4,00
702,00;Singapore;1982;702;Singapore;SGP;830,00;Singapore 1982;SGP82;-4,00
702,00;Singapore;1983;702;Singapore;SGP;830,00;Singapore 1983;SGP83;-4,00
702,00;Singapore;1984;702;Singapore;SGP;830,00;Singapore 1984;SGP84;-4,00
702,00;Singapore;1985;702;Singapore;SGP;830,00;Singapore 1985;SGP85;-4,00
702,00;Singapore;1986;702;Singapore;SGP;830,00;Singapore 1986;SGP86;-4,00
702,00;Singapore;1987;702;Singapore;SGP;830,00;Singapore 1987;SGP87;-4,00
702,00;Singapore;1988;702;Singapore;SGP;830,00;Singapore 1988;SGP88;-4,00
702,00;Singapore;1989;702;Singapore;SGP;830,00;Singapore 1989;SGP89;-4,00
702,00;Singapore;1990;702;Singapore;SGP;830,00;Singapore 1990;SGP90;-4,00
702,00;Singapore;1991;702;Singapore;SGP;830,00;Singapore 1991;SGP91;-4,00
702,00;Singapore;1992;702;Singapore;SGP;830,00;Singapore 1992;SGP92;-4,00
702,00;Singapore;1993;702;Singapore;SGP;830,00;Singapore 1993;SGP93;-4,00
702,00;Singapore;1994;702;Singapore;SGP;830,00;Singapore 1994;SGP94;-4,00
702,00;Singapore;1995;702;Singapore;SGP;830,00;Singapore 1995;SGP95;-4,00
702,00;Singapore;1996;702;Singapore;SGP;830,00;Singapore 1996;SGP96;-4,00
702,00;Singapore;1997;702;Singapore;SGP;830,00;Singapore 1997;SGP97;-4,00
702,00;Singapore;1998;702;Singapore;SGP;830,00;Singapore 1998;SGP98;-4,00
702,00;Singapore;1999;702;Singapore;SGP;830,00;Singapore 1999;SGP99;-4,00
702,00;Singapore;2000;702;Singapore;SGP;830,00;Singapore 2000;SGP00;-4,00
702,00;Singapore;2001;702;Singapore;SGP;830,00;Singapore 2001;SGP01;-4,00
702,00;Singapore;2002;702;Singapore;SGP;830,00;Singapore 2002;SGP02;-4,00
702,00;Singapore;2003;702;Singapore;SGP;830,00;Singapore 2003;SGP03;-4,00
702,00;Singapore;2004;702;Singapore;SGP;830,00;Singapore 2004;SGP04;-4,00
702,00;Singapore;2005;702;Singapore;SGP;830,00;Singapore 2005;SGP05;-2,00
702,00;Singapore;2006;702;Singapore;SGP;830,00;Singapore 2006;SGP06;-2,00
702,00;Singapore;2007;702;Singapore;SGP;830,00;Singapore 2007;SGP07;-2,00
702,00;Singapore;2008;702;Singapore;SGP;830,00;Singapore 2008;SGP08;-2,00
702,00;Singapore;2009;702;Singapore;SGP;830,00;Singapore 2009;SGP09;-2,00
702,00;Singapore;2010;702;Singapore;SGP;830,00;Singapore 2010;SGP10;-2,00
702,00;Singapore;2011;702;Singapore;SGP;830,00;Singapore 2011;SGP11;-2,00
702,00;Singapore;2012;702;Singapore;SGP;830,00;Singapore 2012;SGP12;-2,00
702,00;Singapore;2013;702;Singapore;SGP;830,00;Singapore 2013;SGP13;-2,00
702,00;Singapore;2014;702;Singapore;SGP;830,00;Singapore 2014;SGP14;-2,00
702,00;Singapore;2015;702;Singapore;SGP;830,00;Singapore 2015;SGP15;-2,00
702,00;Singapore;2016;702;Singapore;SGP;830,00;Singapore 2016;SGP16;-2,00
702,00;Singapore;2017;702;Singapore;SGP;830,00;Singapore 2017;SGP17;-2,00
702,00;Singapore;2018;702;Singapore;SGP;830,00;Singapore 2018;SGP18;-2,00
703,00;Slovakia;1993;703;Slovakia;SVK;317,00;Slovakia 1993;SVK93;7,00
703,00;Slovakia;1994;703;Slovakia;SVK;317,00;Slovakia 1994;SVK94;7,00
703,00;Slovakia;1995;703;Slovakia;SVK;317,00;Slovakia 1995;SVK95;7,00
703,00;Slovakia;1996;703;Slovakia;SVK;317,00;Slovakia 1996;SVK96;7,00
703,00;Slovakia;1997;703;Slovakia;SVK;317,00;Slovakia 1997;SVK97;7,00
703,00;Slovakia;1998;703;Slovakia;SVK;317,00;Slovakia 1998;SVK98;9,00
703,00;Slovakia;1999;703;Slovakia;SVK;317,00;Slovakia 1999;SVK99;9,00
703,00;Slovakia;2000;703;Slovakia;SVK;317,00;Slovakia 2000;SVK00;9,00
703,00;Slovakia;2001;703;Slovakia;SVK;317,00;Slovakia 2001;SVK01;9,00
703,00;Slovakia;2002;703;Slovakia;SVK;317,00;Slovakia 2002;SVK02;9,00
703,00;Slovakia;2003;703;Slovakia;SVK;317,00;Slovakia 2003;SVK03;9,00
703,00;Slovakia;2004;703;Slovakia;SVK;317,00;Slovakia 2004;SVK04;9,00
703,00;Slovakia;2005;703;Slovakia;SVK;317,00;Slovakia 2005;SVK05;9,00
703,00;Slovakia;2006;703;Slovakia;SVK;317,00;Slovakia 2006;SVK06;10,00
703,00;Slovakia;2007;703;Slovakia;SVK;317,00;Slovakia 2007;SVK07;10,00
703,00;Slovakia;2008;703;Slovakia;SVK;317,00;Slovakia 2008;SVK08;10,00
703,00;Slovakia;2009;703;Slovakia;SVK;317,00;Slovakia 2009;SVK09;10,00
703,00;Slovakia;2010;703;Slovakia;SVK;317,00;Slovakia 2010;SVK10;10,00
703,00;Slovakia;2011;703;Slovakia;SVK;317,00;Slovakia 2011;SVK11;10,00
703,00;Slovakia;2012;703;Slovakia;SVK;317,00;Slovakia 2012;SVK12;10,00
703,00;Slovakia;2013;703;Slovakia;SVK;317,00;Slovakia 2013;SVK13;10,00
703,00;Slovakia;2014;703;Slovakia;SVK;317,00;Slovakia 2014;SVK14;10,00
703,00;Slovakia;2015;703;Slovakia;SVK;317,00;Slovakia 2015;SVK15;10,00
703,00;Slovakia;2016;703;Slovakia;SVK;317,00;Slovakia 2016;SVK16;10,00
703,00;Slovakia;2017;703;Slovakia;SVK;317,00;Slovakia 2017;SVK17;10,00
703,00;Slovakia;2018;703;Slovakia;SVK;317,00;Slovakia 2018;SVK18;10,00
704,00;Viet Nam;1977;704;Vietnam;VNM;816,00;Vietnam 1977;VNM77;-7,00
704,00;Viet Nam;1978;704;Vietnam;VNM;816,00;Vietnam 1978;VNM78;-7,00
704,00;Viet Nam;1979;704;Vietnam;VNM;816,00;Vietnam 1979;VNM79;-7,00
704,00;Viet Nam;1980;704;Vietnam;VNM;816,00;Vietnam 1980;VNM80;-7,00
704,00;Viet Nam;1981;704;Vietnam;VNM;816,00;Vietnam 1981;VNM81;-7,00
704,00;Viet Nam;1982;704;Vietnam;VNM;816,00;Vietnam 1982;VNM82;-7,00
704,00;Viet Nam;1983;704;Vietnam;VNM;816,00;Vietnam 1983;VNM83;-7,00
704,00;Viet Nam;1984;704;Vietnam;VNM;816,00;Vietnam 1984;VNM84;-7,00
704,00;Viet Nam;1985;704;Vietnam;VNM;816,00;Vietnam 1985;VNM85;-7,00
704,00;Viet Nam;1986;704;Vietnam;VNM;816,00;Vietnam 1986;VNM86;-7,00
704,00;Viet Nam;1987;704;Vietnam;VNM;816,00;Vietnam 1987;VNM87;-7,00
704,00;Viet Nam;1988;704;Vietnam;VNM;816,00;Vietnam 1988;VNM88;-7,00
704,00;Viet Nam;1989;704;Vietnam;VNM;816,00;Vietnam 1989;VNM89;-7,00
704,00;Viet Nam;1990;704;Vietnam;VNM;816,00;Vietnam 1990;VNM90;-7,00
704,00;Viet Nam;1991;704;Vietnam;VNM;816,00;Vietnam 1991;VNM91;-7,00
704,00;Viet Nam;1992;704;Vietnam;VNM;816,00;Vietnam 1992;VNM92;-7,00
704,00;Viet Nam;1993;704;Vietnam;VNM;816,00;Vietnam 1993;VNM93;-7,00
704,00;Viet Nam;1994;704;Vietnam;VNM;816,00;Vietnam 1994;VNM94;-7,00
704,00;Viet Nam;1995;704;Vietnam;VNM;816,00;Vietnam 1995;VNM95;-7,00
704,00;Viet Nam;1996;704;Vietnam;VNM;816,00;Vietnam 1996;VNM96;-7,00
704,00;Viet Nam;1997;704;Vietnam;VNM;816,00;Vietnam 1997;VNM97;-7,00
704,00;Viet Nam;1998;704;Vietnam;VNM;816,00;Vietnam 1998;VNM98;-7,00
704,00;Viet Nam;1999;704;Vietnam;VNM;816,00;Vietnam 1999;VNM99;-7,00
704,00;Viet Nam;2000;704;Vietnam;VNM;816,00;Vietnam 2000;VNM00;-7,00
704,00;Viet Nam;2001;704;Vietnam;VNM;816,00;Vietnam 2001;VNM01;-7,00
704,00;Viet Nam;2002;704;Vietnam;VNM;816,00;Vietnam 2002;VNM02;-7,00
704,00;Viet Nam;2003;704;Vietnam;VNM;816,00;Vietnam 2003;VNM03;-7,00
704,00;Viet Nam;2004;704;Vietnam;VNM;816,00;Vietnam 2004;VNM04;-7,00
704,00;Viet Nam;2005;704;Vietnam;VNM;816,00;Vietnam 2005;VNM05;-7,00
704,00;Viet Nam;2006;704;Vietnam;VNM;816,00;Vietnam 2006;VNM06;-7,00
704,00;Viet Nam;2007;704;Vietnam;VNM;816,00;Vietnam 2007;VNM07;-7,00
704,00;Viet Nam;2008;704;Vietnam;VNM;816,00;Vietnam 2008;VNM08;-7,00
704,00;Viet Nam;2009;704;Vietnam;VNM;816,00;Vietnam 2009;VNM09;-7,00
704,00;Viet Nam;2010;704;Vietnam;VNM;816,00;Vietnam 2010;VNM10;-7,00
704,00;Viet Nam;2011;704;Vietnam;VNM;816,00;Vietnam 2011;VNM11;-7,00
704,00;Viet Nam;2012;704;Vietnam;VNM;816,00;Vietnam 2012;VNM12;-7,00
704,00;Viet Nam;2013;704;Vietnam;VNM;816,00;Vietnam 2013;VNM13;-7,00
704,00;Viet Nam;2014;704;Vietnam;VNM;816,00;Vietnam 2014;VNM14;-7,00
704,00;Viet Nam;2015;704;Vietnam;VNM;816,00;Vietnam 2015;VNM15;-7,00
704,00;Viet Nam;2016;704;Vietnam;VNM;816,00;Vietnam 2016;VNM16;-7,00
704,00;Viet Nam;2017;704;Vietnam;VNM;816,00;Vietnam 2017;VNM17;-7,00
704,00;Viet Nam;2018;704;Vietnam;VNM;816,00;Vietnam 2018;VNM18;-7,00
705,00;Slovenia;1991;705;Slovenia;SVN;349,00;Slovenia 1991;SVN91;10,00
705,00;Slovenia;1992;705;Slovenia;SVN;349,00;Slovenia 1992;SVN92;10,00
705,00;Slovenia;1993;705;Slovenia;SVN;349,00;Slovenia 1993;SVN93;10,00
705,00;Slovenia;1994;705;Slovenia;SVN;349,00;Slovenia 1994;SVN94;10,00
705,00;Slovenia;1995;705;Slovenia;SVN;349,00;Slovenia 1995;SVN95;10,00
705,00;Slovenia;1996;705;Slovenia;SVN;349,00;Slovenia 1996;SVN96;10,00
705,00;Slovenia;1997;705;Slovenia;SVN;349,00;Slovenia 1997;SVN97;10,00
705,00;Slovenia;1998;705;Slovenia;SVN;349,00;Slovenia 1998;SVN98;10,00
705,00;Slovenia;1999;705;Slovenia;SVN;349,00;Slovenia 1999;SVN99;10,00
705,00;Slovenia;2000;705;Slovenia;SVN;349,00;Slovenia 2000;SVN00;10,00
705,00;Slovenia;2001;705;Slovenia;SVN;349,00;Slovenia 2001;SVN01;10,00
705,00;Slovenia;2002;705;Slovenia;SVN;349,00;Slovenia 2002;SVN02;10,00
705,00;Slovenia;2003;705;Slovenia;SVN;349,00;Slovenia 2003;SVN03;10,00
705,00;Slovenia;2004;705;Slovenia;SVN;349,00;Slovenia 2004;SVN04;10,00
705,00;Slovenia;2005;705;Slovenia;SVN;349,00;Slovenia 2005;SVN05;10,00
705,00;Slovenia;2006;705;Slovenia;SVN;349,00;Slovenia 2006;SVN06;10,00
705,00;Slovenia;2007;705;Slovenia;SVN;349,00;Slovenia 2007;SVN07;10,00
705,00;Slovenia;2008;705;Slovenia;SVN;349,00;Slovenia 2008;SVN08;10,00
705,00;Slovenia;2009;705;Slovenia;SVN;349,00;Slovenia 2009;SVN09;10,00
705,00;Slovenia;2010;705;Slovenia;SVN;349,00;Slovenia 2010;SVN10;10,00
705,00;Slovenia;2011;705;Slovenia;SVN;349,00;Slovenia 2011;SVN11;10,00
705,00;Slovenia;2012;705;Slovenia;SVN;349,00;Slovenia 2012;SVN12;10,00
705,00;Slovenia;2013;705;Slovenia;SVN;349,00;Slovenia 2013;SVN13;10,00
705,00;Slovenia;2014;705;Slovenia;SVN;349,00;Slovenia 2014;SVN14;10,00
705,00;Slovenia;2015;705;Slovenia;SVN;349,00;Slovenia 2015;SVN15;10,00
705,00;Slovenia;2016;705;Slovenia;SVN;349,00;Slovenia 2016;SVN16;10,00
705,00;Slovenia;2017;705;Slovenia;SVN;349,00;Slovenia 2017;SVN17;10,00
705,00;Slovenia;2018;705;Slovenia;SVN;349,00;Slovenia 2018;SVN18;10,00
706,00;Somalia;1961;706;Somalia;SOM;520,00;Somalia 1961;SOM61;7,00
706,00;Somalia;1962;706;Somalia;SOM;520,00;Somalia 1962;SOM62;7,00
706,00;Somalia;1963;706;Somalia;SOM;520,00;Somalia 1963;SOM63;7,00
706,00;Somalia;1964;706;Somalia;SOM;520,00;Somalia 1964;SOM64;7,00
706,00;Somalia;1965;706;Somalia;SOM;520,00;Somalia 1965;SOM65;7,00
706,00;Somalia;1966;706;Somalia;SOM;520,00;Somalia 1966;SOM66;7,00
706,00;Somalia;1967;706;Somalia;SOM;520,00;Somalia 1967;SOM67;7,00
706,00;Somalia;1968;706;Somalia;SOM;520,00;Somalia 1968;SOM68;7,00
706,00;Somalia;1969;706;Somalia;SOM;520,00;Somalia 1969;SOM69;-7,00
706,00;Somalia;1970;706;Somalia;SOM;520,00;Somalia 1970;SOM70;-7,00
706,00;Somalia;1971;706;Somalia;SOM;520,00;Somalia 1971;SOM71;-7,00
706,00;Somalia;1972;706;Somalia;SOM;520,00;Somalia 1972;SOM72;-7,00
706,00;Somalia;1973;706;Somalia;SOM;520,00;Somalia 1973;SOM73;-7,00
706,00;Somalia;1974;706;Somalia;SOM;520,00;Somalia 1974;SOM74;-7,00
706,00;Somalia;1975;706;Somalia;SOM;520,00;Somalia 1975;SOM75;-7,00
706,00;Somalia;1976;706;Somalia;SOM;520,00;Somalia 1976;SOM76;-7,00
706,00;Somalia;1977;706;Somalia;SOM;520,00;Somalia 1977;SOM77;-7,00
706,00;Somalia;1978;706;Somalia;SOM;520,00;Somalia 1978;SOM78;-7,00
706,00;Somalia;1979;706;Somalia;SOM;520,00;Somalia 1979;SOM79;-7,00
706,00;Somalia;1980;706;Somalia;SOM;520,00;Somalia 1980;SOM80;-7,00
706,00;Somalia;1981;706;Somalia;SOM;520,00;Somalia 1981;SOM81;-7,00
706,00;Somalia;1982;706;Somalia;SOM;520,00;Somalia 1982;SOM82;-7,00
706,00;Somalia;1983;706;Somalia;SOM;520,00;Somalia 1983;SOM83;-7,00
706,00;Somalia;1984;706;Somalia;SOM;520,00;Somalia 1984;SOM84;-7,00
706,00;Somalia;1985;706;Somalia;SOM;520,00;Somalia 1985;SOM85;-7,00
706,00;Somalia;1986;706;Somalia;SOM;520,00;Somalia 1986;SOM86;-7,00
706,00;Somalia;1987;706;Somalia;SOM;520,00;Somalia 1987;SOM87;-7,00
706,00;Somalia;1988;706;Somalia;SOM;520,00;Somalia 1988;SOM88;-7,00
706,00;Somalia;1989;706;Somalia;SOM;520,00;Somalia 1989;SOM89;-7,00
706,00;Somalia;1990;706;Somalia;SOM;520,00;Somalia 1990;SOM90;-7,00
706,00;Somalia;1991;706;Somalia;SOM;520,00;Somalia 1991;SOM91;0,00
706,00;Somalia;1992;706;Somalia;SOM;520,00;Somalia 1992;SOM92;0,00
706,00;Somalia;1993;706;Somalia;SOM;520,00;Somalia 1993;SOM93;0,00
706,00;Somalia;1994;706;Somalia;SOM;520,00;Somalia 1994;SOM94;0,00
706,00;Somalia;1995;706;Somalia;SOM;520,00;Somalia 1995;SOM95;0,00
706,00;Somalia;1996;706;Somalia;SOM;520,00;Somalia 1996;SOM96;0,00
706,00;Somalia;1997;706;Somalia;SOM;520,00;Somalia 1997;SOM97;0,00
706,00;Somalia;1998;706;Somalia;SOM;520,00;Somalia 1998;SOM98;0,00
706,00;Somalia;1999;706;Somalia;SOM;520,00;Somalia 1999;SOM99;0,00
706,00;Somalia;2000;706;Somalia;SOM;520,00;Somalia 2000;SOM00;0,00
706,00;Somalia;2001;706;Somalia;SOM;520,00;Somalia 2001;SOM01;0,00
706,00;Somalia;2002;706;Somalia;SOM;520,00;Somalia 2002;SOM02;0,00
706,00;Somalia;2003;706;Somalia;SOM;520,00;Somalia 2003;SOM03;0,00
706,00;Somalia;2004;706;Somalia;SOM;520,00;Somalia 2004;SOM04;0,00
706,00;Somalia;2005;706;Somalia;SOM;520,00;Somalia 2005;SOM05;0,00
706,00;Somalia;2006;706;Somalia;SOM;520,00;Somalia 2006;SOM06;0,00
706,00;Somalia;2007;706;Somalia;SOM;520,00;Somalia 2007;SOM07;0,00
706,00;Somalia;2008;706;Somalia;SOM;520,00;Somalia 2008;SOM08;0,00
706,00;Somalia;2009;706;Somalia;SOM;520,00;Somalia 2009;SOM09;0,00
706,00;Somalia;2010;706;Somalia;SOM;520,00;Somalia 2010;SOM10;0,00
706,00;Somalia;2012;706;Somalia;SOM;520,00;Somalia 2012;SOM12;5,00
706,00;Somalia;2013;706;Somalia;SOM;520,00;Somalia 2013;SOM13;5,00
706,00;Somalia;2014;706;Somalia;SOM;520,00;Somalia 2014;SOM14;5,00
706,00;Somalia;2015;706;Somalia;SOM;520,00;Somalia 2015;SOM15;5,00
706,00;Somalia;2016;706;Somalia;SOM;520,00;Somalia 2016;SOM16;5,00
706,00;Somalia;2017;706;Somalia;SOM;520,00;Somalia 2017;SOM17;5,00
706,00;Somalia;2018;706;Somalia;SOM;520,00;Somalia 2018;SOM18;5,00
710,00;South Africa;1946;710;South Africa;ZAF;560,00;South Africa 1946;ZAF46;4,00
710,00;South Africa;1947;710;South Africa;ZAF;560,00;South Africa 1947;ZAF47;4,00
710,00;South Africa;1948;710;South Africa;ZAF;560,00;South Africa 1948;ZAF48;4,00
710,00;South Africa;1949;710;South Africa;ZAF;560,00;South Africa 1949;ZAF49;4,00
710,00;South Africa;1950;710;South Africa;ZAF;560,00;South Africa 1950;ZAF50;4,00
710,00;South Africa;1951;710;South Africa;ZAF;560,00;South Africa 1951;ZAF51;4,00
710,00;South Africa;1952;710;South Africa;ZAF;560,00;South Africa 1952;ZAF52;4,00
710,00;South Africa;1953;710;South Africa;ZAF;560,00;South Africa 1953;ZAF53;4,00
710,00;South Africa;1954;710;South Africa;ZAF;560,00;South Africa 1954;ZAF54;4,00
710,00;South Africa;1955;710;South Africa;ZAF;560,00;South Africa 1955;ZAF55;4,00
710,00;South Africa;1956;710;South Africa;ZAF;560,00;South Africa 1956;ZAF56;4,00
710,00;South Africa;1957;710;South Africa;ZAF;560,00;South Africa 1957;ZAF57;4,00
710,00;South Africa;1958;710;South Africa;ZAF;560,00;South Africa 1958;ZAF58;4,00
710,00;South Africa;1959;710;South Africa;ZAF;560,00;South Africa 1959;ZAF59;4,00
710,00;South Africa;1960;710;South Africa;ZAF;560,00;South Africa 1960;ZAF60;4,00
710,00;South Africa;1961;710;South Africa;ZAF;560,00;South Africa 1961;ZAF61;4,00
710,00;South Africa;1962;710;South Africa;ZAF;560,00;South Africa 1962;ZAF62;4,00
710,00;South Africa;1963;710;South Africa;ZAF;560,00;South Africa 1963;ZAF63;4,00
710,00;South Africa;1964;710;South Africa;ZAF;560,00;South Africa 1964;ZAF64;4,00
710,00;South Africa;1965;710;South Africa;ZAF;560,00;South Africa 1965;ZAF65;4,00
710,00;South Africa;1966;710;South Africa;ZAF;560,00;South Africa 1966;ZAF66;4,00
710,00;South Africa;1967;710;South Africa;ZAF;560,00;South Africa 1967;ZAF67;4,00
710,00;South Africa;1968;710;South Africa;ZAF;560,00;South Africa 1968;ZAF68;4,00
710,00;South Africa;1969;710;South Africa;ZAF;560,00;South Africa 1969;ZAF69;4,00
710,00;South Africa;1970;710;South Africa;ZAF;560,00;South Africa 1970;ZAF70;4,00
710,00;South Africa;1971;710;South Africa;ZAF;560,00;South Africa 1971;ZAF71;4,00
710,00;South Africa;1972;710;South Africa;ZAF;560,00;South Africa 1972;ZAF72;4,00
710,00;South Africa;1973;710;South Africa;ZAF;560,00;South Africa 1973;ZAF73;4,00
710,00;South Africa;1974;710;South Africa;ZAF;560,00;South Africa 1974;ZAF74;4,00
710,00;South Africa;1975;710;South Africa;ZAF;560,00;South Africa 1975;ZAF75;4,00
710,00;South Africa;1976;710;South Africa;ZAF;560,00;South Africa 1976;ZAF76;4,00
710,00;South Africa;1977;710;South Africa;ZAF;560,00;South Africa 1977;ZAF77;4,00
710,00;South Africa;1978;710;South Africa;ZAF;560,00;South Africa 1978;ZAF78;4,00
710,00;South Africa;1979;710;South Africa;ZAF;560,00;South Africa 1979;ZAF79;4,00
710,00;South Africa;1980;710;South Africa;ZAF;560,00;South Africa 1980;ZAF80;4,00
710,00;South Africa;1981;710;South Africa;ZAF;560,00;South Africa 1981;ZAF81;4,00
710,00;South Africa;1982;710;South Africa;ZAF;560,00;South Africa 1982;ZAF82;4,00
710,00;South Africa;1983;710;South Africa;ZAF;560,00;South Africa 1983;ZAF83;4,00
710,00;South Africa;1984;710;South Africa;ZAF;560,00;South Africa 1984;ZAF84;4,00
710,00;South Africa;1985;710;South Africa;ZAF;560,00;South Africa 1985;ZAF85;4,00
710,00;South Africa;1986;710;South Africa;ZAF;560,00;South Africa 1986;ZAF86;4,00
710,00;South Africa;1987;710;South Africa;ZAF;560,00;South Africa 1987;ZAF87;4,00
710,00;South Africa;1988;710;South Africa;ZAF;560,00;South Africa 1988;ZAF88;4,00
710,00;South Africa;1989;710;South Africa;ZAF;560,00;South Africa 1989;ZAF89;4,00
710,00;South Africa;1990;710;South Africa;ZAF;560,00;South Africa 1990;ZAF90;5,00
710,00;South Africa;1991;710;South Africa;ZAF;560,00;South Africa 1991;ZAF91;5,00
710,00;South Africa;1992;710;South Africa;ZAF;560,00;South Africa 1992;ZAF92;6,00
710,00;South Africa;1993;710;South Africa;ZAF;560,00;South Africa 1993;ZAF93;8,00
710,00;South Africa;1994;710;South Africa;ZAF;560,00;South Africa 1994;ZAF94;9,00
710,00;South Africa;1995;710;South Africa;ZAF;560,00;South Africa 1995;ZAF95;9,00
710,00;South Africa;1996;710;South Africa;ZAF;560,00;South Africa 1996;ZAF96;9,00
710,00;South Africa;1997;710;South Africa;ZAF;560,00;South Africa 1997;ZAF97;9,00
710,00;South Africa;1998;710;South Africa;ZAF;560,00;South Africa 1998;ZAF98;9,00
710,00;South Africa;1999;710;South Africa;ZAF;560,00;South Africa 1999;ZAF99;9,00
710,00;South Africa;2000;710;South Africa;ZAF;560,00;South Africa 2000;ZAF00;9,00
710,00;South Africa;2001;710;South Africa;ZAF;560,00;South Africa 2001;ZAF01;9,00
710,00;South Africa;2002;710;South Africa;ZAF;560,00;South Africa 2002;ZAF02;9,00
710,00;South Africa;2003;710;South Africa;ZAF;560,00;South Africa 2003;ZAF03;9,00
710,00;South Africa;2004;710;South Africa;ZAF;560,00;South Africa 2004;ZAF04;9,00
710,00;South Africa;2005;710;South Africa;ZAF;560,00;South Africa 2005;ZAF05;9,00
710,00;South Africa;2006;710;South Africa;ZAF;560,00;South Africa 2006;ZAF06;9,00
710,00;South Africa;2007;710;South Africa;ZAF;560,00;South Africa 2007;ZAF07;9,00
710,00;South Africa;2008;710;South Africa;ZAF;560,00;South Africa 2008;ZAF08;9,00
710,00;South Africa;2009;710;South Africa;ZAF;560,00;South Africa 2009;ZAF09;9,00
710,00;South Africa;2010;710;South Africa;ZAF;560,00;South Africa 2010;ZAF10;9,00
710,00;South Africa;2011;710;South Africa;ZAF;560,00;South Africa 2011;ZAF11;9,00
710,00;South Africa;2012;710;South Africa;ZAF;560,00;South Africa 2012;ZAF12;9,00
710,00;South Africa;2013;710;South Africa;ZAF;560,00;South Africa 2013;ZAF13;9,00
710,00;South Africa;2014;710;South Africa;ZAF;560,00;South Africa 2014;ZAF14;9,00
710,00;South Africa;2015;710;South Africa;ZAF;560,00;South Africa 2015;ZAF15;9,00
710,00;South Africa;2016;710;South Africa;ZAF;560,00;South Africa 2016;ZAF16;9,00
710,00;South Africa;2017;710;South Africa;ZAF;560,00;South Africa 2017;ZAF17;9,00
710,00;South Africa;2018;710;South Africa;ZAF;560,00;South Africa 2018;ZAF18;9,00
716,00;Zimbabwe;1980;716;Zimbabwe;ZWE;552,00;Zimbabwe 1980;ZWE80;4,00
716,00;Zimbabwe;1981;716;Zimbabwe;ZWE;552,00;Zimbabwe 1981;ZWE81;4,00
716,00;Zimbabwe;1982;716;Zimbabwe;ZWE;552,00;Zimbabwe 1982;ZWE82;4,00
716,00;Zimbabwe;1983;716;Zimbabwe;ZWE;552,00;Zimbabwe 1983;ZWE83;1,00
716,00;Zimbabwe;1984;716;Zimbabwe;ZWE;552,00;Zimbabwe 1984;ZWE84;1,00
716,00;Zimbabwe;1985;716;Zimbabwe;ZWE;552,00;Zimbabwe 1985;ZWE85;1,00
716,00;Zimbabwe;1986;716;Zimbabwe;ZWE;552,00;Zimbabwe 1986;ZWE86;1,00
716,00;Zimbabwe;1987;716;Zimbabwe;ZWE;552,00;Zimbabwe 1987;ZWE87;-6,00
716,00;Zimbabwe;1988;716;Zimbabwe;ZWE;552,00;Zimbabwe 1988;ZWE88;-6,00
716,00;Zimbabwe;1989;716;Zimbabwe;ZWE;552,00;Zimbabwe 1989;ZWE89;-6,00
716,00;Zimbabwe;1990;716;Zimbabwe;ZWE;552,00;Zimbabwe 1990;ZWE90;-6,00
716,00;Zimbabwe;1991;716;Zimbabwe;ZWE;552,00;Zimbabwe 1991;ZWE91;-6,00
716,00;Zimbabwe;1992;716;Zimbabwe;ZWE;552,00;Zimbabwe 1992;ZWE92;-6,00
716,00;Zimbabwe;1993;716;Zimbabwe;ZWE;552,00;Zimbabwe 1993;ZWE93;-6,00
716,00;Zimbabwe;1994;716;Zimbabwe;ZWE;552,00;Zimbabwe 1994;ZWE94;-6,00
716,00;Zimbabwe;1995;716;Zimbabwe;ZWE;552,00;Zimbabwe 1995;ZWE95;-6,00
716,00;Zimbabwe;1996;716;Zimbabwe;ZWE;552,00;Zimbabwe 1996;ZWE96;-6,00
716,00;Zimbabwe;1997;716;Zimbabwe;ZWE;552,00;Zimbabwe 1997;ZWE97;-6,00
716,00;Zimbabwe;1998;716;Zimbabwe;ZWE;552,00;Zimbabwe 1998;ZWE98;-6,00
716,00;Zimbabwe;1999;716;Zimbabwe;ZWE;552,00;Zimbabwe 1999;ZWE99;-3,00
716,00;Zimbabwe;2000;716;Zimbabwe;ZWE;552,00;Zimbabwe 2000;ZWE00;-3,00
716,00;Zimbabwe;2001;716;Zimbabwe;ZWE;552,00;Zimbabwe 2001;ZWE01;-4,00
716,00;Zimbabwe;2002;716;Zimbabwe;ZWE;552,00;Zimbabwe 2002;ZWE02;-4,00
716,00;Zimbabwe;2003;716;Zimbabwe;ZWE;552,00;Zimbabwe 2003;ZWE03;-4,00
716,00;Zimbabwe;2004;716;Zimbabwe;ZWE;552,00;Zimbabwe 2004;ZWE04;-4,00
716,00;Zimbabwe;2005;716;Zimbabwe;ZWE;552,00;Zimbabwe 2005;ZWE05;-4,00
716,00;Zimbabwe;2006;716;Zimbabwe;ZWE;552,00;Zimbabwe 2006;ZWE06;-4,00
716,00;Zimbabwe;2007;716;Zimbabwe;ZWE;552,00;Zimbabwe 2007;ZWE07;-4,00
716,00;Zimbabwe;2008;716;Zimbabwe;ZWE;552,00;Zimbabwe 2008;ZWE08;-4,00
716,00;Zimbabwe;2009;716;Zimbabwe;ZWE;552,00;Zimbabwe 2009;ZWE09;1,00
716,00;Zimbabwe;2010;716;Zimbabwe;ZWE;552,00;Zimbabwe 2010;ZWE10;1,00
716,00;Zimbabwe;2011;716;Zimbabwe;ZWE;552,00;Zimbabwe 2011;ZWE11;1,00
716,00;Zimbabwe;2012;716;Zimbabwe;ZWE;552,00;Zimbabwe 2012;ZWE12;1,00
716,00;Zimbabwe;2013;716;Zimbabwe;ZWE;552,00;Zimbabwe 2013;ZWE13;4,00
716,00;Zimbabwe;2014;716;Zimbabwe;ZWE;552,00;Zimbabwe 2014;ZWE14;4,00
716,00;Zimbabwe;2015;716;Zimbabwe;ZWE;552,00;Zimbabwe 2015;ZWE15;4,00
716,00;Zimbabwe;2016;716;Zimbabwe;ZWE;552,00;Zimbabwe 2016;ZWE16;4,00
716,00;Zimbabwe;2017;716;Zimbabwe;ZWE;552,00;Zimbabwe 2017;ZWE17;4,00
716,00;Zimbabwe;2018;716;Zimbabwe;ZWE;552,00;Zimbabwe 2018;ZWE18;4,00
720,00;Yemen Democratic;1968;720;Yemen, South;YMD;;Yemen, South 1968;YMD68;-5,00
720,00;Yemen Democratic;1969;720;Yemen, South;YMD;;Yemen, South 1969;YMD69;-5,00
720,00;Yemen Democratic;1970;720;Yemen, South;YMD;;Yemen, South 1970;YMD70;-6,00
720,00;Yemen Democratic;1971;720;Yemen, South;YMD;;Yemen, South 1971;YMD71;-6,00
720,00;Yemen Democratic;1972;720;Yemen, South;YMD;;Yemen, South 1972;YMD72;-6,00
720,00;Yemen Democratic;1973;720;Yemen, South;YMD;;Yemen, South 1973;YMD73;-6,00
720,00;Yemen Democratic;1974;720;Yemen, South;YMD;;Yemen, South 1974;YMD74;-7,00
720,00;Yemen Democratic;1975;720;Yemen, South;YMD;;Yemen, South 1975;YMD75;-7,00
720,00;Yemen Democratic;1976;720;Yemen, South;YMD;;Yemen, South 1976;YMD76;-7,00
720,00;Yemen Democratic;1977;720;Yemen, South;YMD;;Yemen, South 1977;YMD77;-7,00
720,00;Yemen Democratic;1978;720;Yemen, South;YMD;;Yemen, South 1978;YMD78;-8,00
720,00;Yemen Democratic;1979;720;Yemen, South;YMD;;Yemen, South 1979;YMD79;-8,00
720,00;Yemen Democratic;1980;720;Yemen, South;YMD;;Yemen, South 1980;YMD80;-8,00
720,00;Yemen Democratic;1981;720;Yemen, South;YMD;;Yemen, South 1981;YMD81;-8,00
720,00;Yemen Democratic;1982;720;Yemen, South;YMD;;Yemen, South 1982;YMD82;-8,00
720,00;Yemen Democratic;1983;720;Yemen, South;YMD;;Yemen, South 1983;YMD83;-8,00
720,00;Yemen Democratic;1984;720;Yemen, South;YMD;;Yemen, South 1984;YMD84;-8,00
720,00;Yemen Democratic;1985;720;Yemen, South;YMD;;Yemen, South 1985;YMD85;-8,00
720,00;Yemen Democratic;1986;720;Yemen, South;YMD;;Yemen, South 1986;YMD86;-7,00
720,00;Yemen Democratic;1987;720;Yemen, South;YMD;;Yemen, South 1987;YMD87;-7,00
720,00;Yemen Democratic;1988;720;Yemen, South;YMD;;Yemen, South 1988;YMD88;-7,00
720,00;Yemen Democratic;1989;720;Yemen, South;YMD;;Yemen, South 1989;YMD89;-7,00
724,00;Spain;1946;724;Spain;ESP;230,00;Spain 1946;ESP46;-7,00
724,00;Spain;1947;724;Spain;ESP;230,00;Spain 1947;ESP47;-7,00
724,00;Spain;1948;724;Spain;ESP;230,00;Spain 1948;ESP48;-7,00
724,00;Spain;1949;724;Spain;ESP;230,00;Spain 1949;ESP49;-7,00
724,00;Spain;1950;724;Spain;ESP;230,00;Spain 1950;ESP50;-7,00
724,00;Spain;1951;724;Spain;ESP;230,00;Spain 1951;ESP51;-7,00
724,00;Spain;1952;724;Spain;ESP;230,00;Spain 1952;ESP52;-7,00
724,00;Spain;1953;724;Spain;ESP;230,00;Spain 1953;ESP53;-7,00
724,00;Spain;1954;724;Spain;ESP;230,00;Spain 1954;ESP54;-7,00
724,00;Spain;1955;724;Spain;ESP;230,00;Spain 1955;ESP55;-7,00
724,00;Spain;1956;724;Spain;ESP;230,00;Spain 1956;ESP56;-7,00
724,00;Spain;1957;724;Spain;ESP;230,00;Spain 1957;ESP57;-7,00
724,00;Spain;1958;724;Spain;ESP;230,00;Spain 1958;ESP58;-7,00
724,00;Spain;1959;724;Spain;ESP;230,00;Spain 1959;ESP59;-7,00
724,00;Spain;1960;724;Spain;ESP;230,00;Spain 1960;ESP60;-7,00
724,00;Spain;1961;724;Spain;ESP;230,00;Spain 1961;ESP61;-7,00
724,00;Spain;1962;724;Spain;ESP;230,00;Spain 1962;ESP62;-7,00
724,00;Spain;1963;724;Spain;ESP;230,00;Spain 1963;ESP63;-7,00
724,00;Spain;1964;724;Spain;ESP;230,00;Spain 1964;ESP64;-7,00
724,00;Spain;1965;724;Spain;ESP;230,00;Spain 1965;ESP65;-7,00
724,00;Spain;1966;724;Spain;ESP;230,00;Spain 1966;ESP66;-7,00
724,00;Spain;1967;724;Spain;ESP;230,00;Spain 1967;ESP67;-7,00
724,00;Spain;1968;724;Spain;ESP;230,00;Spain 1968;ESP68;-7,00
724,00;Spain;1969;724;Spain;ESP;230,00;Spain 1969;ESP69;-7,00
724,00;Spain;1970;724;Spain;ESP;230,00;Spain 1970;ESP70;-7,00
724,00;Spain;1971;724;Spain;ESP;230,00;Spain 1971;ESP71;-7,00
724,00;Spain;1972;724;Spain;ESP;230,00;Spain 1972;ESP72;-7,00
724,00;Spain;1973;724;Spain;ESP;230,00;Spain 1973;ESP73;-7,00
724,00;Spain;1974;724;Spain;ESP;230,00;Spain 1974;ESP74;-7,00
724,00;Spain;1975;724;Spain;ESP;230,00;Spain 1975;ESP75;-3,00
724,00;Spain;1976;724;Spain;ESP;230,00;Spain 1976;ESP76;1,00
724,00;Spain;1977;724;Spain;ESP;230,00;Spain 1977;ESP77;5,00
724,00;Spain;1978;724;Spain;ESP;230,00;Spain 1978;ESP78;9,00
724,00;Spain;1979;724;Spain;ESP;230,00;Spain 1979;ESP79;9,00
724,00;Spain;1980;724;Spain;ESP;230,00;Spain 1980;ESP80;9,00
724,00;Spain;1981;724;Spain;ESP;230,00;Spain 1981;ESP81;9,00
724,00;Spain;1982;724;Spain;ESP;230,00;Spain 1982;ESP82;10,00
724,00;Spain;1983;724;Spain;ESP;230,00;Spain 1983;ESP83;10,00
724,00;Spain;1984;724;Spain;ESP;230,00;Spain 1984;ESP84;10,00
724,00;Spain;1985;724;Spain;ESP;230,00;Spain 1985;ESP85;10,00
724,00;Spain;1986;724;Spain;ESP;230,00;Spain 1986;ESP86;10,00
724,00;Spain;1987;724;Spain;ESP;230,00;Spain 1987;ESP87;10,00
724,00;Spain;1988;724;Spain;ESP;230,00;Spain 1988;ESP88;10,00
724,00;Spain;1989;724;Spain;ESP;230,00;Spain 1989;ESP89;10,00
724,00;Spain;1990;724;Spain;ESP;230,00;Spain 1990;ESP90;10,00
724,00;Spain;1991;724;Spain;ESP;230,00;Spain 1991;ESP91;10,00
724,00;Spain;1992;724;Spain;ESP;230,00;Spain 1992;ESP92;10,00
724,00;Spain;1993;724;Spain;ESP;230,00;Spain 1993;ESP93;10,00
724,00;Spain;1994;724;Spain;ESP;230,00;Spain 1994;ESP94;10,00
724,00;Spain;1995;724;Spain;ESP;230,00;Spain 1995;ESP95;10,00
724,00;Spain;1996;724;Spain;ESP;230,00;Spain 1996;ESP96;10,00
724,00;Spain;1997;724;Spain;ESP;230,00;Spain 1997;ESP97;10,00
724,00;Spain;1998;724;Spain;ESP;230,00;Spain 1998;ESP98;10,00
724,00;Spain;1999;724;Spain;ESP;230,00;Spain 1999;ESP99;10,00
724,00;Spain;2000;724;Spain;ESP;230,00;Spain 2000;ESP00;10,00
724,00;Spain;2001;724;Spain;ESP;230,00;Spain 2001;ESP01;10,00
724,00;Spain;2002;724;Spain;ESP;230,00;Spain 2002;ESP02;10,00
724,00;Spain;2003;724;Spain;ESP;230,00;Spain 2003;ESP03;10,00
724,00;Spain;2004;724;Spain;ESP;230,00;Spain 2004;ESP04;10,00
724,00;Spain;2005;724;Spain;ESP;230,00;Spain 2005;ESP05;10,00
724,00;Spain;2006;724;Spain;ESP;230,00;Spain 2006;ESP06;10,00
724,00;Spain;2007;724;Spain;ESP;230,00;Spain 2007;ESP07;10,00
724,00;Spain;2008;724;Spain;ESP;230,00;Spain 2008;ESP08;10,00
724,00;Spain;2009;724;Spain;ESP;230,00;Spain 2009;ESP09;10,00
724,00;Spain;2010;724;Spain;ESP;230,00;Spain 2010;ESP10;10,00
724,00;Spain;2011;724;Spain;ESP;230,00;Spain 2011;ESP11;10,00
724,00;Spain;2012;724;Spain;ESP;230,00;Spain 2012;ESP12;10,00
724,00;Spain;2013;724;Spain;ESP;230,00;Spain 2013;ESP13;10,00
724,00;Spain;2014;724;Spain;ESP;230,00;Spain 2014;ESP14;10,00
724,00;Spain;2015;724;Spain;ESP;230,00;Spain 2015;ESP15;10,00
724,00;Spain;2016;724;Spain;ESP;230,00;Spain 2016;ESP16;10,00
724,00;Spain;2017;724;Spain;ESP;230,00;Spain 2017;ESP17;10,00
724,00;Spain;2018;724;Spain;ESP;230,00;Spain 2018;ESP18;10,00
728,00;South Sudan;2011;728;South Sudan;SSD;626,00;South Sudan 2011;SSD11;0,00
728,00;South Sudan;2012;728;South Sudan;SSD;626,00;South Sudan 2012;SSD12;0,00
728,00;South Sudan;2013;728;South Sudan;SSD;626,00;South Sudan 2013;SSD13;0,00
728,00;South Sudan;2014;728;South Sudan;SSD;626,00;South Sudan 2014;SSD14;0,00
728,00;South Sudan;2015;728;South Sudan;SSD;626,00;South Sudan 2015;SSD15;0,00
728,00;South Sudan;2016;728;South Sudan;SSD;626,00;South Sudan 2016;SSD16;0,00
728,00;South Sudan;2017;728;South Sudan;SSD;626,00;South Sudan 2017;SSD17;0,00
728,00;South Sudan;2018;728;South Sudan;SSD;626,00;South Sudan 2018;SSD18;0,00
729,00;Sudan (the);2012;729;Sudan (2012-);SDN;625,00;Sudan (2012-) 2012;SDN12;-4,00
729,00;Sudan (the);2013;729;Sudan (2012-);SDN;625,00;Sudan (2012-) 2013;SDN13;-4,00
729,00;Sudan (the);2014;729;Sudan (2012-);SDN;625,00;Sudan (2012-) 2014;SDN14;-4,00
729,00;Sudan (the);2015;729;Sudan (2012-);SDN;625,00;Sudan (2012-) 2015;SDN15;-4,00
729,00;Sudan (the);2016;729;Sudan (2012-);SDN;625,00;Sudan (2012-) 2016;SDN16;-4,00
729,00;Sudan (the);2017;729;Sudan (2012-);SDN;625,00;Sudan (2012-) 2017;SDN17;-4,00
729,00;Sudan (the);2018;729;Sudan (2012-);SDN;625,00;Sudan (2012-) 2018;SDN18;-4,00
729,00;Sudan;1956;736;Sudan (-2011);SDN;;Sudan (-2011) 1956;SDN56;7,00
729,00;Sudan;1957;736;Sudan (-2011);SDN;;Sudan (-2011) 1957;SDN57;7,00
729,00;Sudan;1958;736;Sudan (-2011);SDN;;Sudan (-2011) 1958;SDN58;-7,00
729,00;Sudan;1959;736;Sudan (-2011);SDN;;Sudan (-2011) 1959;SDN59;-7,00
729,00;Sudan;1960;736;Sudan (-2011);SDN;;Sudan (-2011) 1960;SDN60;-7,00
729,00;Sudan;1961;736;Sudan (-2011);SDN;;Sudan (-2011) 1961;SDN61;-7,00
729,00;Sudan;1962;736;Sudan (-2011);SDN;;Sudan (-2011) 1962;SDN62;-7,00
729,00;Sudan;1963;736;Sudan (-2011);SDN;;Sudan (-2011) 1963;SDN63;-4,00
729,00;Sudan;1964;736;Sudan (-2011);SDN;;Sudan (-2011) 1964;SDN64;1,00
729,00;Sudan;1965;736;Sudan (-2011);SDN;;Sudan (-2011) 1965;SDN65;6,00
729,00;Sudan;1966;736;Sudan (-2011);SDN;;Sudan (-2011) 1966;SDN66;6,00
729,00;Sudan;1967;736;Sudan (-2011);SDN;;Sudan (-2011) 1967;SDN67;6,00
729,00;Sudan;1968;736;Sudan (-2011);SDN;;Sudan (-2011) 1968;SDN68;6,00
729,00;Sudan;1969;736;Sudan (-2011);SDN;;Sudan (-2011) 1969;SDN69;-6,00
729,00;Sudan;1970;736;Sudan (-2011);SDN;;Sudan (-2011) 1970;SDN70;-6,00
729,00;Sudan;1971;736;Sudan (-2011);SDN;;Sudan (-2011) 1971;SDN71;-7,00
729,00;Sudan;1972;736;Sudan (-2011);SDN;;Sudan (-2011) 1972;SDN72;-7,00
729,00;Sudan;1973;736;Sudan (-2011);SDN;;Sudan (-2011) 1973;SDN73;-6,00
729,00;Sudan;1974;736;Sudan (-2011);SDN;;Sudan (-2011) 1974;SDN74;-6,00
729,00;Sudan;1975;736;Sudan (-2011);SDN;;Sudan (-2011) 1975;SDN75;-6,00
729,00;Sudan;1976;736;Sudan (-2011);SDN;;Sudan (-2011) 1976;SDN76;-6,00
729,00;Sudan;1977;736;Sudan (-2011);SDN;;Sudan (-2011) 1977;SDN77;-6,00
729,00;Sudan;1978;736;Sudan (-2011);SDN;;Sudan (-2011) 1978;SDN78;-6,00
729,00;Sudan;1979;736;Sudan (-2011);SDN;;Sudan (-2011) 1979;SDN79;-6,00
729,00;Sudan;1980;736;Sudan (-2011);SDN;;Sudan (-2011) 1980;SDN80;-6,00
729,00;Sudan;1981;736;Sudan (-2011);SDN;;Sudan (-2011) 1981;SDN81;-6,00
729,00;Sudan;1982;736;Sudan (-2011);SDN;;Sudan (-2011) 1982;SDN82;-6,00
729,00;Sudan;1983;736;Sudan (-2011);SDN;;Sudan (-2011) 1983;SDN83;-6,00
729,00;Sudan;1984;736;Sudan (-2011);SDN;;Sudan (-2011) 1984;SDN84;-6,00
729,00;Sudan;1985;736;Sudan (-2011);SDN;;Sudan (-2011) 1985;SDN85;-3,00
729,00;Sudan;1986;736;Sudan (-2011);SDN;;Sudan (-2011) 1986;SDN86;7,00
729,00;Sudan;1987;736;Sudan (-2011);SDN;;Sudan (-2011) 1987;SDN87;7,00
729,00;Sudan;1988;736;Sudan (-2011);SDN;;Sudan (-2011) 1988;SDN88;7,00
729,00;Sudan;1989;736;Sudan (-2011);SDN;;Sudan (-2011) 1989;SDN89;-7,00
729,00;Sudan;1990;736;Sudan (-2011);SDN;;Sudan (-2011) 1990;SDN90;-7,00
729,00;Sudan;1991;736;Sudan (-2011);SDN;;Sudan (-2011) 1991;SDN91;-7,00
729,00;Sudan;1992;736;Sudan (-2011);SDN;;Sudan (-2011) 1992;SDN92;-7,00
729,00;Sudan;1993;736;Sudan (-2011);SDN;;Sudan (-2011) 1993;SDN93;-7,00
729,00;Sudan;1994;736;Sudan (-2011);SDN;;Sudan (-2011) 1994;SDN94;-7,00
729,00;Sudan;1995;736;Sudan (-2011);SDN;;Sudan (-2011) 1995;SDN95;-7,00
729,00;Sudan;1996;736;Sudan (-2011);SDN;;Sudan (-2011) 1996;SDN96;-7,00
729,00;Sudan;1997;736;Sudan (-2011);SDN;;Sudan (-2011) 1997;SDN97;-7,00
729,00;Sudan;1998;736;Sudan (-2011);SDN;;Sudan (-2011) 1998;SDN98;-7,00
729,00;Sudan;1999;736;Sudan (-2011);SDN;;Sudan (-2011) 1999;SDN99;-6,00
729,00;Sudan;2000;736;Sudan (-2011);SDN;;Sudan (-2011) 2000;SDN00;-6,00
729,00;Sudan;2001;736;Sudan (-2011);SDN;;Sudan (-2011) 2001;SDN01;-6,00
729,00;Sudan;2002;736;Sudan (-2011);SDN;;Sudan (-2011) 2002;SDN02;-6,00
729,00;Sudan;2003;736;Sudan (-2011);SDN;;Sudan (-2011) 2003;SDN03;-6,00
729,00;Sudan;2004;736;Sudan (-2011);SDN;;Sudan (-2011) 2004;SDN04;-6,00
729,00;Sudan;2005;736;Sudan (-2011);SDN;;Sudan (-2011) 2005;SDN05;-3,00
729,00;Sudan;2006;736;Sudan (-2011);SDN;;Sudan (-2011) 2006;SDN06;-3,00
729,00;Sudan;2007;736;Sudan (-2011);SDN;;Sudan (-2011) 2007;SDN07;-3,00
729,00;Sudan;2008;736;Sudan (-2011);SDN;;Sudan (-2011) 2008;SDN08;-3,00
729,00;Sudan;2009;736;Sudan (-2011);SDN;;Sudan (-2011) 2009;SDN09;-3,00
729,00;Sudan;2010;736;Sudan (-2011);SDN;;Sudan (-2011) 2010;SDN10;-2,00
729,00;Sudan;2011;736;Sudan (-2011);SDN;;Sudan (-2011) 2011;SDN11;-2,00
740,00;Suriname;1976;740;Suriname;SUR;115,00;Suriname 1976;SUR76;5,00
740,00;Suriname;1977;740;Suriname;SUR;115,00;Suriname 1977;SUR77;5,00
740,00;Suriname;1978;740;Suriname;SUR;115,00;Suriname 1978;SUR78;5,00
740,00;Suriname;1979;740;Suriname;SUR;115,00;Suriname 1979;SUR79;5,00
740,00;Suriname;1980;740;Suriname;SUR;115,00;Suriname 1980;SUR80;-1,00
740,00;Suriname;1981;740;Suriname;SUR;115,00;Suriname 1981;SUR81;-1,00
740,00;Suriname;1982;740;Suriname;SUR;115,00;Suriname 1982;SUR82;-6,00
740,00;Suriname;1983;740;Suriname;SUR;115,00;Suriname 1983;SUR83;-6,00
740,00;Suriname;1984;740;Suriname;SUR;115,00;Suriname 1984;SUR84;-6,00
740,00;Suriname;1985;740;Suriname;SUR;115,00;Suriname 1985;SUR85;-6,00
740,00;Suriname;1986;740;Suriname;SUR;115,00;Suriname 1986;SUR86;-6,00
740,00;Suriname;1987;740;Suriname;SUR;115,00;Suriname 1987;SUR87;-1,00
740,00;Suriname;1988;740;Suriname;SUR;115,00;Suriname 1988;SUR88;-1,00
740,00;Suriname;1989;740;Suriname;SUR;115,00;Suriname 1989;SUR89;-1,00
740,00;Suriname;1990;740;Suriname;SUR;115,00;Suriname 1990;SUR90;2,00
740,00;Suriname;1991;740;Suriname;SUR;115,00;Suriname 1991;SUR91;5,00
740,00;Suriname;1992;740;Suriname;SUR;115,00;Suriname 1992;SUR92;5,00
740,00;Suriname;1993;740;Suriname;SUR;115,00;Suriname 1993;SUR93;5,00
740,00;Suriname;1994;740;Suriname;SUR;115,00;Suriname 1994;SUR94;5,00
740,00;Suriname;1995;740;Suriname;SUR;115,00;Suriname 1995;SUR95;5,00
740,00;Suriname;1996;740;Suriname;SUR;115,00;Suriname 1996;SUR96;5,00
740,00;Suriname;1997;740;Suriname;SUR;115,00;Suriname 1997;SUR97;5,00
740,00;Suriname;1998;740;Suriname;SUR;115,00;Suriname 1998;SUR98;5,00
740,00;Suriname;1999;740;Suriname;SUR;115,00;Suriname 1999;SUR99;5,00
740,00;Suriname;2000;740;Suriname;SUR;115,00;Suriname 2000;SUR00;5,00
740,00;Suriname;2001;740;Suriname;SUR;115,00;Suriname 2001;SUR01;5,00
740,00;Suriname;2002;740;Suriname;SUR;115,00;Suriname 2002;SUR02;5,00
740,00;Suriname;2003;740;Suriname;SUR;115,00;Suriname 2003;SUR03;5,00
740,00;Suriname;2004;740;Suriname;SUR;115,00;Suriname 2004;SUR04;5,00
740,00;Suriname;2005;740;Suriname;SUR;115,00;Suriname 2005;SUR05;5,00
740,00;Suriname;2006;740;Suriname;SUR;115,00;Suriname 2006;SUR06;5,00
740,00;Suriname;2007;740;Suriname;SUR;115,00;Suriname 2007;SUR07;5,00
740,00;Suriname;2008;740;Suriname;SUR;115,00;Suriname 2008;SUR08;5,00
740,00;Suriname;2009;740;Suriname;SUR;115,00;Suriname 2009;SUR09;5,00
740,00;Suriname;2010;740;Suriname;SUR;115,00;Suriname 2010;SUR10;5,00
740,00;Suriname;2011;740;Suriname;SUR;115,00;Suriname 2011;SUR11;5,00
740,00;Suriname;2012;740;Suriname;SUR;115,00;Suriname 2012;SUR12;5,00
740,00;Suriname;2013;740;Suriname;SUR;115,00;Suriname 2013;SUR13;5,00
740,00;Suriname;2014;740;Suriname;SUR;115,00;Suriname 2014;SUR14;5,00
740,00;Suriname;2015;740;Suriname;SUR;115,00;Suriname 2015;SUR15;5,00
740,00;Suriname;2016;740;Suriname;SUR;115,00;Suriname 2016;SUR16;5,00
740,00;Suriname;2017;740;Suriname;SUR;115,00;Suriname 2017;SUR17;5,00
740,00;Suriname;2018;740;Suriname;SUR;115,00;Suriname 2018;SUR18;5,00
748,00;Eswatini;1969;748;Eswatini (former Swaziland);SWZ;572,00;Eswatini (former Swaziland) 1969;SWZ69;-8,00
748,00;Eswatini;1970;748;Eswatini (former Swaziland);SWZ;572,00;Eswatini (former Swaziland) 1970;SWZ70;-8,00
748,00;Eswatini;1971;748;Eswatini (former Swaziland);SWZ;572,00;Eswatini (former Swaziland) 1971;SWZ71;-8,00
748,00;Eswatini;1972;748;Eswatini (former Swaziland);SWZ;572,00;Eswatini (former Swaziland) 1972;SWZ72;-8,00
748,00;Eswatini;1973;748;Eswatini (former Swaziland);SWZ;572,00;Eswatini (former Swaziland) 1973;SWZ73;-10,00
748,00;Eswatini;1974;748;Eswatini (former Swaziland);SWZ;572,00;Eswatini (former Swaziland) 1974;SWZ74;-10,00
748,00;Eswatini;1975;748;Eswatini (former Swaziland);SWZ;572,00;Eswatini (former Swaziland) 1975;SWZ75;-10,00
748,00;Eswatini;1976;748;Eswatini (former Swaziland);SWZ;572,00;Eswatini (former Swaziland) 1976;SWZ76;-10,00
748,00;Eswatini;1977;748;Eswatini (former Swaziland);SWZ;572,00;Eswatini (former Swaziland) 1977;SWZ77;-10,00
748,00;Eswatini;1978;748;Eswatini (former Swaziland);SWZ;572,00;Eswatini (former Swaziland) 1978;SWZ78;-10,00
748,00;Eswatini;1979;748;Eswatini (former Swaziland);SWZ;572,00;Eswatini (former Swaziland) 1979;SWZ79;-9,00
748,00;Eswatini;1980;748;Eswatini (former Swaziland);SWZ;572,00;Eswatini (former Swaziland) 1980;SWZ80;-9,00
748,00;Eswatini;1981;748;Eswatini (former Swaziland);SWZ;572,00;Eswatini (former Swaziland) 1981;SWZ81;-9,00
748,00;Eswatini;1982;748;Eswatini (former Swaziland);SWZ;572,00;Eswatini (former Swaziland) 1982;SWZ82;-7,00
748,00;Eswatini;1983;748;Eswatini (former Swaziland);SWZ;572,00;Eswatini (former Swaziland) 1983;SWZ83;-7,00
748,00;Eswatini;1984;748;Eswatini (former Swaziland);SWZ;572,00;Eswatini (former Swaziland) 1984;SWZ84;-7,00
748,00;Eswatini;1985;748;Eswatini (former Swaziland);SWZ;572,00;Eswatini (former Swaziland) 1985;SWZ85;-7,00
748,00;Eswatini;1986;748;Eswatini (former Swaziland);SWZ;572,00;Eswatini (former Swaziland) 1986;SWZ86;-9,00
748,00;Eswatini;1987;748;Eswatini (former Swaziland);SWZ;572,00;Eswatini (former Swaziland) 1987;SWZ87;-9,00
748,00;Eswatini;1988;748;Eswatini (former Swaziland);SWZ;572,00;Eswatini (former Swaziland) 1988;SWZ88;-9,00
748,00;Eswatini;1989;748;Eswatini (former Swaziland);SWZ;572,00;Eswatini (former Swaziland) 1989;SWZ89;-9,00
748,00;Eswatini;1990;748;Eswatini (former Swaziland);SWZ;572,00;Eswatini (former Swaziland) 1990;SWZ90;-9,00
748,00;Eswatini;1991;748;Eswatini (former Swaziland);SWZ;572,00;Eswatini (former Swaziland) 1991;SWZ91;-9,00
748,00;Eswatini;1992;748;Eswatini (former Swaziland);SWZ;572,00;Eswatini (former Swaziland) 1992;SWZ92;-6,00
748,00;Eswatini;1993;748;Eswatini (former Swaziland);SWZ;572,00;Eswatini (former Swaziland) 1993;SWZ93;-7,00
748,00;Eswatini;1994;748;Eswatini (former Swaziland);SWZ;572,00;Eswatini (former Swaziland) 1994;SWZ94;-7,00
748,00;Eswatini;1995;748;Eswatini (former Swaziland);SWZ;572,00;Eswatini (former Swaziland) 1995;SWZ95;-7,00
748,00;Eswatini;1996;748;Eswatini (former Swaziland);SWZ;572,00;Eswatini (former Swaziland) 1996;SWZ96;-7,00
748,00;Eswatini;1997;748;Eswatini (former Swaziland);SWZ;572,00;Eswatini (former Swaziland) 1997;SWZ97;-7,00
748,00;Eswatini;1998;748;Eswatini (former Swaziland);SWZ;572,00;Eswatini (former Swaziland) 1998;SWZ98;-7,00
748,00;Eswatini;1999;748;Eswatini (former Swaziland);SWZ;572,00;Eswatini (former Swaziland) 1999;SWZ99;-7,00
748,00;Eswatini;2000;748;Eswatini (former Swaziland);SWZ;572,00;Eswatini (former Swaziland) 2000;SWZ00;-7,00
748,00;Eswatini;2001;748;Eswatini (former Swaziland);SWZ;572,00;Eswatini (former Swaziland) 2001;SWZ01;-7,00
748,00;Eswatini;2002;748;Eswatini (former Swaziland);SWZ;572,00;Eswatini (former Swaziland) 2002;SWZ02;-7,00
748,00;Eswatini;2003;748;Eswatini (former Swaziland);SWZ;572,00;Eswatini (former Swaziland) 2003;SWZ03;-7,00
748,00;Eswatini;2004;748;Eswatini (former Swaziland);SWZ;572,00;Eswatini (former Swaziland) 2004;SWZ04;-7,00
748,00;Eswatini;2005;748;Eswatini (former Swaziland);SWZ;572,00;Eswatini (former Swaziland) 2005;SWZ05;-7,00
748,00;Eswatini;2006;748;Eswatini (former Swaziland);SWZ;572,00;Eswatini (former Swaziland) 2006;SWZ06;-7,00
748,00;Eswatini;2007;748;Eswatini (former Swaziland);SWZ;572,00;Eswatini (former Swaziland) 2007;SWZ07;-7,00
748,00;Eswatini;2008;748;Eswatini (former Swaziland);SWZ;572,00;Eswatini (former Swaziland) 2008;SWZ08;-7,00
748,00;Eswatini;2009;748;Eswatini (former Swaziland);SWZ;572,00;Eswatini (former Swaziland) 2009;SWZ09;-7,00
748,00;Eswatini;2010;748;Eswatini (former Swaziland);SWZ;572,00;Eswatini (former Swaziland) 2010;SWZ10;-7,00
748,00;Eswatini;2011;748;Eswatini (former Swaziland);SWZ;572,00;Eswatini (former Swaziland) 2011;SWZ11;-7,00
748,00;Eswatini;2012;748;Eswatini (former Swaziland);SWZ;572,00;Eswatini (former Swaziland) 2012;SWZ12;-7,00
748,00;Eswatini;2013;748;Eswatini (former Swaziland);SWZ;572,00;Eswatini (former Swaziland) 2013;SWZ13;-7,00
748,00;Eswatini;2014;748;Eswatini (former Swaziland);SWZ;572,00;Eswatini (former Swaziland) 2014;SWZ14;-7,00
748,00;Eswatini;2015;748;Eswatini (former Swaziland);SWZ;572,00;Eswatini (former Swaziland) 2015;SWZ15;-7,00
748,00;Eswatini;2016;748;Eswatini (former Swaziland);SWZ;572,00;Eswatini (former Swaziland) 2016;SWZ16;-7,00
748,00;Eswatini;2017;748;Eswatini (former Swaziland);SWZ;572,00;Eswatini (former Swaziland) 2017;SWZ17;-7,00
748,00;Eswatini;2018;748;Eswatini (former Swaziland);SWZ;572,00;Eswatini (former Swaziland) 2018;SWZ18;-7,00
752,00;Sweden;1946;752;Sweden;SWE;380,00;Sweden 1946;SWE46;10,00
752,00;Sweden;1947;752;Sweden;SWE;380,00;Sweden 1947;SWE47;10,00
752,00;Sweden;1948;752;Sweden;SWE;380,00;Sweden 1948;SWE48;10,00
752,00;Sweden;1949;752;Sweden;SWE;380,00;Sweden 1949;SWE49;10,00
752,00;Sweden;1950;752;Sweden;SWE;380,00;Sweden 1950;SWE50;10,00
752,00;Sweden;1951;752;Sweden;SWE;380,00;Sweden 1951;SWE51;10,00
752,00;Sweden;1952;752;Sweden;SWE;380,00;Sweden 1952;SWE52;10,00
752,00;Sweden;1953;752;Sweden;SWE;380,00;Sweden 1953;SWE53;10,00
752,00;Sweden;1954;752;Sweden;SWE;380,00;Sweden 1954;SWE54;10,00
752,00;Sweden;1955;752;Sweden;SWE;380,00;Sweden 1955;SWE55;10,00
752,00;Sweden;1956;752;Sweden;SWE;380,00;Sweden 1956;SWE56;10,00
752,00;Sweden;1957;752;Sweden;SWE;380,00;Sweden 1957;SWE57;10,00
752,00;Sweden;1958;752;Sweden;SWE;380,00;Sweden 1958;SWE58;10,00
752,00;Sweden;1959;752;Sweden;SWE;380,00;Sweden 1959;SWE59;10,00
752,00;Sweden;1960;752;Sweden;SWE;380,00;Sweden 1960;SWE60;10,00
752,00;Sweden;1961;752;Sweden;SWE;380,00;Sweden 1961;SWE61;10,00
752,00;Sweden;1962;752;Sweden;SWE;380,00;Sweden 1962;SWE62;10,00
752,00;Sweden;1963;752;Sweden;SWE;380,00;Sweden 1963;SWE63;10,00
752,00;Sweden;1964;752;Sweden;SWE;380,00;Sweden 1964;SWE64;10,00
752,00;Sweden;1965;752;Sweden;SWE;380,00;Sweden 1965;SWE65;10,00
752,00;Sweden;1966;752;Sweden;SWE;380,00;Sweden 1966;SWE66;10,00
752,00;Sweden;1967;752;Sweden;SWE;380,00;Sweden 1967;SWE67;10,00
752,00;Sweden;1968;752;Sweden;SWE;380,00;Sweden 1968;SWE68;10,00
752,00;Sweden;1969;752;Sweden;SWE;380,00;Sweden 1969;SWE69;10,00
752,00;Sweden;1970;752;Sweden;SWE;380,00;Sweden 1970;SWE70;10,00
752,00;Sweden;1971;752;Sweden;SWE;380,00;Sweden 1971;SWE71;10,00
752,00;Sweden;1972;752;Sweden;SWE;380,00;Sweden 1972;SWE72;10,00
752,00;Sweden;1973;752;Sweden;SWE;380,00;Sweden 1973;SWE73;10,00
752,00;Sweden;1974;752;Sweden;SWE;380,00;Sweden 1974;SWE74;10,00
752,00;Sweden;1975;752;Sweden;SWE;380,00;Sweden 1975;SWE75;10,00
752,00;Sweden;1976;752;Sweden;SWE;380,00;Sweden 1976;SWE76;10,00
752,00;Sweden;1977;752;Sweden;SWE;380,00;Sweden 1977;SWE77;10,00
752,00;Sweden;1978;752;Sweden;SWE;380,00;Sweden 1978;SWE78;10,00
752,00;Sweden;1979;752;Sweden;SWE;380,00;Sweden 1979;SWE79;10,00
752,00;Sweden;1980;752;Sweden;SWE;380,00;Sweden 1980;SWE80;10,00
752,00;Sweden;1981;752;Sweden;SWE;380,00;Sweden 1981;SWE81;10,00
752,00;Sweden;1982;752;Sweden;SWE;380,00;Sweden 1982;SWE82;10,00
752,00;Sweden;1983;752;Sweden;SWE;380,00;Sweden 1983;SWE83;10,00
752,00;Sweden;1984;752;Sweden;SWE;380,00;Sweden 1984;SWE84;10,00
752,00;Sweden;1985;752;Sweden;SWE;380,00;Sweden 1985;SWE85;10,00
752,00;Sweden;1986;752;Sweden;SWE;380,00;Sweden 1986;SWE86;10,00
752,00;Sweden;1987;752;Sweden;SWE;380,00;Sweden 1987;SWE87;10,00
752,00;Sweden;1988;752;Sweden;SWE;380,00;Sweden 1988;SWE88;10,00
752,00;Sweden;1989;752;Sweden;SWE;380,00;Sweden 1989;SWE89;10,00
752,00;Sweden;1990;752;Sweden;SWE;380,00;Sweden 1990;SWE90;10,00
752,00;Sweden;1991;752;Sweden;SWE;380,00;Sweden 1991;SWE91;10,00
752,00;Sweden;1992;752;Sweden;SWE;380,00;Sweden 1992;SWE92;10,00
752,00;Sweden;1993;752;Sweden;SWE;380,00;Sweden 1993;SWE93;10,00
752,00;Sweden;1994;752;Sweden;SWE;380,00;Sweden 1994;SWE94;10,00
752,00;Sweden;1995;752;Sweden;SWE;380,00;Sweden 1995;SWE95;10,00
752,00;Sweden;1996;752;Sweden;SWE;380,00;Sweden 1996;SWE96;10,00
752,00;Sweden;1997;752;Sweden;SWE;380,00;Sweden 1997;SWE97;10,00
752,00;Sweden;1998;752;Sweden;SWE;380,00;Sweden 1998;SWE98;10,00
752,00;Sweden;1999;752;Sweden;SWE;380,00;Sweden 1999;SWE99;10,00
752,00;Sweden;2000;752;Sweden;SWE;380,00;Sweden 2000;SWE00;10,00
752,00;Sweden;2001;752;Sweden;SWE;380,00;Sweden 2001;SWE01;10,00
752,00;Sweden;2002;752;Sweden;SWE;380,00;Sweden 2002;SWE02;10,00
752,00;Sweden;2003;752;Sweden;SWE;380,00;Sweden 2003;SWE03;10,00
752,00;Sweden;2004;752;Sweden;SWE;380,00;Sweden 2004;SWE04;10,00
752,00;Sweden;2005;752;Sweden;SWE;380,00;Sweden 2005;SWE05;10,00
752,00;Sweden;2006;752;Sweden;SWE;380,00;Sweden 2006;SWE06;10,00
752,00;Sweden;2007;752;Sweden;SWE;380,00;Sweden 2007;SWE07;10,00
752,00;Sweden;2008;752;Sweden;SWE;380,00;Sweden 2008;SWE08;10,00
752,00;Sweden;2009;752;Sweden;SWE;380,00;Sweden 2009;SWE09;10,00
752,00;Sweden;2010;752;Sweden;SWE;380,00;Sweden 2010;SWE10;10,00
752,00;Sweden;2011;752;Sweden;SWE;380,00;Sweden 2011;SWE11;10,00
752,00;Sweden;2012;752;Sweden;SWE;380,00;Sweden 2012;SWE12;10,00
752,00;Sweden;2013;752;Sweden;SWE;380,00;Sweden 2013;SWE13;10,00
752,00;Sweden;2014;752;Sweden;SWE;380,00;Sweden 2014;SWE14;10,00
752,00;Sweden;2015;752;Sweden;SWE;380,00;Sweden 2015;SWE15;10,00
752,00;Sweden;2016;752;Sweden;SWE;380,00;Sweden 2016;SWE16;10,00
752,00;Sweden;2017;752;Sweden;SWE;380,00;Sweden 2017;SWE17;10,00
752,00;Sweden;2018;752;Sweden;SWE;380,00;Sweden 2018;SWE18;10,00
756,00;Switzerland;1946;756;Switzerland;CHE;225,00;Switzerland 1946;CHE46;10,00
756,00;Switzerland;1947;756;Switzerland;CHE;225,00;Switzerland 1947;CHE47;10,00
756,00;Switzerland;1948;756;Switzerland;CHE;225,00;Switzerland 1948;CHE48;10,00
756,00;Switzerland;1949;756;Switzerland;CHE;225,00;Switzerland 1949;CHE49;10,00
756,00;Switzerland;1950;756;Switzerland;CHE;225,00;Switzerland 1950;CHE50;10,00
756,00;Switzerland;1951;756;Switzerland;CHE;225,00;Switzerland 1951;CHE51;10,00
756,00;Switzerland;1952;756;Switzerland;CHE;225,00;Switzerland 1952;CHE52;10,00
756,00;Switzerland;1953;756;Switzerland;CHE;225,00;Switzerland 1953;CHE53;10,00
756,00;Switzerland;1954;756;Switzerland;CHE;225,00;Switzerland 1954;CHE54;10,00
756,00;Switzerland;1955;756;Switzerland;CHE;225,00;Switzerland 1955;CHE55;10,00
756,00;Switzerland;1956;756;Switzerland;CHE;225,00;Switzerland 1956;CHE56;10,00
756,00;Switzerland;1957;756;Switzerland;CHE;225,00;Switzerland 1957;CHE57;10,00
756,00;Switzerland;1958;756;Switzerland;CHE;225,00;Switzerland 1958;CHE58;10,00
756,00;Switzerland;1959;756;Switzerland;CHE;225,00;Switzerland 1959;CHE59;10,00
756,00;Switzerland;1960;756;Switzerland;CHE;225,00;Switzerland 1960;CHE60;10,00
756,00;Switzerland;1961;756;Switzerland;CHE;225,00;Switzerland 1961;CHE61;10,00
756,00;Switzerland;1962;756;Switzerland;CHE;225,00;Switzerland 1962;CHE62;10,00
756,00;Switzerland;1963;756;Switzerland;CHE;225,00;Switzerland 1963;CHE63;10,00
756,00;Switzerland;1964;756;Switzerland;CHE;225,00;Switzerland 1964;CHE64;10,00
756,00;Switzerland;1965;756;Switzerland;CHE;225,00;Switzerland 1965;CHE65;10,00
756,00;Switzerland;1966;756;Switzerland;CHE;225,00;Switzerland 1966;CHE66;10,00
756,00;Switzerland;1967;756;Switzerland;CHE;225,00;Switzerland 1967;CHE67;10,00
756,00;Switzerland;1968;756;Switzerland;CHE;225,00;Switzerland 1968;CHE68;10,00
756,00;Switzerland;1969;756;Switzerland;CHE;225,00;Switzerland 1969;CHE69;10,00
756,00;Switzerland;1970;756;Switzerland;CHE;225,00;Switzerland 1970;CHE70;10,00
756,00;Switzerland;1971;756;Switzerland;CHE;225,00;Switzerland 1971;CHE71;10,00
756,00;Switzerland;1972;756;Switzerland;CHE;225,00;Switzerland 1972;CHE72;10,00
756,00;Switzerland;1973;756;Switzerland;CHE;225,00;Switzerland 1973;CHE73;10,00
756,00;Switzerland;1974;756;Switzerland;CHE;225,00;Switzerland 1974;CHE74;10,00
756,00;Switzerland;1975;756;Switzerland;CHE;225,00;Switzerland 1975;CHE75;10,00
756,00;Switzerland;1976;756;Switzerland;CHE;225,00;Switzerland 1976;CHE76;10,00
756,00;Switzerland;1977;756;Switzerland;CHE;225,00;Switzerland 1977;CHE77;10,00
756,00;Switzerland;1978;756;Switzerland;CHE;225,00;Switzerland 1978;CHE78;10,00
756,00;Switzerland;1979;756;Switzerland;CHE;225,00;Switzerland 1979;CHE79;10,00
756,00;Switzerland;1980;756;Switzerland;CHE;225,00;Switzerland 1980;CHE80;10,00
756,00;Switzerland;1981;756;Switzerland;CHE;225,00;Switzerland 1981;CHE81;10,00
756,00;Switzerland;1982;756;Switzerland;CHE;225,00;Switzerland 1982;CHE82;10,00
756,00;Switzerland;1983;756;Switzerland;CHE;225,00;Switzerland 1983;CHE83;10,00
756,00;Switzerland;1984;756;Switzerland;CHE;225,00;Switzerland 1984;CHE84;10,00
756,00;Switzerland;1985;756;Switzerland;CHE;225,00;Switzerland 1985;CHE85;10,00
756,00;Switzerland;1986;756;Switzerland;CHE;225,00;Switzerland 1986;CHE86;10,00
756,00;Switzerland;1987;756;Switzerland;CHE;225,00;Switzerland 1987;CHE87;10,00
756,00;Switzerland;1988;756;Switzerland;CHE;225,00;Switzerland 1988;CHE88;10,00
756,00;Switzerland;1989;756;Switzerland;CHE;225,00;Switzerland 1989;CHE89;10,00
756,00;Switzerland;1990;756;Switzerland;CHE;225,00;Switzerland 1990;CHE90;10,00
756,00;Switzerland;1991;756;Switzerland;CHE;225,00;Switzerland 1991;CHE91;10,00
756,00;Switzerland;1992;756;Switzerland;CHE;225,00;Switzerland 1992;CHE92;10,00
756,00;Switzerland;1993;756;Switzerland;CHE;225,00;Switzerland 1993;CHE93;10,00
756,00;Switzerland;1994;756;Switzerland;CHE;225,00;Switzerland 1994;CHE94;10,00
756,00;Switzerland;1995;756;Switzerland;CHE;225,00;Switzerland 1995;CHE95;10,00
756,00;Switzerland;1996;756;Switzerland;CHE;225,00;Switzerland 1996;CHE96;10,00
756,00;Switzerland;1997;756;Switzerland;CHE;225,00;Switzerland 1997;CHE97;10,00
756,00;Switzerland;1998;756;Switzerland;CHE;225,00;Switzerland 1998;CHE98;10,00
756,00;Switzerland;1999;756;Switzerland;CHE;225,00;Switzerland 1999;CHE99;10,00
756,00;Switzerland;2000;756;Switzerland;CHE;225,00;Switzerland 2000;CHE00;10,00
756,00;Switzerland;2001;756;Switzerland;CHE;225,00;Switzerland 2001;CHE01;10,00
756,00;Switzerland;2002;756;Switzerland;CHE;225,00;Switzerland 2002;CHE02;10,00
756,00;Switzerland;2003;756;Switzerland;CHE;225,00;Switzerland 2003;CHE03;10,00
756,00;Switzerland;2004;756;Switzerland;CHE;225,00;Switzerland 2004;CHE04;10,00
756,00;Switzerland;2005;756;Switzerland;CHE;225,00;Switzerland 2005;CHE05;10,00
756,00;Switzerland;2006;756;Switzerland;CHE;225,00;Switzerland 2006;CHE06;10,00
756,00;Switzerland;2007;756;Switzerland;CHE;225,00;Switzerland 2007;CHE07;10,00
756,00;Switzerland;2008;756;Switzerland;CHE;225,00;Switzerland 2008;CHE08;10,00
756,00;Switzerland;2009;756;Switzerland;CHE;225,00;Switzerland 2009;CHE09;10,00
756,00;Switzerland;2010;756;Switzerland;CHE;225,00;Switzerland 2010;CHE10;10,00
756,00;Switzerland;2011;756;Switzerland;CHE;225,00;Switzerland 2011;CHE11;10,00
756,00;Switzerland;2012;756;Switzerland;CHE;225,00;Switzerland 2012;CHE12;10,00
756,00;Switzerland;2013;756;Switzerland;CHE;225,00;Switzerland 2013;CHE13;10,00
756,00;Switzerland;2014;756;Switzerland;CHE;225,00;Switzerland 2014;CHE14;10,00
756,00;Switzerland;2015;756;Switzerland;CHE;225,00;Switzerland 2015;CHE15;10,00
756,00;Switzerland;2016;756;Switzerland;CHE;225,00;Switzerland 2016;CHE16;10,00
756,00;Switzerland;2017;756;Switzerland;CHE;225,00;Switzerland 2017;CHE17;10,00
756,00;Switzerland;2018;756;Switzerland;CHE;225,00;Switzerland 2018;CHE18;10,00
760,00;Syrian Arab Republic (the);1946;760;Syria;SYR;652,00;Syria 1946;SYR46;4,00
760,00;Syrian Arab Republic (the);1947;760;Syria;SYR;652,00;Syria 1947;SYR47;4,00
760,00;Syrian Arab Republic (the);1948;760;Syria;SYR;652,00;Syria 1948;SYR48;4,00
760,00;Syrian Arab Republic (the);1949;760;Syria;SYR;652,00;Syria 1949;SYR49;1,00
760,00;Syrian Arab Republic (the);1950;760;Syria;SYR;652,00;Syria 1950;SYR50;-3,00
760,00;Syrian Arab Republic (the);1951;760;Syria;SYR;652,00;Syria 1951;SYR51;-6,00
760,00;Syrian Arab Republic (the);1952;760;Syria;SYR;652,00;Syria 1952;SYR52;-6,00
760,00;Syrian Arab Republic (the);1953;760;Syria;SYR;652,00;Syria 1953;SYR53;-6,00
760,00;Syrian Arab Republic (the);1954;760;Syria;SYR;652,00;Syria 1954;SYR54;4,00
760,00;Syrian Arab Republic (the);1955;760;Syria;SYR;652,00;Syria 1955;SYR55;7,00
760,00;Syrian Arab Republic (the);1956;760;Syria;SYR;652,00;Syria 1956;SYR56;7,00
760,00;Syrian Arab Republic (the);1957;760;Syria;SYR;652,00;Syria 1957;SYR57;7,00
760,00;Syrian Arab Republic (the);1961;760;Syria;SYR;652,00;Syria 1961;SYR61;2,00
760,00;Syrian Arab Republic (the);1962;760;Syria;SYR;652,00;Syria 1962;SYR62;-3,00
760,00;Syrian Arab Republic (the);1963;760;Syria;SYR;652,00;Syria 1963;SYR63;-8,00
760,00;Syrian Arab Republic (the);1964;760;Syria;SYR;652,00;Syria 1964;SYR64;-8,00
760,00;Syrian Arab Republic (the);1965;760;Syria;SYR;652,00;Syria 1965;SYR65;-8,00
760,00;Syrian Arab Republic (the);1966;760;Syria;SYR;652,00;Syria 1966;SYR66;-8,00
760,00;Syrian Arab Republic (the);1967;760;Syria;SYR;652,00;Syria 1967;SYR67;-8,00
760,00;Syrian Arab Republic (the);1968;760;Syria;SYR;652,00;Syria 1968;SYR68;-8,00
760,00;Syrian Arab Republic (the);1969;760;Syria;SYR;652,00;Syria 1969;SYR69;-8,00
760,00;Syrian Arab Republic (the);1970;760;Syria;SYR;652,00;Syria 1970;SYR70;-9,00
760,00;Syrian Arab Republic (the);1971;760;Syria;SYR;652,00;Syria 1971;SYR71;-9,00
760,00;Syrian Arab Republic (the);1972;760;Syria;SYR;652,00;Syria 1972;SYR72;-9,00
760,00;Syrian Arab Republic (the);1973;760;Syria;SYR;652,00;Syria 1973;SYR73;-9,00
760,00;Syrian Arab Republic (the);1974;760;Syria;SYR;652,00;Syria 1974;SYR74;-9,00
760,00;Syrian Arab Republic (the);1975;760;Syria;SYR;652,00;Syria 1975;SYR75;-9,00
760,00;Syrian Arab Republic (the);1976;760;Syria;SYR;652,00;Syria 1976;SYR76;-9,00
760,00;Syrian Arab Republic (the);1977;760;Syria;SYR;652,00;Syria 1977;SYR77;-9,00
760,00;Syrian Arab Republic (the);1978;760;Syria;SYR;652,00;Syria 1978;SYR78;-9,00
760,00;Syrian Arab Republic (the);1979;760;Syria;SYR;652,00;Syria 1979;SYR79;-9,00
760,00;Syrian Arab Republic (the);1980;760;Syria;SYR;652,00;Syria 1980;SYR80;-9,00
760,00;Syrian Arab Republic (the);1981;760;Syria;SYR;652,00;Syria 1981;SYR81;-9,00
760,00;Syrian Arab Republic (the);1982;760;Syria;SYR;652,00;Syria 1982;SYR82;-9,00
760,00;Syrian Arab Republic (the);1983;760;Syria;SYR;652,00;Syria 1983;SYR83;-9,00
760,00;Syrian Arab Republic (the);1984;760;Syria;SYR;652,00;Syria 1984;SYR84;-9,00
760,00;Syrian Arab Republic (the);1985;760;Syria;SYR;652,00;Syria 1985;SYR85;-9,00
760,00;Syrian Arab Republic (the);1986;760;Syria;SYR;652,00;Syria 1986;SYR86;-9,00
760,00;Syrian Arab Republic (the);1987;760;Syria;SYR;652,00;Syria 1987;SYR87;-9,00
760,00;Syrian Arab Republic (the);1988;760;Syria;SYR;652,00;Syria 1988;SYR88;-9,00
760,00;Syrian Arab Republic (the);1989;760;Syria;SYR;652,00;Syria 1989;SYR89;-9,00
760,00;Syrian Arab Republic (the);1990;760;Syria;SYR;652,00;Syria 1990;SYR90;-9,00
760,00;Syrian Arab Republic (the);1991;760;Syria;SYR;652,00;Syria 1991;SYR91;-9,00
760,00;Syrian Arab Republic (the);1992;760;Syria;SYR;652,00;Syria 1992;SYR92;-9,00
760,00;Syrian Arab Republic (the);1993;760;Syria;SYR;652,00;Syria 1993;SYR93;-9,00
760,00;Syrian Arab Republic (the);1994;760;Syria;SYR;652,00;Syria 1994;SYR94;-9,00
760,00;Syrian Arab Republic (the);1995;760;Syria;SYR;652,00;Syria 1995;SYR95;-9,00
760,00;Syrian Arab Republic (the);1996;760;Syria;SYR;652,00;Syria 1996;SYR96;-9,00
760,00;Syrian Arab Republic (the);1997;760;Syria;SYR;652,00;Syria 1997;SYR97;-9,00
760,00;Syrian Arab Republic (the);1998;760;Syria;SYR;652,00;Syria 1998;SYR98;-9,00
760,00;Syrian Arab Republic (the);1999;760;Syria;SYR;652,00;Syria 1999;SYR99;-9,00
760,00;Syrian Arab Republic (the);2000;760;Syria;SYR;652,00;Syria 2000;SYR00;-6,00
760,00;Syrian Arab Republic (the);2001;760;Syria;SYR;652,00;Syria 2001;SYR01;-6,00
760,00;Syrian Arab Republic (the);2002;760;Syria;SYR;652,00;Syria 2002;SYR02;-6,00
760,00;Syrian Arab Republic (the);2003;760;Syria;SYR;652,00;Syria 2003;SYR03;-6,00
760,00;Syrian Arab Republic (the);2004;760;Syria;SYR;652,00;Syria 2004;SYR04;-6,00
760,00;Syrian Arab Republic (the);2005;760;Syria;SYR;652,00;Syria 2005;SYR05;-6,00
760,00;Syrian Arab Republic (the);2006;760;Syria;SYR;652,00;Syria 2006;SYR06;-6,00
760,00;Syrian Arab Republic (the);2007;760;Syria;SYR;652,00;Syria 2007;SYR07;-6,00
760,00;Syrian Arab Republic (the);2008;760;Syria;SYR;652,00;Syria 2008;SYR08;-6,00
760,00;Syrian Arab Republic (the);2009;760;Syria;SYR;652,00;Syria 2009;SYR09;-6,00
760,00;Syrian Arab Republic (the);2010;760;Syria;SYR;652,00;Syria 2010;SYR10;-6,00
760,00;Syrian Arab Republic (the);2011;760;Syria;SYR;652,00;Syria 2011;SYR11;-6,00
760,00;Syrian Arab Republic (the);2012;760;Syria;SYR;652,00;Syria 2012;SYR12;-9,00
760,00;Syrian Arab Republic (the);2013;760;Syria;SYR;652,00;Syria 2013;SYR13;-9,00
760,00;Syrian Arab Republic (the);2014;760;Syria;SYR;652,00;Syria 2014;SYR14;-9,00
760,00;Syrian Arab Republic (the);2015;760;Syria;SYR;652,00;Syria 2015;SYR15;-9,00
760,00;Syrian Arab Republic (the);2016;760;Syria;SYR;652,00;Syria 2016;SYR16;-9,00
760,00;Syrian Arab Republic (the);2017;760;Syria;SYR;652,00;Syria 2017;SYR17;-9,00
760,00;Syrian Arab Republic (the);2018;760;Syria;SYR;652,00;Syria 2018;SYR18;-9,00
762,00;Tajikistan;1992;762;Tajikistan;TJK;702,00;Tajikistan 1992;TJK92;-6,00
762,00;Tajikistan;1993;762;Tajikistan;TJK;702,00;Tajikistan 1993;TJK93;-6,00
762,00;Tajikistan;1994;762;Tajikistan;TJK;702,00;Tajikistan 1994;TJK94;-6,00
762,00;Tajikistan;1995;762;Tajikistan;TJK;702,00;Tajikistan 1995;TJK95;-6,00
762,00;Tajikistan;1996;762;Tajikistan;TJK;702,00;Tajikistan 1996;TJK96;-6,00
762,00;Tajikistan;1997;762;Tajikistan;TJK;702,00;Tajikistan 1997;TJK97;-5,00
762,00;Tajikistan;1998;762;Tajikistan;TJK;702,00;Tajikistan 1998;TJK98;-1,00
762,00;Tajikistan;1999;762;Tajikistan;TJK;702,00;Tajikistan 1999;TJK99;-1,00
762,00;Tajikistan;2000;762;Tajikistan;TJK;702,00;Tajikistan 2000;TJK00;-1,00
762,00;Tajikistan;2001;762;Tajikistan;TJK;702,00;Tajikistan 2001;TJK01;-1,00
762,00;Tajikistan;2002;762;Tajikistan;TJK;702,00;Tajikistan 2002;TJK02;-1,00
762,00;Tajikistan;2003;762;Tajikistan;TJK;702,00;Tajikistan 2003;TJK03;-3,00
762,00;Tajikistan;2004;762;Tajikistan;TJK;702,00;Tajikistan 2004;TJK04;-3,00
762,00;Tajikistan;2005;762;Tajikistan;TJK;702,00;Tajikistan 2005;TJK05;-3,00
762,00;Tajikistan;2006;762;Tajikistan;TJK;702,00;Tajikistan 2006;TJK06;-3,00
762,00;Tajikistan;2007;762;Tajikistan;TJK;702,00;Tajikistan 2007;TJK07;-3,00
762,00;Tajikistan;2008;762;Tajikistan;TJK;702,00;Tajikistan 2008;TJK08;-3,00
762,00;Tajikistan;2009;762;Tajikistan;TJK;702,00;Tajikistan 2009;TJK09;-3,00
762,00;Tajikistan;2010;762;Tajikistan;TJK;702,00;Tajikistan 2010;TJK10;-3,00
762,00;Tajikistan;2011;762;Tajikistan;TJK;702,00;Tajikistan 2011;TJK11;-3,00
762,00;Tajikistan;2012;762;Tajikistan;TJK;702,00;Tajikistan 2012;TJK12;-3,00
762,00;Tajikistan;2013;762;Tajikistan;TJK;702,00;Tajikistan 2013;TJK13;-3,00
762,00;Tajikistan;2014;762;Tajikistan;TJK;702,00;Tajikistan 2014;TJK14;-3,00
762,00;Tajikistan;2015;762;Tajikistan;TJK;702,00;Tajikistan 2015;TJK15;-3,00
762,00;Tajikistan;2016;762;Tajikistan;TJK;702,00;Tajikistan 2016;TJK16;-3,00
762,00;Tajikistan;2017;762;Tajikistan;TJK;702,00;Tajikistan 2017;TJK17;-3,00
762,00;Tajikistan;2018;762;Tajikistan;TJK;702,00;Tajikistan 2018;TJK18;-3,00
764,00;Thailand;1946;764;Thailand;THA;800,00;Thailand 1946;THA46;-3,00
764,00;Thailand;1947;764;Thailand;THA;800,00;Thailand 1947;THA47;-3,00
764,00;Thailand;1948;764;Thailand;THA;800,00;Thailand 1948;THA48;-3,00
764,00;Thailand;1949;764;Thailand;THA;800,00;Thailand 1949;THA49;-3,00
764,00;Thailand;1950;764;Thailand;THA;800,00;Thailand 1950;THA50;-3,00
764,00;Thailand;1951;764;Thailand;THA;800,00;Thailand 1951;THA51;-3,00
764,00;Thailand;1952;764;Thailand;THA;800,00;Thailand 1952;THA52;-6,00
764,00;Thailand;1953;764;Thailand;THA;800,00;Thailand 1953;THA53;-6,00
764,00;Thailand;1954;764;Thailand;THA;800,00;Thailand 1954;THA54;-6,00
764,00;Thailand;1955;764;Thailand;THA;800,00;Thailand 1955;THA55;-3,00
764,00;Thailand;1956;764;Thailand;THA;800,00;Thailand 1956;THA56;-3,00
764,00;Thailand;1957;764;Thailand;THA;800,00;Thailand 1957;THA57;-3,00
764,00;Thailand;1958;764;Thailand;THA;800,00;Thailand 1958;THA58;-7,00
764,00;Thailand;1959;764;Thailand;THA;800,00;Thailand 1959;THA59;-7,00
764,00;Thailand;1960;764;Thailand;THA;800,00;Thailand 1960;THA60;-7,00
764,00;Thailand;1961;764;Thailand;THA;800,00;Thailand 1961;THA61;-7,00
764,00;Thailand;1962;764;Thailand;THA;800,00;Thailand 1962;THA62;-7,00
764,00;Thailand;1963;764;Thailand;THA;800,00;Thailand 1963;THA63;-7,00
764,00;Thailand;1964;764;Thailand;THA;800,00;Thailand 1964;THA64;-7,00
764,00;Thailand;1965;764;Thailand;THA;800,00;Thailand 1965;THA65;-7,00
764,00;Thailand;1966;764;Thailand;THA;800,00;Thailand 1966;THA66;-7,00
764,00;Thailand;1967;764;Thailand;THA;800,00;Thailand 1967;THA67;-7,00
764,00;Thailand;1968;764;Thailand;THA;800,00;Thailand 1968;THA68;-2,00
764,00;Thailand;1969;764;Thailand;THA;800,00;Thailand 1969;THA69;2,00
764,00;Thailand;1970;764;Thailand;THA;800,00;Thailand 1970;THA70;2,00
764,00;Thailand;1971;764;Thailand;THA;800,00;Thailand 1971;THA71;-7,00
764,00;Thailand;1972;764;Thailand;THA;800,00;Thailand 1972;THA72;-7,00
764,00;Thailand;1973;764;Thailand;THA;800,00;Thailand 1973;THA73;-2,00
764,00;Thailand;1974;764;Thailand;THA;800,00;Thailand 1974;THA74;3,00
764,00;Thailand;1975;764;Thailand;THA;800,00;Thailand 1975;THA75;3,00
764,00;Thailand;1976;764;Thailand;THA;800,00;Thailand 1976;THA76;-7,00
764,00;Thailand;1977;764;Thailand;THA;800,00;Thailand 1977;THA77;-2,00
764,00;Thailand;1978;764;Thailand;THA;800,00;Thailand 1978;THA78;2,00
764,00;Thailand;1979;764;Thailand;THA;800,00;Thailand 1979;THA79;2,00
764,00;Thailand;1980;764;Thailand;THA;800,00;Thailand 1980;THA80;2,00
764,00;Thailand;1981;764;Thailand;THA;800,00;Thailand 1981;THA81;2,00
764,00;Thailand;1982;764;Thailand;THA;800,00;Thailand 1982;THA82;2,00
764,00;Thailand;1983;764;Thailand;THA;800,00;Thailand 1983;THA83;2,00
764,00;Thailand;1984;764;Thailand;THA;800,00;Thailand 1984;THA84;2,00
764,00;Thailand;1985;764;Thailand;THA;800,00;Thailand 1985;THA85;2,00
764,00;Thailand;1986;764;Thailand;THA;800,00;Thailand 1986;THA86;2,00
764,00;Thailand;1987;764;Thailand;THA;800,00;Thailand 1987;THA87;2,00
764,00;Thailand;1988;764;Thailand;THA;800,00;Thailand 1988;THA88;3,00
764,00;Thailand;1989;764;Thailand;THA;800,00;Thailand 1989;THA89;3,00
764,00;Thailand;1990;764;Thailand;THA;800,00;Thailand 1990;THA90;3,00
764,00;Thailand;1991;764;Thailand;THA;800,00;Thailand 1991;THA91;-1,00
764,00;Thailand;1992;764;Thailand;THA;800,00;Thailand 1992;THA92;9,00
764,00;Thailand;1993;764;Thailand;THA;800,00;Thailand 1993;THA93;9,00
764,00;Thailand;1994;764;Thailand;THA;800,00;Thailand 1994;THA94;9,00
764,00;Thailand;1995;764;Thailand;THA;800,00;Thailand 1995;THA95;9,00
764,00;Thailand;1996;764;Thailand;THA;800,00;Thailand 1996;THA96;9,00
764,00;Thailand;1997;764;Thailand;THA;800,00;Thailand 1997;THA97;9,00
764,00;Thailand;1998;764;Thailand;THA;800,00;Thailand 1998;THA98;9,00
764,00;Thailand;1999;764;Thailand;THA;800,00;Thailand 1999;THA99;9,00
764,00;Thailand;2000;764;Thailand;THA;800,00;Thailand 2000;THA00;9,00
764,00;Thailand;2001;764;Thailand;THA;800,00;Thailand 2001;THA01;9,00
764,00;Thailand;2002;764;Thailand;THA;800,00;Thailand 2002;THA02;9,00
764,00;Thailand;2003;764;Thailand;THA;800,00;Thailand 2003;THA03;9,00
764,00;Thailand;2004;764;Thailand;THA;800,00;Thailand 2004;THA04;9,00
764,00;Thailand;2005;764;Thailand;THA;800,00;Thailand 2005;THA05;9,00
764,00;Thailand;2006;764;Thailand;THA;800,00;Thailand 2006;THA06;-5,00
764,00;Thailand;2007;764;Thailand;THA;800,00;Thailand 2007;THA07;-1,00
764,00;Thailand;2008;764;Thailand;THA;800,00;Thailand 2008;THA08;4,00
764,00;Thailand;2009;764;Thailand;THA;800,00;Thailand 2009;THA09;4,00
764,00;Thailand;2010;764;Thailand;THA;800,00;Thailand 2010;THA10;4,00
764,00;Thailand;2011;764;Thailand;THA;800,00;Thailand 2011;THA11;7,00
764,00;Thailand;2012;764;Thailand;THA;800,00;Thailand 2012;THA12;7,00
764,00;Thailand;2013;764;Thailand;THA;800,00;Thailand 2013;THA13;7,00
764,00;Thailand;2014;764;Thailand;THA;800,00;Thailand 2014;THA14;-3,00
764,00;Thailand;2015;764;Thailand;THA;800,00;Thailand 2015;THA15;-3,00
764,00;Thailand;2016;764;Thailand;THA;800,00;Thailand 2016;THA16;-3,00
764,00;Thailand;2017;764;Thailand;THA;800,00;Thailand 2017;THA17;-3,00
764,00;Thailand;2018;764;Thailand;THA;800,00;Thailand 2018;THA18;-3,00
768,00;Togo;1960;768;Togo;TGO;461,00;Togo 1960;TGO60;-6,00
768,00;Togo;1961;768;Togo;TGO;461,00;Togo 1961;TGO61;-6,00
768,00;Togo;1962;768;Togo;TGO;461,00;Togo 1962;TGO62;-6,00
768,00;Togo;1963;768;Togo;TGO;461,00;Togo 1963;TGO63;-6,00
768,00;Togo;1964;768;Togo;TGO;461,00;Togo 1964;TGO64;-6,00
768,00;Togo;1965;768;Togo;TGO;461,00;Togo 1965;TGO65;-6,00
768,00;Togo;1966;768;Togo;TGO;461,00;Togo 1966;TGO66;-6,00
768,00;Togo;1967;768;Togo;TGO;461,00;Togo 1967;TGO67;-7,00
768,00;Togo;1968;768;Togo;TGO;461,00;Togo 1968;TGO68;-7,00
768,00;Togo;1969;768;Togo;TGO;461,00;Togo 1969;TGO69;-7,00
768,00;Togo;1970;768;Togo;TGO;461,00;Togo 1970;TGO70;-7,00
768,00;Togo;1971;768;Togo;TGO;461,00;Togo 1971;TGO71;-7,00
768,00;Togo;1972;768;Togo;TGO;461,00;Togo 1972;TGO72;-7,00
768,00;Togo;1973;768;Togo;TGO;461,00;Togo 1973;TGO73;-7,00
768,00;Togo;1974;768;Togo;TGO;461,00;Togo 1974;TGO74;-7,00
768,00;Togo;1975;768;Togo;TGO;461,00;Togo 1975;TGO75;-7,00
768,00;Togo;1976;768;Togo;TGO;461,00;Togo 1976;TGO76;-7,00
768,00;Togo;1977;768;Togo;TGO;461,00;Togo 1977;TGO77;-7,00
768,00;Togo;1978;768;Togo;TGO;461,00;Togo 1978;TGO78;-7,00
768,00;Togo;1979;768;Togo;TGO;461,00;Togo 1979;TGO79;-7,00
768,00;Togo;1980;768;Togo;TGO;461,00;Togo 1980;TGO80;-7,00
768,00;Togo;1981;768;Togo;TGO;461,00;Togo 1981;TGO81;-7,00
768,00;Togo;1982;768;Togo;TGO;461,00;Togo 1982;TGO82;-7,00
768,00;Togo;1983;768;Togo;TGO;461,00;Togo 1983;TGO83;-7,00
768,00;Togo;1984;768;Togo;TGO;461,00;Togo 1984;TGO84;-7,00
768,00;Togo;1985;768;Togo;TGO;461,00;Togo 1985;TGO85;-7,00
768,00;Togo;1986;768;Togo;TGO;461,00;Togo 1986;TGO86;-7,00
768,00;Togo;1987;768;Togo;TGO;461,00;Togo 1987;TGO87;-7,00
768,00;Togo;1988;768;Togo;TGO;461,00;Togo 1988;TGO88;-7,00
768,00;Togo;1989;768;Togo;TGO;461,00;Togo 1989;TGO89;-7,00
768,00;Togo;1990;768;Togo;TGO;461,00;Togo 1990;TGO90;-7,00
768,00;Togo;1991;768;Togo;TGO;461,00;Togo 1991;TGO91;-5,00
768,00;Togo;1992;768;Togo;TGO;461,00;Togo 1992;TGO92;-5,00
768,00;Togo;1993;768;Togo;TGO;461,00;Togo 1993;TGO93;-2,00
768,00;Togo;1994;768;Togo;TGO;461,00;Togo 1994;TGO94;-2,00
768,00;Togo;1995;768;Togo;TGO;461,00;Togo 1995;TGO95;-2,00
768,00;Togo;1996;768;Togo;TGO;461,00;Togo 1996;TGO96;-2,00
768,00;Togo;1997;768;Togo;TGO;461,00;Togo 1997;TGO97;-2,00
768,00;Togo;1998;768;Togo;TGO;461,00;Togo 1998;TGO98;-2,00
768,00;Togo;1999;768;Togo;TGO;461,00;Togo 1999;TGO99;-2,00
768,00;Togo;2000;768;Togo;TGO;461,00;Togo 2000;TGO00;-2,00
768,00;Togo;2001;768;Togo;TGO;461,00;Togo 2001;TGO01;-2,00
768,00;Togo;2002;768;Togo;TGO;461,00;Togo 2002;TGO02;-2,00
768,00;Togo;2003;768;Togo;TGO;461,00;Togo 2003;TGO03;-2,00
768,00;Togo;2004;768;Togo;TGO;461,00;Togo 2004;TGO04;-2,00
768,00;Togo;2005;768;Togo;TGO;461,00;Togo 2005;TGO05;-4,00
768,00;Togo;2006;768;Togo;TGO;461,00;Togo 2006;TGO06;-4,00
768,00;Togo;2007;768;Togo;TGO;461,00;Togo 2007;TGO07;-4,00
768,00;Togo;2008;768;Togo;TGO;461,00;Togo 2008;TGO08;-4,00
768,00;Togo;2009;768;Togo;TGO;461,00;Togo 2009;TGO09;-4,00
768,00;Togo;2010;768;Togo;TGO;461,00;Togo 2010;TGO10;-2,00
768,00;Togo;2011;768;Togo;TGO;461,00;Togo 2011;TGO11;-2,00
768,00;Togo;2012;768;Togo;TGO;461,00;Togo 2012;TGO12;-2,00
768,00;Togo;2013;768;Togo;TGO;461,00;Togo 2013;TGO13;-2,00
768,00;Togo;2014;768;Togo;TGO;461,00;Togo 2014;TGO14;-2,00
768,00;Togo;2015;768;Togo;TGO;461,00;Togo 2015;TGO15;-2,00
768,00;Togo;2016;768;Togo;TGO;461,00;Togo 2016;TGO16;-2,00
768,00;Togo;2017;768;Togo;TGO;461,00;Togo 2017;TGO17;-2,00
768,00;Togo;2018;768;Togo;TGO;461,00;Togo 2018;TGO18;-2,00
780,00;Trinidad and Tobago;1963;780;Trinidad and Tobago;TTO;52,00;Trinidad and Tobago 1963;TTO63;4,00
780,00;Trinidad and Tobago;1964;780;Trinidad and Tobago;TTO;52,00;Trinidad and Tobago 1964;TTO64;4,00
780,00;Trinidad and Tobago;1965;780;Trinidad and Tobago;TTO;52,00;Trinidad and Tobago 1965;TTO65;4,00
780,00;Trinidad and Tobago;1966;780;Trinidad and Tobago;TTO;52,00;Trinidad and Tobago 1966;TTO66;4,00
780,00;Trinidad and Tobago;1967;780;Trinidad and Tobago;TTO;52,00;Trinidad and Tobago 1967;TTO67;4,00
780,00;Trinidad and Tobago;1968;780;Trinidad and Tobago;TTO;52,00;Trinidad and Tobago 1968;TTO68;4,00
780,00;Trinidad and Tobago;1969;780;Trinidad and Tobago;TTO;52,00;Trinidad and Tobago 1969;TTO69;4,00
780,00;Trinidad and Tobago;1970;780;Trinidad and Tobago;TTO;52,00;Trinidad and Tobago 1970;TTO70;4,00
780,00;Trinidad and Tobago;1971;780;Trinidad and Tobago;TTO;52,00;Trinidad and Tobago 1971;TTO71;4,00
780,00;Trinidad and Tobago;1972;780;Trinidad and Tobago;TTO;52,00;Trinidad and Tobago 1972;TTO72;4,00
780,00;Trinidad and Tobago;1973;780;Trinidad and Tobago;TTO;52,00;Trinidad and Tobago 1973;TTO73;4,00
780,00;Trinidad and Tobago;1974;780;Trinidad and Tobago;TTO;52,00;Trinidad and Tobago 1974;TTO74;4,00
780,00;Trinidad and Tobago;1975;780;Trinidad and Tobago;TTO;52,00;Trinidad and Tobago 1975;TTO75;4,00
780,00;Trinidad and Tobago;1976;780;Trinidad and Tobago;TTO;52,00;Trinidad and Tobago 1976;TTO76;4,00
780,00;Trinidad and Tobago;1977;780;Trinidad and Tobago;TTO;52,00;Trinidad and Tobago 1977;TTO77;4,00
780,00;Trinidad and Tobago;1978;780;Trinidad and Tobago;TTO;52,00;Trinidad and Tobago 1978;TTO78;4,00
780,00;Trinidad and Tobago;1979;780;Trinidad and Tobago;TTO;52,00;Trinidad and Tobago 1979;TTO79;4,00
780,00;Trinidad and Tobago;1980;780;Trinidad and Tobago;TTO;52,00;Trinidad and Tobago 1980;TTO80;4,00
780,00;Trinidad and Tobago;1981;780;Trinidad and Tobago;TTO;52,00;Trinidad and Tobago 1981;TTO81;7,00
780,00;Trinidad and Tobago;1982;780;Trinidad and Tobago;TTO;52,00;Trinidad and Tobago 1982;TTO82;7,00
780,00;Trinidad and Tobago;1983;780;Trinidad and Tobago;TTO;52,00;Trinidad and Tobago 1983;TTO83;7,00
780,00;Trinidad and Tobago;1984;780;Trinidad and Tobago;TTO;52,00;Trinidad and Tobago 1984;TTO84;7,00
780,00;Trinidad and Tobago;1985;780;Trinidad and Tobago;TTO;52,00;Trinidad and Tobago 1985;TTO85;7,00
780,00;Trinidad and Tobago;1986;780;Trinidad and Tobago;TTO;52,00;Trinidad and Tobago 1986;TTO86;8,00
780,00;Trinidad and Tobago;1987;780;Trinidad and Tobago;TTO;52,00;Trinidad and Tobago 1987;TTO87;8,00
780,00;Trinidad and Tobago;1988;780;Trinidad and Tobago;TTO;52,00;Trinidad and Tobago 1988;TTO88;8,00
780,00;Trinidad and Tobago;1989;780;Trinidad and Tobago;TTO;52,00;Trinidad and Tobago 1989;TTO89;8,00
780,00;Trinidad and Tobago;1990;780;Trinidad and Tobago;TTO;52,00;Trinidad and Tobago 1990;TTO90;8,00
780,00;Trinidad and Tobago;1991;780;Trinidad and Tobago;TTO;52,00;Trinidad and Tobago 1991;TTO91;8,00
780,00;Trinidad and Tobago;1992;780;Trinidad and Tobago;TTO;52,00;Trinidad and Tobago 1992;TTO92;8,00
780,00;Trinidad and Tobago;1993;780;Trinidad and Tobago;TTO;52,00;Trinidad and Tobago 1993;TTO93;8,00
780,00;Trinidad and Tobago;1994;780;Trinidad and Tobago;TTO;52,00;Trinidad and Tobago 1994;TTO94;8,00
780,00;Trinidad and Tobago;1995;780;Trinidad and Tobago;TTO;52,00;Trinidad and Tobago 1995;TTO95;9,00
780,00;Trinidad and Tobago;1996;780;Trinidad and Tobago;TTO;52,00;Trinidad and Tobago 1996;TTO96;9,00
780,00;Trinidad and Tobago;1997;780;Trinidad and Tobago;TTO;52,00;Trinidad and Tobago 1997;TTO97;9,00
780,00;Trinidad and Tobago;1998;780;Trinidad and Tobago;TTO;52,00;Trinidad and Tobago 1998;TTO98;9,00
780,00;Trinidad and Tobago;1999;780;Trinidad and Tobago;TTO;52,00;Trinidad and Tobago 1999;TTO99;9,00
780,00;Trinidad and Tobago;2000;780;Trinidad and Tobago;TTO;52,00;Trinidad and Tobago 2000;TTO00;9,00
780,00;Trinidad and Tobago;2001;780;Trinidad and Tobago;TTO;52,00;Trinidad and Tobago 2001;TTO01;9,00
780,00;Trinidad and Tobago;2002;780;Trinidad and Tobago;TTO;52,00;Trinidad and Tobago 2002;TTO02;9,00
780,00;Trinidad and Tobago;2003;780;Trinidad and Tobago;TTO;52,00;Trinidad and Tobago 2003;TTO03;9,00
780,00;Trinidad and Tobago;2004;780;Trinidad and Tobago;TTO;52,00;Trinidad and Tobago 2004;TTO04;9,00
780,00;Trinidad and Tobago;2005;780;Trinidad and Tobago;TTO;52,00;Trinidad and Tobago 2005;TTO05;9,00
780,00;Trinidad and Tobago;2006;780;Trinidad and Tobago;TTO;52,00;Trinidad and Tobago 2006;TTO06;9,00
780,00;Trinidad and Tobago;2007;780;Trinidad and Tobago;TTO;52,00;Trinidad and Tobago 2007;TTO07;9,00
780,00;Trinidad and Tobago;2008;780;Trinidad and Tobago;TTO;52,00;Trinidad and Tobago 2008;TTO08;9,00
780,00;Trinidad and Tobago;2009;780;Trinidad and Tobago;TTO;52,00;Trinidad and Tobago 2009;TTO09;9,00
780,00;Trinidad and Tobago;2010;780;Trinidad and Tobago;TTO;52,00;Trinidad and Tobago 2010;TTO10;9,00
780,00;Trinidad and Tobago;2011;780;Trinidad and Tobago;TTO;52,00;Trinidad and Tobago 2011;TTO11;9,00
780,00;Trinidad and Tobago;2012;780;Trinidad and Tobago;TTO;52,00;Trinidad and Tobago 2012;TTO12;9,00
780,00;Trinidad and Tobago;2013;780;Trinidad and Tobago;TTO;52,00;Trinidad and Tobago 2013;TTO13;9,00
780,00;Trinidad and Tobago;2014;780;Trinidad and Tobago;TTO;52,00;Trinidad and Tobago 2014;TTO14;9,00
780,00;Trinidad and Tobago;2015;780;Trinidad and Tobago;TTO;52,00;Trinidad and Tobago 2015;TTO15;9,00
780,00;Trinidad and Tobago;2016;780;Trinidad and Tobago;TTO;52,00;Trinidad and Tobago 2016;TTO16;9,00
780,00;Trinidad and Tobago;2017;780;Trinidad and Tobago;TTO;52,00;Trinidad and Tobago 2017;TTO17;9,00
780,00;Trinidad and Tobago;2018;780;Trinidad and Tobago;TTO;52,00;Trinidad and Tobago 2018;TTO18;9,00
784,00;United Arab Emirates (the);1972;784;United Arab Emirates;ARE;696,00;United Arab Emirates 1972;ARE72;-8,00
784,00;United Arab Emirates (the);1973;784;United Arab Emirates;ARE;696,00;United Arab Emirates 1973;ARE73;-8,00
784,00;United Arab Emirates (the);1974;784;United Arab Emirates;ARE;696,00;United Arab Emirates 1974;ARE74;-8,00
784,00;United Arab Emirates (the);1975;784;United Arab Emirates;ARE;696,00;United Arab Emirates 1975;ARE75;-8,00
784,00;United Arab Emirates (the);1976;784;United Arab Emirates;ARE;696,00;United Arab Emirates 1976;ARE76;-8,00
784,00;United Arab Emirates (the);1977;784;United Arab Emirates;ARE;696,00;United Arab Emirates 1977;ARE77;-8,00
784,00;United Arab Emirates (the);1978;784;United Arab Emirates;ARE;696,00;United Arab Emirates 1978;ARE78;-8,00
784,00;United Arab Emirates (the);1979;784;United Arab Emirates;ARE;696,00;United Arab Emirates 1979;ARE79;-8,00
784,00;United Arab Emirates (the);1980;784;United Arab Emirates;ARE;696,00;United Arab Emirates 1980;ARE80;-8,00
784,00;United Arab Emirates (the);1981;784;United Arab Emirates;ARE;696,00;United Arab Emirates 1981;ARE81;-8,00
784,00;United Arab Emirates (the);1982;784;United Arab Emirates;ARE;696,00;United Arab Emirates 1982;ARE82;-8,00
784,00;United Arab Emirates (the);1983;784;United Arab Emirates;ARE;696,00;United Arab Emirates 1983;ARE83;-8,00
784,00;United Arab Emirates (the);1984;784;United Arab Emirates;ARE;696,00;United Arab Emirates 1984;ARE84;-8,00
784,00;United Arab Emirates (the);1985;784;United Arab Emirates;ARE;696,00;United Arab Emirates 1985;ARE85;-8,00
784,00;United Arab Emirates (the);1986;784;United Arab Emirates;ARE;696,00;United Arab Emirates 1986;ARE86;-8,00
784,00;United Arab Emirates (the);1987;784;United Arab Emirates;ARE;696,00;United Arab Emirates 1987;ARE87;-8,00
784,00;United Arab Emirates (the);1988;784;United Arab Emirates;ARE;696,00;United Arab Emirates 1988;ARE88;-8,00
784,00;United Arab Emirates (the);1989;784;United Arab Emirates;ARE;696,00;United Arab Emirates 1989;ARE89;-8,00
784,00;United Arab Emirates (the);1990;784;United Arab Emirates;ARE;696,00;United Arab Emirates 1990;ARE90;-8,00
784,00;United Arab Emirates (the);1991;784;United Arab Emirates;ARE;696,00;United Arab Emirates 1991;ARE91;-8,00
784,00;United Arab Emirates (the);1992;784;United Arab Emirates;ARE;696,00;United Arab Emirates 1992;ARE92;-8,00
784,00;United Arab Emirates (the);1993;784;United Arab Emirates;ARE;696,00;United Arab Emirates 1993;ARE93;-8,00
784,00;United Arab Emirates (the);1994;784;United Arab Emirates;ARE;696,00;United Arab Emirates 1994;ARE94;-8,00
784,00;United Arab Emirates (the);1995;784;United Arab Emirates;ARE;696,00;United Arab Emirates 1995;ARE95;-8,00
784,00;United Arab Emirates (the);1996;784;United Arab Emirates;ARE;696,00;United Arab Emirates 1996;ARE96;-8,00
784,00;United Arab Emirates (the);1997;784;United Arab Emirates;ARE;696,00;United Arab Emirates 1997;ARE97;-8,00
784,00;United Arab Emirates (the);1998;784;United Arab Emirates;ARE;696,00;United Arab Emirates 1998;ARE98;-8,00
784,00;United Arab Emirates (the);1999;784;United Arab Emirates;ARE;696,00;United Arab Emirates 1999;ARE99;-8,00
784,00;United Arab Emirates (the);2000;784;United Arab Emirates;ARE;696,00;United Arab Emirates 2000;ARE00;-8,00
784,00;United Arab Emirates (the);2001;784;United Arab Emirates;ARE;696,00;United Arab Emirates 2001;ARE01;-8,00
784,00;United Arab Emirates (the);2002;784;United Arab Emirates;ARE;696,00;United Arab Emirates 2002;ARE02;-8,00
784,00;United Arab Emirates (the);2003;784;United Arab Emirates;ARE;696,00;United Arab Emirates 2003;ARE03;-8,00
784,00;United Arab Emirates (the);2004;784;United Arab Emirates;ARE;696,00;United Arab Emirates 2004;ARE04;-8,00
784,00;United Arab Emirates (the);2005;784;United Arab Emirates;ARE;696,00;United Arab Emirates 2005;ARE05;-8,00
784,00;United Arab Emirates (the);2006;784;United Arab Emirates;ARE;696,00;United Arab Emirates 2006;ARE06;-8,00
784,00;United Arab Emirates (the);2007;784;United Arab Emirates;ARE;696,00;United Arab Emirates 2007;ARE07;-8,00
784,00;United Arab Emirates (the);2008;784;United Arab Emirates;ARE;696,00;United Arab Emirates 2008;ARE08;-8,00
784,00;United Arab Emirates (the);2009;784;United Arab Emirates;ARE;696,00;United Arab Emirates 2009;ARE09;-8,00
784,00;United Arab Emirates (the);2010;784;United Arab Emirates;ARE;696,00;United Arab Emirates 2010;ARE10;-8,00
784,00;United Arab Emirates (the);2011;784;United Arab Emirates;ARE;696,00;United Arab Emirates 2011;ARE11;-8,00
784,00;United Arab Emirates (the);2012;784;United Arab Emirates;ARE;696,00;United Arab Emirates 2012;ARE12;-8,00
784,00;United Arab Emirates (the);2013;784;United Arab Emirates;ARE;696,00;United Arab Emirates 2013;ARE13;-8,00
784,00;United Arab Emirates (the);2014;784;United Arab Emirates;ARE;696,00;United Arab Emirates 2014;ARE14;-8,00
784,00;United Arab Emirates (the);2015;784;United Arab Emirates;ARE;696,00;United Arab Emirates 2015;ARE15;-8,00
784,00;United Arab Emirates (the);2016;784;United Arab Emirates;ARE;696,00;United Arab Emirates 2016;ARE16;-8,00
784,00;United Arab Emirates (the);2017;784;United Arab Emirates;ARE;696,00;United Arab Emirates 2017;ARE17;-8,00
784,00;United Arab Emirates (the);2018;784;United Arab Emirates;ARE;696,00;United Arab Emirates 2018;ARE18;-8,00
788,00;Tunisia;1956;788;Tunisia;TUN;616,00;Tunisia 1956;TUN56;-4,00
788,00;Tunisia;1957;788;Tunisia;TUN;616,00;Tunisia 1957;TUN57;-9,00
788,00;Tunisia;1958;788;Tunisia;TUN;616,00;Tunisia 1958;TUN58;-9,00
788,00;Tunisia;1959;788;Tunisia;TUN;616,00;Tunisia 1959;TUN59;-9,00
788,00;Tunisia;1960;788;Tunisia;TUN;616,00;Tunisia 1960;TUN60;-9,00
788,00;Tunisia;1961;788;Tunisia;TUN;616,00;Tunisia 1961;TUN61;-9,00
788,00;Tunisia;1962;788;Tunisia;TUN;616,00;Tunisia 1962;TUN62;-9,00
788,00;Tunisia;1963;788;Tunisia;TUN;616,00;Tunisia 1963;TUN63;-9,00
788,00;Tunisia;1964;788;Tunisia;TUN;616,00;Tunisia 1964;TUN64;-9,00
788,00;Tunisia;1965;788;Tunisia;TUN;616,00;Tunisia 1965;TUN65;-9,00
788,00;Tunisia;1966;788;Tunisia;TUN;616,00;Tunisia 1966;TUN66;-9,00
788,00;Tunisia;1967;788;Tunisia;TUN;616,00;Tunisia 1967;TUN67;-9,00
788,00;Tunisia;1968;788;Tunisia;TUN;616,00;Tunisia 1968;TUN68;-9,00
788,00;Tunisia;1969;788;Tunisia;TUN;616,00;Tunisia 1969;TUN69;-9,00
788,00;Tunisia;1970;788;Tunisia;TUN;616,00;Tunisia 1970;TUN70;-9,00
788,00;Tunisia;1971;788;Tunisia;TUN;616,00;Tunisia 1971;TUN71;-9,00
788,00;Tunisia;1972;788;Tunisia;TUN;616,00;Tunisia 1972;TUN72;-9,00
788,00;Tunisia;1973;788;Tunisia;TUN;616,00;Tunisia 1973;TUN73;-9,00
788,00;Tunisia;1974;788;Tunisia;TUN;616,00;Tunisia 1974;TUN74;-9,00
788,00;Tunisia;1975;788;Tunisia;TUN;616,00;Tunisia 1975;TUN75;-9,00
788,00;Tunisia;1976;788;Tunisia;TUN;616,00;Tunisia 1976;TUN76;-9,00
788,00;Tunisia;1977;788;Tunisia;TUN;616,00;Tunisia 1977;TUN77;-8,00
788,00;Tunisia;1978;788;Tunisia;TUN;616,00;Tunisia 1978;TUN78;-8,00
788,00;Tunisia;1979;788;Tunisia;TUN;616,00;Tunisia 1979;TUN79;-8,00
788,00;Tunisia;1980;788;Tunisia;TUN;616,00;Tunisia 1980;TUN80;-8,00
788,00;Tunisia;1981;788;Tunisia;TUN;616,00;Tunisia 1981;TUN81;-8,00
788,00;Tunisia;1982;788;Tunisia;TUN;616,00;Tunisia 1982;TUN82;-8,00
788,00;Tunisia;1983;788;Tunisia;TUN;616,00;Tunisia 1983;TUN83;-8,00
788,00;Tunisia;1984;788;Tunisia;TUN;616,00;Tunisia 1984;TUN84;-8,00
788,00;Tunisia;1985;788;Tunisia;TUN;616,00;Tunisia 1985;TUN85;-8,00
788,00;Tunisia;1986;788;Tunisia;TUN;616,00;Tunisia 1986;TUN86;-8,00
788,00;Tunisia;1987;788;Tunisia;TUN;616,00;Tunisia 1987;TUN87;-6,00
788,00;Tunisia;1988;788;Tunisia;TUN;616,00;Tunisia 1988;TUN88;-6,00
788,00;Tunisia;1989;788;Tunisia;TUN;616,00;Tunisia 1989;TUN89;-6,00
788,00;Tunisia;1990;788;Tunisia;TUN;616,00;Tunisia 1990;TUN90;-6,00
788,00;Tunisia;1991;788;Tunisia;TUN;616,00;Tunisia 1991;TUN91;-6,00
788,00;Tunisia;1992;788;Tunisia;TUN;616,00;Tunisia 1992;TUN92;-6,00
788,00;Tunisia;1993;788;Tunisia;TUN;616,00;Tunisia 1993;TUN93;-3,00
788,00;Tunisia;1994;788;Tunisia;TUN;616,00;Tunisia 1994;TUN94;-3,00
788,00;Tunisia;1995;788;Tunisia;TUN;616,00;Tunisia 1995;TUN95;-3,00
788,00;Tunisia;1996;788;Tunisia;TUN;616,00;Tunisia 1996;TUN96;-3,00
788,00;Tunisia;1997;788;Tunisia;TUN;616,00;Tunisia 1997;TUN97;-3,00
788,00;Tunisia;1998;788;Tunisia;TUN;616,00;Tunisia 1998;TUN98;-3,00
788,00;Tunisia;1999;788;Tunisia;TUN;616,00;Tunisia 1999;TUN99;-3,00
788,00;Tunisia;2000;788;Tunisia;TUN;616,00;Tunisia 2000;TUN00;-3,00
788,00;Tunisia;2001;788;Tunisia;TUN;616,00;Tunisia 2001;TUN01;-3,00
788,00;Tunisia;2002;788;Tunisia;TUN;616,00;Tunisia 2002;TUN02;-4,00
788,00;Tunisia;2003;788;Tunisia;TUN;616,00;Tunisia 2003;TUN03;-4,00
788,00;Tunisia;2004;788;Tunisia;TUN;616,00;Tunisia 2004;TUN04;-4,00
788,00;Tunisia;2005;788;Tunisia;TUN;616,00;Tunisia 2005;TUN05;-4,00
788,00;Tunisia;2006;788;Tunisia;TUN;616,00;Tunisia 2006;TUN06;-4,00
788,00;Tunisia;2007;788;Tunisia;TUN;616,00;Tunisia 2007;TUN07;-4,00
788,00;Tunisia;2008;788;Tunisia;TUN;616,00;Tunisia 2008;TUN08;-4,00
788,00;Tunisia;2009;788;Tunisia;TUN;616,00;Tunisia 2009;TUN09;-4,00
788,00;Tunisia;2010;788;Tunisia;TUN;616,00;Tunisia 2010;TUN10;-4,00
788,00;Tunisia;2011;788;Tunisia;TUN;616,00;Tunisia 2011;TUN11;4,00
788,00;Tunisia;2012;788;Tunisia;TUN;616,00;Tunisia 2012;TUN12;5,00
788,00;Tunisia;2013;788;Tunisia;TUN;616,00;Tunisia 2013;TUN13;6,00
788,00;Tunisia;2014;788;Tunisia;TUN;616,00;Tunisia 2014;TUN14;7,00
788,00;Tunisia;2015;788;Tunisia;TUN;616,00;Tunisia 2015;TUN15;7,00
788,00;Tunisia;2016;788;Tunisia;TUN;616,00;Tunisia 2016;TUN16;7,00
788,00;Tunisia;2017;788;Tunisia;TUN;616,00;Tunisia 2017;TUN17;7,00
788,00;Tunisia;2018;788;Tunisia;TUN;616,00;Tunisia 2018;TUN18;7,00
792,00;Turkey;1946;792;Turkey;TUR;640,00;Turkey 1946;TUR46;7,00
792,00;Turkey;1947;792;Turkey;TUR;640,00;Turkey 1947;TUR47;7,00
792,00;Turkey;1948;792;Turkey;TUR;640,00;Turkey 1948;TUR48;7,00
792,00;Turkey;1949;792;Turkey;TUR;640,00;Turkey 1949;TUR49;7,00
792,00;Turkey;1950;792;Turkey;TUR;640,00;Turkey 1950;TUR50;7,00
792,00;Turkey;1951;792;Turkey;TUR;640,00;Turkey 1951;TUR51;7,00
792,00;Turkey;1952;792;Turkey;TUR;640,00;Turkey 1952;TUR52;7,00
792,00;Turkey;1953;792;Turkey;TUR;640,00;Turkey 1953;TUR53;7,00
792,00;Turkey;1954;792;Turkey;TUR;640,00;Turkey 1954;TUR54;4,00
792,00;Turkey;1955;792;Turkey;TUR;640,00;Turkey 1955;TUR55;4,00
792,00;Turkey;1956;792;Turkey;TUR;640,00;Turkey 1956;TUR56;4,00
792,00;Turkey;1957;792;Turkey;TUR;640,00;Turkey 1957;TUR57;4,00
792,00;Turkey;1958;792;Turkey;TUR;640,00;Turkey 1958;TUR58;4,00
792,00;Turkey;1959;792;Turkey;TUR;640,00;Turkey 1959;TUR59;4,00
792,00;Turkey;1960;792;Turkey;TUR;640,00;Turkey 1960;TUR60;7,00
792,00;Turkey;1961;792;Turkey;TUR;640,00;Turkey 1961;TUR61;9,00
792,00;Turkey;1962;792;Turkey;TUR;640,00;Turkey 1962;TUR62;9,00
792,00;Turkey;1963;792;Turkey;TUR;640,00;Turkey 1963;TUR63;9,00
792,00;Turkey;1964;792;Turkey;TUR;640,00;Turkey 1964;TUR64;9,00
792,00;Turkey;1965;792;Turkey;TUR;640,00;Turkey 1965;TUR65;8,00
792,00;Turkey;1966;792;Turkey;TUR;640,00;Turkey 1966;TUR66;8,00
792,00;Turkey;1967;792;Turkey;TUR;640,00;Turkey 1967;TUR67;8,00
792,00;Turkey;1968;792;Turkey;TUR;640,00;Turkey 1968;TUR68;8,00
792,00;Turkey;1969;792;Turkey;TUR;640,00;Turkey 1969;TUR69;8,00
792,00;Turkey;1970;792;Turkey;TUR;640,00;Turkey 1970;TUR70;8,00
792,00;Turkey;1971;792;Turkey;TUR;640,00;Turkey 1971;TUR71;-2,00
792,00;Turkey;1972;792;Turkey;TUR;640,00;Turkey 1972;TUR72;-2,00
792,00;Turkey;1973;792;Turkey;TUR;640,00;Turkey 1973;TUR73;9,00
792,00;Turkey;1974;792;Turkey;TUR;640,00;Turkey 1974;TUR74;9,00
792,00;Turkey;1975;792;Turkey;TUR;640,00;Turkey 1975;TUR75;9,00
792,00;Turkey;1976;792;Turkey;TUR;640,00;Turkey 1976;TUR76;9,00
792,00;Turkey;1977;792;Turkey;TUR;640,00;Turkey 1977;TUR77;9,00
792,00;Turkey;1978;792;Turkey;TUR;640,00;Turkey 1978;TUR78;9,00
792,00;Turkey;1979;792;Turkey;TUR;640,00;Turkey 1979;TUR79;9,00
792,00;Turkey;1980;792;Turkey;TUR;640,00;Turkey 1980;TUR80;-5,00
792,00;Turkey;1981;792;Turkey;TUR;640,00;Turkey 1981;TUR81;-5,00
792,00;Turkey;1982;792;Turkey;TUR;640,00;Turkey 1982;TUR82;-5,00
792,00;Turkey;1983;792;Turkey;TUR;640,00;Turkey 1983;TUR83;7,00
792,00;Turkey;1984;792;Turkey;TUR;640,00;Turkey 1984;TUR84;7,00
792,00;Turkey;1985;792;Turkey;TUR;640,00;Turkey 1985;TUR85;7,00
792,00;Turkey;1986;792;Turkey;TUR;640,00;Turkey 1986;TUR86;7,00
792,00;Turkey;1987;792;Turkey;TUR;640,00;Turkey 1987;TUR87;7,00
792,00;Turkey;1988;792;Turkey;TUR;640,00;Turkey 1988;TUR88;7,00
792,00;Turkey;1989;792;Turkey;TUR;640,00;Turkey 1989;TUR89;9,00
792,00;Turkey;1990;792;Turkey;TUR;640,00;Turkey 1990;TUR90;9,00
792,00;Turkey;1991;792;Turkey;TUR;640,00;Turkey 1991;TUR91;9,00
792,00;Turkey;1992;792;Turkey;TUR;640,00;Turkey 1992;TUR92;9,00
792,00;Turkey;1993;792;Turkey;TUR;640,00;Turkey 1993;TUR93;8,00
792,00;Turkey;1994;792;Turkey;TUR;640,00;Turkey 1994;TUR94;8,00
792,00;Turkey;1995;792;Turkey;TUR;640,00;Turkey 1995;TUR95;8,00
792,00;Turkey;1996;792;Turkey;TUR;640,00;Turkey 1996;TUR96;8,00
792,00;Turkey;1997;792;Turkey;TUR;640,00;Turkey 1997;TUR97;7,00
792,00;Turkey;1998;792;Turkey;TUR;640,00;Turkey 1998;TUR98;7,00
792,00;Turkey;1999;792;Turkey;TUR;640,00;Turkey 1999;TUR99;7,00
792,00;Turkey;2000;792;Turkey;TUR;640,00;Turkey 2000;TUR00;7,00
792,00;Turkey;2001;792;Turkey;TUR;640,00;Turkey 2001;TUR01;7,00
792,00;Turkey;2002;792;Turkey;TUR;640,00;Turkey 2002;TUR02;7,00
792,00;Turkey;2003;792;Turkey;TUR;640,00;Turkey 2003;TUR03;7,00
792,00;Turkey;2004;792;Turkey;TUR;640,00;Turkey 2004;TUR04;7,00
792,00;Turkey;2005;792;Turkey;TUR;640,00;Turkey 2005;TUR05;7,00
792,00;Turkey;2006;792;Turkey;TUR;640,00;Turkey 2006;TUR06;7,00
792,00;Turkey;2007;792;Turkey;TUR;640,00;Turkey 2007;TUR07;7,00
792,00;Turkey;2008;792;Turkey;TUR;640,00;Turkey 2008;TUR08;7,00
792,00;Turkey;2009;792;Turkey;TUR;640,00;Turkey 2009;TUR09;7,00
792,00;Turkey;2010;792;Turkey;TUR;640,00;Turkey 2010;TUR10;7,00
792,00;Turkey;2011;792;Turkey;TUR;640,00;Turkey 2011;TUR11;9,00
792,00;Turkey;2012;792;Turkey;TUR;640,00;Turkey 2012;TUR12;9,00
792,00;Turkey;2013;792;Turkey;TUR;640,00;Turkey 2013;TUR13;9,00
792,00;Turkey;2014;792;Turkey;TUR;640,00;Turkey 2014;TUR14;3,00
792,00;Turkey;2015;792;Turkey;TUR;640,00;Turkey 2015;TUR15;3,00
792,00;Turkey;2016;792;Turkey;TUR;640,00;Turkey 2016;TUR16;-4,00
792,00;Turkey;2017;792;Turkey;TUR;640,00;Turkey 2017;TUR17;-4,00
792,00;Turkey;2018;792;Turkey;TUR;640,00;Turkey 2018;TUR18;-4,00
795,00;Turkmenistan;1992;795;Turkmenistan;TKM;701,00;Turkmenistan 1992;TKM92;-9,00
795,00;Turkmenistan;1993;795;Turkmenistan;TKM;701,00;Turkmenistan 1993;TKM93;-9,00
795,00;Turkmenistan;1994;795;Turkmenistan;TKM;701,00;Turkmenistan 1994;TKM94;-9,00
795,00;Turkmenistan;1995;795;Turkmenistan;TKM;701,00;Turkmenistan 1995;TKM95;-9,00
795,00;Turkmenistan;1996;795;Turkmenistan;TKM;701,00;Turkmenistan 1996;TKM96;-9,00
795,00;Turkmenistan;1997;795;Turkmenistan;TKM;701,00;Turkmenistan 1997;TKM97;-9,00
795,00;Turkmenistan;1998;795;Turkmenistan;TKM;701,00;Turkmenistan 1998;TKM98;-9,00
795,00;Turkmenistan;1999;795;Turkmenistan;TKM;701,00;Turkmenistan 1999;TKM99;-9,00
795,00;Turkmenistan;2000;795;Turkmenistan;TKM;701,00;Turkmenistan 2000;TKM00;-9,00
795,00;Turkmenistan;2001;795;Turkmenistan;TKM;701,00;Turkmenistan 2001;TKM01;-9,00
795,00;Turkmenistan;2002;795;Turkmenistan;TKM;701,00;Turkmenistan 2002;TKM02;-9,00
795,00;Turkmenistan;2003;795;Turkmenistan;TKM;701,00;Turkmenistan 2003;TKM03;-9,00
795,00;Turkmenistan;2004;795;Turkmenistan;TKM;701,00;Turkmenistan 2004;TKM04;-9,00
795,00;Turkmenistan;2005;795;Turkmenistan;TKM;701,00;Turkmenistan 2005;TKM05;-9,00
795,00;Turkmenistan;2006;795;Turkmenistan;TKM;701,00;Turkmenistan 2006;TKM06;-9,00
795,00;Turkmenistan;2007;795;Turkmenistan;TKM;701,00;Turkmenistan 2007;TKM07;-9,00
795,00;Turkmenistan;2008;795;Turkmenistan;TKM;701,00;Turkmenistan 2008;TKM08;-9,00
795,00;Turkmenistan;2009;795;Turkmenistan;TKM;701,00;Turkmenistan 2009;TKM09;-9,00
795,00;Turkmenistan;2010;795;Turkmenistan;TKM;701,00;Turkmenistan 2010;TKM10;-9,00
795,00;Turkmenistan;2011;795;Turkmenistan;TKM;701,00;Turkmenistan 2011;TKM11;-9,00
795,00;Turkmenistan;2012;795;Turkmenistan;TKM;701,00;Turkmenistan 2012;TKM12;-9,00
795,00;Turkmenistan;2013;795;Turkmenistan;TKM;701,00;Turkmenistan 2013;TKM13;-8,00
795,00;Turkmenistan;2014;795;Turkmenistan;TKM;701,00;Turkmenistan 2014;TKM14;-8,00
795,00;Turkmenistan;2015;795;Turkmenistan;TKM;701,00;Turkmenistan 2015;TKM15;-8,00
795,00;Turkmenistan;2016;795;Turkmenistan;TKM;701,00;Turkmenistan 2016;TKM16;-8,00
795,00;Turkmenistan;2017;795;Turkmenistan;TKM;701,00;Turkmenistan 2017;TKM17;-8,00
795,00;Turkmenistan;2018;795;Turkmenistan;TKM;701,00;Turkmenistan 2018;TKM18;-8,00
800,00;Uganda;1963;800;Uganda;UGA;500,00;Uganda 1963;UGA63;7,00
800,00;Uganda;1964;800;Uganda;UGA;500,00;Uganda 1964;UGA64;7,00
800,00;Uganda;1965;800;Uganda;UGA;500,00;Uganda 1965;UGA65;7,00
800,00;Uganda;1966;800;Uganda;UGA;500,00;Uganda 1966;UGA66;0,00
800,00;Uganda;1967;800;Uganda;UGA;500,00;Uganda 1967;UGA67;-6,00
800,00;Uganda;1968;800;Uganda;UGA;500,00;Uganda 1968;UGA68;-6,00
800,00;Uganda;1969;800;Uganda;UGA;500,00;Uganda 1969;UGA69;-7,00
800,00;Uganda;1970;800;Uganda;UGA;500,00;Uganda 1970;UGA70;-7,00
800,00;Uganda;1971;800;Uganda;UGA;500,00;Uganda 1971;UGA71;-7,00
800,00;Uganda;1972;800;Uganda;UGA;500,00;Uganda 1972;UGA72;-7,00
800,00;Uganda;1973;800;Uganda;UGA;500,00;Uganda 1973;UGA73;-7,00
800,00;Uganda;1974;800;Uganda;UGA;500,00;Uganda 1974;UGA74;-7,00
800,00;Uganda;1975;800;Uganda;UGA;500,00;Uganda 1975;UGA75;-7,00
800,00;Uganda;1976;800;Uganda;UGA;500,00;Uganda 1976;UGA76;-7,00
800,00;Uganda;1977;800;Uganda;UGA;500,00;Uganda 1977;UGA77;-7,00
800,00;Uganda;1978;800;Uganda;UGA;500,00;Uganda 1978;UGA78;-7,00
800,00;Uganda;1980;800;Uganda;UGA;500,00;Uganda 1980;UGA80;3,00
800,00;Uganda;1981;800;Uganda;UGA;500,00;Uganda 1981;UGA81;3,00
800,00;Uganda;1982;800;Uganda;UGA;500,00;Uganda 1982;UGA82;3,00
800,00;Uganda;1983;800;Uganda;UGA;500,00;Uganda 1983;UGA83;3,00
800,00;Uganda;1984;800;Uganda;UGA;500,00;Uganda 1984;UGA84;3,00
800,00;Uganda;1985;800;Uganda;UGA;500,00;Uganda 1985;UGA85;0,00
800,00;Uganda;1986;800;Uganda;UGA;500,00;Uganda 1986;UGA86;-7,00
800,00;Uganda;1987;800;Uganda;UGA;500,00;Uganda 1987;UGA87;-7,00
800,00;Uganda;1988;800;Uganda;UGA;500,00;Uganda 1988;UGA88;-7,00
800,00;Uganda;1989;800;Uganda;UGA;500,00;Uganda 1989;UGA89;-7,00
800,00;Uganda;1990;800;Uganda;UGA;500,00;Uganda 1990;UGA90;-7,00
800,00;Uganda;1991;800;Uganda;UGA;500,00;Uganda 1991;UGA91;-7,00
800,00;Uganda;1992;800;Uganda;UGA;500,00;Uganda 1992;UGA92;-7,00
800,00;Uganda;1993;800;Uganda;UGA;500,00;Uganda 1993;UGA93;-4,00
800,00;Uganda;1994;800;Uganda;UGA;500,00;Uganda 1994;UGA94;-4,00
800,00;Uganda;1995;800;Uganda;UGA;500,00;Uganda 1995;UGA95;-4,00
800,00;Uganda;1996;800;Uganda;UGA;500,00;Uganda 1996;UGA96;-4,00
800,00;Uganda;1997;800;Uganda;UGA;500,00;Uganda 1997;UGA97;-4,00
800,00;Uganda;1998;800;Uganda;UGA;500,00;Uganda 1998;UGA98;-4,00
800,00;Uganda;1999;800;Uganda;UGA;500,00;Uganda 1999;UGA99;-4,00
800,00;Uganda;2000;800;Uganda;UGA;500,00;Uganda 2000;UGA00;-4,00
800,00;Uganda;2001;800;Uganda;UGA;500,00;Uganda 2001;UGA01;-4,00
800,00;Uganda;2002;800;Uganda;UGA;500,00;Uganda 2002;UGA02;-4,00
800,00;Uganda;2003;800;Uganda;UGA;500,00;Uganda 2003;UGA03;-4,00
800,00;Uganda;2004;800;Uganda;UGA;500,00;Uganda 2004;UGA04;-4,00
800,00;Uganda;2005;800;Uganda;UGA;500,00;Uganda 2005;UGA05;-1,00
800,00;Uganda;2006;800;Uganda;UGA;500,00;Uganda 2006;UGA06;-1,00
800,00;Uganda;2007;800;Uganda;UGA;500,00;Uganda 2007;UGA07;-1,00
800,00;Uganda;2008;800;Uganda;UGA;500,00;Uganda 2008;UGA08;-1,00
800,00;Uganda;2009;800;Uganda;UGA;500,00;Uganda 2009;UGA09;-1,00
800,00;Uganda;2010;800;Uganda;UGA;500,00;Uganda 2010;UGA10;-1,00
800,00;Uganda;2011;800;Uganda;UGA;500,00;Uganda 2011;UGA11;-1,00
800,00;Uganda;2012;800;Uganda;UGA;500,00;Uganda 2012;UGA12;-1,00
800,00;Uganda;2013;800;Uganda;UGA;500,00;Uganda 2013;UGA13;-1,00
800,00;Uganda;2014;800;Uganda;UGA;500,00;Uganda 2014;UGA14;-1,00
800,00;Uganda;2015;800;Uganda;UGA;500,00;Uganda 2015;UGA15;-1,00
800,00;Uganda;2016;800;Uganda;UGA;500,00;Uganda 2016;UGA16;-1,00
800,00;Uganda;2017;800;Uganda;UGA;500,00;Uganda 2017;UGA17;-1,00
800,00;Uganda;2018;800;Uganda;UGA;500,00;Uganda 2018;UGA18;-1,00
804,00;Ukraine;1992;804;Ukraine;UKR;369,00;Ukraine 1992;UKR92;6,00
804,00;Ukraine;1993;804;Ukraine;UKR;369,00;Ukraine 1993;UKR93;5,00
804,00;Ukraine;1994;804;Ukraine;UKR;369,00;Ukraine 1994;UKR94;7,00
804,00;Ukraine;1995;804;Ukraine;UKR;369,00;Ukraine 1995;UKR95;7,00
804,00;Ukraine;1996;804;Ukraine;UKR;369,00;Ukraine 1996;UKR96;7,00
804,00;Ukraine;1997;804;Ukraine;UKR;369,00;Ukraine 1997;UKR97;7,00
804,00;Ukraine;1998;804;Ukraine;UKR;369,00;Ukraine 1998;UKR98;7,00
804,00;Ukraine;1999;804;Ukraine;UKR;369,00;Ukraine 1999;UKR99;7,00
804,00;Ukraine;2000;804;Ukraine;UKR;369,00;Ukraine 2000;UKR00;6,00
804,00;Ukraine;2001;804;Ukraine;UKR;369,00;Ukraine 2001;UKR01;6,00
804,00;Ukraine;2002;804;Ukraine;UKR;369,00;Ukraine 2002;UKR02;6,00
804,00;Ukraine;2003;804;Ukraine;UKR;369,00;Ukraine 2003;UKR03;6,00
804,00;Ukraine;2004;804;Ukraine;UKR;369,00;Ukraine 2004;UKR04;6,00
804,00;Ukraine;2005;804;Ukraine;UKR;369,00;Ukraine 2005;UKR05;6,00
804,00;Ukraine;2006;804;Ukraine;UKR;369,00;Ukraine 2006;UKR06;7,00
804,00;Ukraine;2007;804;Ukraine;UKR;369,00;Ukraine 2007;UKR07;7,00
804,00;Ukraine;2008;804;Ukraine;UKR;369,00;Ukraine 2008;UKR08;7,00
804,00;Ukraine;2009;804;Ukraine;UKR;369,00;Ukraine 2009;UKR09;7,00
804,00;Ukraine;2010;804;Ukraine;UKR;369,00;Ukraine 2010;UKR10;6,00
804,00;Ukraine;2011;804;Ukraine;UKR;369,00;Ukraine 2011;UKR11;6,00
804,00;Ukraine;2012;804;Ukraine;UKR;369,00;Ukraine 2012;UKR12;6,00
804,00;Ukraine;2013;804;Ukraine;UKR;369,00;Ukraine 2013;UKR13;6,00
804,00;Ukraine;2014;804;Ukraine;UKR;369,00;Ukraine 2014;UKR14;4,00
804,00;Ukraine;2015;804;Ukraine;UKR;369,00;Ukraine 2015;UKR15;4,00
804,00;Ukraine;2016;804;Ukraine;UKR;369,00;Ukraine 2016;UKR16;4,00
804,00;Ukraine;2017;804;Ukraine;UKR;369,00;Ukraine 2017;UKR17;4,00
804,00;Ukraine;2018;804;Ukraine;UKR;369,00;Ukraine 2018;UKR18;4,00
807,00;North Macedonia;1993;807;North Macedonia;MKD;343,00;North Macedonia 1993;MKD93;6,00
807,00;North Macedonia;1994;807;North Macedonia;MKD;343,00;North Macedonia 1994;MKD94;6,00
807,00;North Macedonia;1995;807;North Macedonia;MKD;343,00;North Macedonia 1995;MKD95;6,00
807,00;North Macedonia;1996;807;North Macedonia;MKD;343,00;North Macedonia 1996;MKD96;6,00
807,00;North Macedonia;1997;807;North Macedonia;MKD;343,00;North Macedonia 1997;MKD97;6,00
807,00;North Macedonia;1998;807;North Macedonia;MKD;343,00;North Macedonia 1998;MKD98;6,00
807,00;North Macedonia;1999;807;North Macedonia;MKD;343,00;North Macedonia 1999;MKD99;6,00
807,00;North Macedonia;2000;807;North Macedonia;MKD;343,00;North Macedonia 2000;MKD00;6,00
807,00;North Macedonia;2001;807;North Macedonia;MKD;343,00;North Macedonia 2001;MKD01;6,00
807,00;North Macedonia;2002;807;North Macedonia;MKD;343,00;North Macedonia 2002;MKD02;9,00
807,00;North Macedonia;2003;807;North Macedonia;MKD;343,00;North Macedonia 2003;MKD03;9,00
807,00;North Macedonia;2004;807;North Macedonia;MKD;343,00;North Macedonia 2004;MKD04;9,00
807,00;North Macedonia;2005;807;North Macedonia;MKD;343,00;North Macedonia 2005;MKD05;9,00
807,00;North Macedonia;2006;807;North Macedonia;MKD;343,00;North Macedonia 2006;MKD06;9,00
807,00;North Macedonia;2007;807;North Macedonia;MKD;343,00;North Macedonia 2007;MKD07;9,00
807,00;North Macedonia;2008;807;North Macedonia;MKD;343,00;North Macedonia 2008;MKD08;9,00
807,00;North Macedonia;2009;807;North Macedonia;MKD;343,00;North Macedonia 2009;MKD09;9,00
807,00;North Macedonia;2010;807;North Macedonia;MKD;343,00;North Macedonia 2010;MKD10;9,00
807,00;North Macedonia;2011;807;North Macedonia;MKD;343,00;North Macedonia 2011;MKD11;9,00
807,00;North Macedonia;2012;807;North Macedonia;MKD;343,00;North Macedonia 2012;MKD12;9,00
807,00;North Macedonia;2013;807;North Macedonia;MKD;343,00;North Macedonia 2013;MKD13;9,00
807,00;North Macedonia;2014;807;North Macedonia;MKD;343,00;North Macedonia 2014;MKD14;9,00
807,00;North Macedonia;2015;807;North Macedonia;MKD;343,00;North Macedonia 2015;MKD15;9,00
807,00;North Macedonia;2016;807;North Macedonia;MKD;343,00;North Macedonia 2016;MKD16;9,00
807,00;North Macedonia;2017;807;North Macedonia;MKD;343,00;North Macedonia 2017;MKD17;9,00
807,00;North Macedonia;2018;807;North Macedonia;MKD;343,00;North Macedonia 2018;MKD18;9,00
810,00;USSR;1946;810;USSR;SUN;;USSR 1946;SUN46;-9,00
810,00;USSR;1947;810;USSR;SUN;;USSR 1947;SUN47;-9,00
810,00;USSR;1948;810;USSR;SUN;;USSR 1948;SUN48;-9,00
810,00;USSR;1949;810;USSR;SUN;;USSR 1949;SUN49;-9,00
810,00;USSR;1950;810;USSR;SUN;;USSR 1950;SUN50;-9,00
810,00;USSR;1951;810;USSR;SUN;;USSR 1951;SUN51;-9,00
810,00;USSR;1952;810;USSR;SUN;;USSR 1952;SUN52;-9,00
810,00;USSR;1953;810;USSR;SUN;;USSR 1953;SUN53;-7,00
810,00;USSR;1954;810;USSR;SUN;;USSR 1954;SUN54;-7,00
810,00;USSR;1955;810;USSR;SUN;;USSR 1955;SUN55;-7,00
810,00;USSR;1956;810;USSR;SUN;;USSR 1956;SUN56;-7,00
810,00;USSR;1957;810;USSR;SUN;;USSR 1957;SUN57;-7,00
810,00;USSR;1958;810;USSR;SUN;;USSR 1958;SUN58;-7,00
810,00;USSR;1959;810;USSR;SUN;;USSR 1959;SUN59;-7,00
810,00;USSR;1960;810;USSR;SUN;;USSR 1960;SUN60;-7,00
810,00;USSR;1961;810;USSR;SUN;;USSR 1961;SUN61;-7,00
810,00;USSR;1962;810;USSR;SUN;;USSR 1962;SUN62;-7,00
810,00;USSR;1963;810;USSR;SUN;;USSR 1963;SUN63;-7,00
810,00;USSR;1964;810;USSR;SUN;;USSR 1964;SUN64;-7,00
810,00;USSR;1965;810;USSR;SUN;;USSR 1965;SUN65;-7,00
810,00;USSR;1966;810;USSR;SUN;;USSR 1966;SUN66;-7,00
810,00;USSR;1967;810;USSR;SUN;;USSR 1967;SUN67;-7,00
810,00;USSR;1968;810;USSR;SUN;;USSR 1968;SUN68;-7,00
810,00;USSR;1969;810;USSR;SUN;;USSR 1969;SUN69;-7,00
810,00;USSR;1970;810;USSR;SUN;;USSR 1970;SUN70;-7,00
810,00;USSR;1971;810;USSR;SUN;;USSR 1971;SUN71;-7,00
810,00;USSR;1972;810;USSR;SUN;;USSR 1972;SUN72;-7,00
810,00;USSR;1973;810;USSR;SUN;;USSR 1973;SUN73;-7,00
810,00;USSR;1974;810;USSR;SUN;;USSR 1974;SUN74;-7,00
810,00;USSR;1975;810;USSR;SUN;;USSR 1975;SUN75;-7,00
810,00;USSR;1976;810;USSR;SUN;;USSR 1976;SUN76;-7,00
810,00;USSR;1977;810;USSR;SUN;;USSR 1977;SUN77;-7,00
810,00;USSR;1978;810;USSR;SUN;;USSR 1978;SUN78;-7,00
810,00;USSR;1979;810;USSR;SUN;;USSR 1979;SUN79;-7,00
810,00;USSR;1980;810;USSR;SUN;;USSR 1980;SUN80;-7,00
810,00;USSR;1981;810;USSR;SUN;;USSR 1981;SUN81;-7,00
810,00;USSR;1982;810;USSR;SUN;;USSR 1982;SUN82;-7,00
810,00;USSR;1983;810;USSR;SUN;;USSR 1983;SUN83;-7,00
810,00;USSR;1984;810;USSR;SUN;;USSR 1984;SUN84;-7,00
810,00;USSR;1985;810;USSR;SUN;;USSR 1985;SUN85;-7,00
810,00;USSR;1986;810;USSR;SUN;;USSR 1986;SUN86;-7,00
810,00;USSR;1987;810;USSR;SUN;;USSR 1987;SUN87;-7,00
810,00;USSR;1988;810;USSR;SUN;;USSR 1988;SUN88;-6,00
810,00;USSR;1989;810;USSR;SUN;;USSR 1989;SUN89;-4,00
810,00;USSR;1990;810;USSR;SUN;;USSR 1990;SUN90;0,00
810,00;USSR;1991;810;USSR;SUN;;USSR 1991;SUN91;0,00
818,00;Egypt;1951;818;Egypt;EGY;651,00;Egypt 1951;EGY51;6,00
818,00;Egypt;1952;818;Egypt;EGY;651,00;Egypt 1952;EGY52;-7,00
818,00;Egypt;1953;818;Egypt;EGY;651,00;Egypt 1953;EGY53;-7,00
818,00;Egypt;1954;818;Egypt;EGY;651,00;Egypt 1954;EGY54;-7,00
818,00;Egypt;1955;818;Egypt;EGY;651,00;Egypt 1955;EGY55;-7,00
818,00;Egypt;1956;818;Egypt;EGY;651,00;Egypt 1956;EGY56;-7,00
818,00;Egypt;1957;818;Egypt;EGY;651,00;Egypt 1957;EGY57;-7,00
818,00;Egypt;1958;818;Egypt;EGY;651,00;Egypt 1958;EGY58;-7,00
818,00;Egypt;1959;818;Egypt;EGY;651,00;Egypt 1959;EGY59;-7,00
818,00;Egypt;1960;818;Egypt;EGY;651,00;Egypt 1960;EGY60;-7,00
818,00;Egypt;1961;818;Egypt;EGY;651,00;Egypt 1961;EGY61;-7,00
818,00;Egypt;1962;818;Egypt;EGY;651,00;Egypt 1962;EGY62;-7,00
818,00;Egypt;1963;818;Egypt;EGY;651,00;Egypt 1963;EGY63;-7,00
818,00;Egypt;1964;818;Egypt;EGY;651,00;Egypt 1964;EGY64;-7,00
818,00;Egypt;1965;818;Egypt;EGY;651,00;Egypt 1965;EGY65;-7,00
818,00;Egypt;1966;818;Egypt;EGY;651,00;Egypt 1966;EGY66;-7,00
818,00;Egypt;1967;818;Egypt;EGY;651,00;Egypt 1967;EGY67;-7,00
818,00;Egypt;1968;818;Egypt;EGY;651,00;Egypt 1968;EGY68;-7,00
818,00;Egypt;1969;818;Egypt;EGY;651,00;Egypt 1969;EGY69;-7,00
818,00;Egypt;1970;818;Egypt;EGY;651,00;Egypt 1970;EGY70;-7,00
818,00;Egypt;1971;818;Egypt;EGY;651,00;Egypt 1971;EGY71;-7,00
818,00;Egypt;1972;818;Egypt;EGY;651,00;Egypt 1972;EGY72;-7,00
818,00;Egypt;1973;818;Egypt;EGY;651,00;Egypt 1973;EGY73;-7,00
818,00;Egypt;1974;818;Egypt;EGY;651,00;Egypt 1974;EGY74;-7,00
818,00;Egypt;1975;818;Egypt;EGY;651,00;Egypt 1975;EGY75;-7,00
818,00;Egypt;1976;818;Egypt;EGY;651,00;Egypt 1976;EGY76;-6,00
818,00;Egypt;1977;818;Egypt;EGY;651,00;Egypt 1977;EGY77;-6,00
818,00;Egypt;1978;818;Egypt;EGY;651,00;Egypt 1978;EGY78;-6,00
818,00;Egypt;1979;818;Egypt;EGY;651,00;Egypt 1979;EGY79;-6,00
818,00;Egypt;1980;818;Egypt;EGY;651,00;Egypt 1980;EGY80;-6,00
818,00;Egypt;1981;818;Egypt;EGY;651,00;Egypt 1981;EGY81;-6,00
818,00;Egypt;1982;818;Egypt;EGY;651,00;Egypt 1982;EGY82;-6,00
818,00;Egypt;1983;818;Egypt;EGY;651,00;Egypt 1983;EGY83;-6,00
818,00;Egypt;1984;818;Egypt;EGY;651,00;Egypt 1984;EGY84;-6,00
818,00;Egypt;1985;818;Egypt;EGY;651,00;Egypt 1985;EGY85;-6,00
818,00;Egypt;1986;818;Egypt;EGY;651,00;Egypt 1986;EGY86;-6,00
818,00;Egypt;1987;818;Egypt;EGY;651,00;Egypt 1987;EGY87;-6,00
818,00;Egypt;1988;818;Egypt;EGY;651,00;Egypt 1988;EGY88;-6,00
818,00;Egypt;1989;818;Egypt;EGY;651,00;Egypt 1989;EGY89;-6,00
818,00;Egypt;1990;818;Egypt;EGY;651,00;Egypt 1990;EGY90;-6,00
818,00;Egypt;1991;818;Egypt;EGY;651,00;Egypt 1991;EGY91;-6,00
818,00;Egypt;1992;818;Egypt;EGY;651,00;Egypt 1992;EGY92;-6,00
818,00;Egypt;1993;818;Egypt;EGY;651,00;Egypt 1993;EGY93;-6,00
818,00;Egypt;1994;818;Egypt;EGY;651,00;Egypt 1994;EGY94;-6,00
818,00;Egypt;1995;818;Egypt;EGY;651,00;Egypt 1995;EGY95;-6,00
818,00;Egypt;1996;818;Egypt;EGY;651,00;Egypt 1996;EGY96;-6,00
818,00;Egypt;1997;818;Egypt;EGY;651,00;Egypt 1997;EGY97;-6,00
818,00;Egypt;1998;818;Egypt;EGY;651,00;Egypt 1998;EGY98;-6,00
818,00;Egypt;1999;818;Egypt;EGY;651,00;Egypt 1999;EGY99;-6,00
818,00;Egypt;2000;818;Egypt;EGY;651,00;Egypt 2000;EGY00;-6,00
818,00;Egypt;2001;818;Egypt;EGY;651,00;Egypt 2001;EGY01;-6,00
818,00;Egypt;2002;818;Egypt;EGY;651,00;Egypt 2002;EGY02;-6,00
818,00;Egypt;2003;818;Egypt;EGY;651,00;Egypt 2003;EGY03;-6,00
818,00;Egypt;2004;818;Egypt;EGY;651,00;Egypt 2004;EGY04;-6,00
818,00;Egypt;2005;818;Egypt;EGY;651,00;Egypt 2005;EGY05;-3,00
818,00;Egypt;2006;818;Egypt;EGY;651,00;Egypt 2006;EGY06;-3,00
818,00;Egypt;2007;818;Egypt;EGY;651,00;Egypt 2007;EGY07;-3,00
818,00;Egypt;2008;818;Egypt;EGY;651,00;Egypt 2008;EGY08;-3,00
818,00;Egypt;2009;818;Egypt;EGY;651,00;Egypt 2009;EGY09;-3,00
818,00;Egypt;2010;818;Egypt;EGY;651,00;Egypt 2010;EGY10;-3,00
818,00;Egypt;2011;818;Egypt;EGY;651,00;Egypt 2011;EGY11;-2,00
818,00;Egypt;2012;818;Egypt;EGY;651,00;Egypt 2012;EGY12;-3,00
818,00;Egypt;2013;818;Egypt;EGY;651,00;Egypt 2013;EGY13;-4,00
818,00;Egypt;2014;818;Egypt;EGY;651,00;Egypt 2014;EGY14;-4,00
818,00;Egypt;2015;818;Egypt;EGY;651,00;Egypt 2015;EGY15;-4,00
818,00;Egypt;2016;818;Egypt;EGY;651,00;Egypt 2016;EGY16;-4,00
818,00;Egypt;2017;818;Egypt;EGY;651,00;Egypt 2017;EGY17;-4,00
818,00;Egypt;2018;818;Egypt;EGY;651,00;Egypt 2018;EGY18;-4,00
826,00;United Kingdom of Great Britain and Northern Ireland (the);1946;826;United Kingdom;GBR;200,00;United Kingdom 1946;GBR46;10,00
826,00;United Kingdom of Great Britain and Northern Ireland (the);1947;826;United Kingdom;GBR;200,00;United Kingdom 1947;GBR47;10,00
826,00;United Kingdom of Great Britain and Northern Ireland (the);1948;826;United Kingdom;GBR;200,00;United Kingdom 1948;GBR48;10,00
826,00;United Kingdom of Great Britain and Northern Ireland (the);1949;826;United Kingdom;GBR;200,00;United Kingdom 1949;GBR49;10,00
826,00;United Kingdom of Great Britain and Northern Ireland (the);1950;826;United Kingdom;GBR;200,00;United Kingdom 1950;GBR50;10,00
826,00;United Kingdom of Great Britain and Northern Ireland (the);1951;826;United Kingdom;GBR;200,00;United Kingdom 1951;GBR51;10,00
826,00;United Kingdom of Great Britain and Northern Ireland (the);1952;826;United Kingdom;GBR;200,00;United Kingdom 1952;GBR52;10,00
826,00;United Kingdom of Great Britain and Northern Ireland (the);1953;826;United Kingdom;GBR;200,00;United Kingdom 1953;GBR53;10,00
826,00;United Kingdom of Great Britain and Northern Ireland (the);1954;826;United Kingdom;GBR;200,00;United Kingdom 1954;GBR54;10,00
826,00;United Kingdom of Great Britain and Northern Ireland (the);1955;826;United Kingdom;GBR;200,00;United Kingdom 1955;GBR55;10,00
826,00;United Kingdom of Great Britain and Northern Ireland (the);1956;826;United Kingdom;GBR;200,00;United Kingdom 1956;GBR56;10,00
826,00;United Kingdom of Great Britain and Northern Ireland (the);1957;826;United Kingdom;GBR;200,00;United Kingdom 1957;GBR57;10,00
826,00;United Kingdom of Great Britain and Northern Ireland (the);1958;826;United Kingdom;GBR;200,00;United Kingdom 1958;GBR58;10,00
826,00;United Kingdom of Great Britain and Northern Ireland (the);1959;826;United Kingdom;GBR;200,00;United Kingdom 1959;GBR59;10,00
826,00;United Kingdom of Great Britain and Northern Ireland (the);1960;826;United Kingdom;GBR;200,00;United Kingdom 1960;GBR60;10,00
826,00;United Kingdom of Great Britain and Northern Ireland (the);1961;826;United Kingdom;GBR;200,00;United Kingdom 1961;GBR61;10,00
826,00;United Kingdom of Great Britain and Northern Ireland (the);1962;826;United Kingdom;GBR;200,00;United Kingdom 1962;GBR62;10,00
826,00;United Kingdom of Great Britain and Northern Ireland (the);1963;826;United Kingdom;GBR;200,00;United Kingdom 1963;GBR63;10,00
826,00;United Kingdom of Great Britain and Northern Ireland (the);1964;826;United Kingdom;GBR;200,00;United Kingdom 1964;GBR64;10,00
826,00;United Kingdom of Great Britain and Northern Ireland (the);1965;826;United Kingdom;GBR;200,00;United Kingdom 1965;GBR65;10,00
826,00;United Kingdom of Great Britain and Northern Ireland (the);1966;826;United Kingdom;GBR;200,00;United Kingdom 1966;GBR66;10,00
826,00;United Kingdom of Great Britain and Northern Ireland (the);1967;826;United Kingdom;GBR;200,00;United Kingdom 1967;GBR67;10,00
826,00;United Kingdom of Great Britain and Northern Ireland (the);1968;826;United Kingdom;GBR;200,00;United Kingdom 1968;GBR68;10,00
826,00;United Kingdom of Great Britain and Northern Ireland (the);1969;826;United Kingdom;GBR;200,00;United Kingdom 1969;GBR69;10,00
826,00;United Kingdom of Great Britain and Northern Ireland (the);1970;826;United Kingdom;GBR;200,00;United Kingdom 1970;GBR70;10,00
826,00;United Kingdom of Great Britain and Northern Ireland (the);1971;826;United Kingdom;GBR;200,00;United Kingdom 1971;GBR71;10,00
826,00;United Kingdom of Great Britain and Northern Ireland (the);1972;826;United Kingdom;GBR;200,00;United Kingdom 1972;GBR72;10,00
826,00;United Kingdom of Great Britain and Northern Ireland (the);1973;826;United Kingdom;GBR;200,00;United Kingdom 1973;GBR73;10,00
826,00;United Kingdom of Great Britain and Northern Ireland (the);1974;826;United Kingdom;GBR;200,00;United Kingdom 1974;GBR74;10,00
826,00;United Kingdom of Great Britain and Northern Ireland (the);1975;826;United Kingdom;GBR;200,00;United Kingdom 1975;GBR75;10,00
826,00;United Kingdom of Great Britain and Northern Ireland (the);1976;826;United Kingdom;GBR;200,00;United Kingdom 1976;GBR76;10,00
826,00;United Kingdom of Great Britain and Northern Ireland (the);1977;826;United Kingdom;GBR;200,00;United Kingdom 1977;GBR77;10,00
826,00;United Kingdom of Great Britain and Northern Ireland (the);1978;826;United Kingdom;GBR;200,00;United Kingdom 1978;GBR78;10,00
826,00;United Kingdom of Great Britain and Northern Ireland (the);1979;826;United Kingdom;GBR;200,00;United Kingdom 1979;GBR79;10,00
826,00;United Kingdom of Great Britain and Northern Ireland (the);1980;826;United Kingdom;GBR;200,00;United Kingdom 1980;GBR80;10,00
826,00;United Kingdom of Great Britain and Northern Ireland (the);1981;826;United Kingdom;GBR;200,00;United Kingdom 1981;GBR81;10,00
826,00;United Kingdom of Great Britain and Northern Ireland (the);1982;826;United Kingdom;GBR;200,00;United Kingdom 1982;GBR82;10,00
826,00;United Kingdom of Great Britain and Northern Ireland (the);1983;826;United Kingdom;GBR;200,00;United Kingdom 1983;GBR83;10,00
826,00;United Kingdom of Great Britain and Northern Ireland (the);1984;826;United Kingdom;GBR;200,00;United Kingdom 1984;GBR84;10,00
826,00;United Kingdom of Great Britain and Northern Ireland (the);1985;826;United Kingdom;GBR;200,00;United Kingdom 1985;GBR85;10,00
826,00;United Kingdom of Great Britain and Northern Ireland (the);1986;826;United Kingdom;GBR;200,00;United Kingdom 1986;GBR86;10,00
826,00;United Kingdom of Great Britain and Northern Ireland (the);1987;826;United Kingdom;GBR;200,00;United Kingdom 1987;GBR87;10,00
826,00;United Kingdom of Great Britain and Northern Ireland (the);1988;826;United Kingdom;GBR;200,00;United Kingdom 1988;GBR88;10,00
826,00;United Kingdom of Great Britain and Northern Ireland (the);1989;826;United Kingdom;GBR;200,00;United Kingdom 1989;GBR89;10,00
826,00;United Kingdom of Great Britain and Northern Ireland (the);1990;826;United Kingdom;GBR;200,00;United Kingdom 1990;GBR90;10,00
826,00;United Kingdom of Great Britain and Northern Ireland (the);1991;826;United Kingdom;GBR;200,00;United Kingdom 1991;GBR91;10,00
826,00;United Kingdom of Great Britain and Northern Ireland (the);1992;826;United Kingdom;GBR;200,00;United Kingdom 1992;GBR92;10,00
826,00;United Kingdom of Great Britain and Northern Ireland (the);1993;826;United Kingdom;GBR;200,00;United Kingdom 1993;GBR93;10,00
826,00;United Kingdom of Great Britain and Northern Ireland (the);1994;826;United Kingdom;GBR;200,00;United Kingdom 1994;GBR94;10,00
826,00;United Kingdom of Great Britain and Northern Ireland (the);1995;826;United Kingdom;GBR;200,00;United Kingdom 1995;GBR95;10,00
826,00;United Kingdom of Great Britain and Northern Ireland (the);1996;826;United Kingdom;GBR;200,00;United Kingdom 1996;GBR96;10,00
826,00;United Kingdom of Great Britain and Northern Ireland (the);1997;826;United Kingdom;GBR;200,00;United Kingdom 1997;GBR97;10,00
826,00;United Kingdom of Great Britain and Northern Ireland (the);1998;826;United Kingdom;GBR;200,00;United Kingdom 1998;GBR98;10,00
826,00;United Kingdom of Great Britain and Northern Ireland (the);1999;826;United Kingdom;GBR;200,00;United Kingdom 1999;GBR99;10,00
826,00;United Kingdom of Great Britain and Northern Ireland (the);2000;826;United Kingdom;GBR;200,00;United Kingdom 2000;GBR00;10,00
826,00;United Kingdom of Great Britain and Northern Ireland (the);2001;826;United Kingdom;GBR;200,00;United Kingdom 2001;GBR01;10,00
826,00;United Kingdom of Great Britain and Northern Ireland (the);2002;826;United Kingdom;GBR;200,00;United Kingdom 2002;GBR02;10,00
826,00;United Kingdom of Great Britain and Northern Ireland (the);2003;826;United Kingdom;GBR;200,00;United Kingdom 2003;GBR03;10,00
826,00;United Kingdom of Great Britain and Northern Ireland (the);2004;826;United Kingdom;GBR;200,00;United Kingdom 2004;GBR04;10,00
826,00;United Kingdom of Great Britain and Northern Ireland (the);2005;826;United Kingdom;GBR;200,00;United Kingdom 2005;GBR05;10,00
826,00;United Kingdom of Great Britain and Northern Ireland (the);2006;826;United Kingdom;GBR;200,00;United Kingdom 2006;GBR06;10,00
826,00;United Kingdom of Great Britain and Northern Ireland (the);2007;826;United Kingdom;GBR;200,00;United Kingdom 2007;GBR07;10,00
826,00;United Kingdom of Great Britain and Northern Ireland (the);2008;826;United Kingdom;GBR;200,00;United Kingdom 2008;GBR08;10,00
826,00;United Kingdom of Great Britain and Northern Ireland (the);2009;826;United Kingdom;GBR;200,00;United Kingdom 2009;GBR09;10,00
826,00;United Kingdom of Great Britain and Northern Ireland (the);2010;826;United Kingdom;GBR;200,00;United Kingdom 2010;GBR10;10,00
826,00;United Kingdom of Great Britain and Northern Ireland (the);2011;826;United Kingdom;GBR;200,00;United Kingdom 2011;GBR11;10,00
826,00;United Kingdom of Great Britain and Northern Ireland (the);2012;826;United Kingdom;GBR;200,00;United Kingdom 2012;GBR12;10,00
826,00;United Kingdom of Great Britain and Northern Ireland (the);2013;826;United Kingdom;GBR;200,00;United Kingdom 2013;GBR13;10,00
826,00;United Kingdom of Great Britain and Northern Ireland (the);2014;826;United Kingdom;GBR;200,00;United Kingdom 2014;GBR14;10,00
826,00;United Kingdom of Great Britain and Northern Ireland (the);2015;826;United Kingdom;GBR;200,00;United Kingdom 2015;GBR15;10,00
826,00;United Kingdom of Great Britain and Northern Ireland (the);2016;826;United Kingdom;GBR;200,00;United Kingdom 2016;GBR16;8,00
826,00;United Kingdom of Great Britain and Northern Ireland (the);2017;826;United Kingdom;GBR;200,00;United Kingdom 2017;GBR17;8,00
826,00;United Kingdom of Great Britain and Northern Ireland (the);2018;826;United Kingdom;GBR;200,00;United Kingdom 2018;GBR18;8,00
834,00;Tanzania, the United Republic of;1964;834;Tanzania;TZA;510,00;Tanzania 1964;TZA64;-6,00
834,00;Tanzania, the United Republic of;1965;834;Tanzania;TZA;510,00;Tanzania 1965;TZA65;-6,00
834,00;Tanzania, the United Republic of;1966;834;Tanzania;TZA;510,00;Tanzania 1966;TZA66;-6,00
834,00;Tanzania, the United Republic of;1967;834;Tanzania;TZA;510,00;Tanzania 1967;TZA67;-6,00
834,00;Tanzania, the United Republic of;1968;834;Tanzania;TZA;510,00;Tanzania 1968;TZA68;-6,00
834,00;Tanzania, the United Republic of;1969;834;Tanzania;TZA;510,00;Tanzania 1969;TZA69;-6,00
834,00;Tanzania, the United Republic of;1970;834;Tanzania;TZA;510,00;Tanzania 1970;TZA70;-6,00
834,00;Tanzania, the United Republic of;1971;834;Tanzania;TZA;510,00;Tanzania 1971;TZA71;-6,00
834,00;Tanzania, the United Republic of;1972;834;Tanzania;TZA;510,00;Tanzania 1972;TZA72;-6,00
834,00;Tanzania, the United Republic of;1973;834;Tanzania;TZA;510,00;Tanzania 1973;TZA73;-6,00
834,00;Tanzania, the United Republic of;1974;834;Tanzania;TZA;510,00;Tanzania 1974;TZA74;-6,00
834,00;Tanzania, the United Republic of;1975;834;Tanzania;TZA;510,00;Tanzania 1975;TZA75;-6,00
834,00;Tanzania, the United Republic of;1976;834;Tanzania;TZA;510,00;Tanzania 1976;TZA76;-6,00
834,00;Tanzania, the United Republic of;1977;834;Tanzania;TZA;510,00;Tanzania 1977;TZA77;-6,00
834,00;Tanzania, the United Republic of;1978;834;Tanzania;TZA;510,00;Tanzania 1978;TZA78;-6,00
834,00;Tanzania, the United Republic of;1979;834;Tanzania;TZA;510,00;Tanzania 1979;TZA79;-6,00
834,00;Tanzania, the United Republic of;1980;834;Tanzania;TZA;510,00;Tanzania 1980;TZA80;-6,00
834,00;Tanzania, the United Republic of;1981;834;Tanzania;TZA;510,00;Tanzania 1981;TZA81;-6,00
834,00;Tanzania, the United Republic of;1982;834;Tanzania;TZA;510,00;Tanzania 1982;TZA82;-6,00
834,00;Tanzania, the United Republic of;1983;834;Tanzania;TZA;510,00;Tanzania 1983;TZA83;-6,00
834,00;Tanzania, the United Republic of;1984;834;Tanzania;TZA;510,00;Tanzania 1984;TZA84;-6,00
834,00;Tanzania, the United Republic of;1985;834;Tanzania;TZA;510,00;Tanzania 1985;TZA85;-6,00
834,00;Tanzania, the United Republic of;1986;834;Tanzania;TZA;510,00;Tanzania 1986;TZA86;-6,00
834,00;Tanzania, the United Republic of;1987;834;Tanzania;TZA;510,00;Tanzania 1987;TZA87;-6,00
834,00;Tanzania, the United Republic of;1988;834;Tanzania;TZA;510,00;Tanzania 1988;TZA88;-6,00
834,00;Tanzania, the United Republic of;1989;834;Tanzania;TZA;510,00;Tanzania 1989;TZA89;-6,00
834,00;Tanzania, the United Republic of;1990;834;Tanzania;TZA;510,00;Tanzania 1990;TZA90;-6,00
834,00;Tanzania, the United Republic of;1991;834;Tanzania;TZA;510,00;Tanzania 1991;TZA91;-6,00
834,00;Tanzania, the United Republic of;1992;834;Tanzania;TZA;510,00;Tanzania 1992;TZA92;-5,00
834,00;Tanzania, the United Republic of;1993;834;Tanzania;TZA;510,00;Tanzania 1993;TZA93;-5,00
834,00;Tanzania, the United Republic of;1994;834;Tanzania;TZA;510,00;Tanzania 1994;TZA94;-5,00
834,00;Tanzania, the United Republic of;1995;834;Tanzania;TZA;510,00;Tanzania 1995;TZA95;-1,00
834,00;Tanzania, the United Republic of;1996;834;Tanzania;TZA;510,00;Tanzania 1996;TZA96;-1,00
834,00;Tanzania, the United Republic of;1997;834;Tanzania;TZA;510,00;Tanzania 1997;TZA97;-1,00
834,00;Tanzania, the United Republic of;1998;834;Tanzania;TZA;510,00;Tanzania 1998;TZA98;-1,00
834,00;Tanzania, the United Republic of;1999;834;Tanzania;TZA;510,00;Tanzania 1999;TZA99;-1,00
834,00;Tanzania, the United Republic of;2000;834;Tanzania;TZA;510,00;Tanzania 2000;TZA00;-1,00
834,00;Tanzania, the United Republic of;2001;834;Tanzania;TZA;510,00;Tanzania 2001;TZA01;-1,00
834,00;Tanzania, the United Republic of;2002;834;Tanzania;TZA;510,00;Tanzania 2002;TZA02;-1,00
834,00;Tanzania, the United Republic of;2003;834;Tanzania;TZA;510,00;Tanzania 2003;TZA03;-1,00
834,00;Tanzania, the United Republic of;2004;834;Tanzania;TZA;510,00;Tanzania 2004;TZA04;-1,00
834,00;Tanzania, the United Republic of;2005;834;Tanzania;TZA;510,00;Tanzania 2005;TZA05;-1,00
834,00;Tanzania, the United Republic of;2006;834;Tanzania;TZA;510,00;Tanzania 2006;TZA06;-1,00
834,00;Tanzania, the United Republic of;2007;834;Tanzania;TZA;510,00;Tanzania 2007;TZA07;-1,00
834,00;Tanzania, the United Republic of;2008;834;Tanzania;TZA;510,00;Tanzania 2008;TZA08;-1,00
834,00;Tanzania, the United Republic of;2009;834;Tanzania;TZA;510,00;Tanzania 2009;TZA09;-1,00
834,00;Tanzania, the United Republic of;2010;834;Tanzania;TZA;510,00;Tanzania 2010;TZA10;-1,00
834,00;Tanzania, the United Republic of;2011;834;Tanzania;TZA;510,00;Tanzania 2011;TZA11;-1,00
834,00;Tanzania, the United Republic of;2012;834;Tanzania;TZA;510,00;Tanzania 2012;TZA12;-1,00
834,00;Tanzania, the United Republic of;2013;834;Tanzania;TZA;510,00;Tanzania 2013;TZA13;-1,00
834,00;Tanzania, the United Republic of;2014;834;Tanzania;TZA;510,00;Tanzania 2014;TZA14;-1,00
834,00;Tanzania, the United Republic of;2015;834;Tanzania;TZA;510,00;Tanzania 2015;TZA15;3,00
834,00;Tanzania, the United Republic of;2016;834;Tanzania;TZA;510,00;Tanzania 2016;TZA16;3,00
834,00;Tanzania, the United Republic of;2017;834;Tanzania;TZA;510,00;Tanzania 2017;TZA17;3,00
834,00;Tanzania, the United Republic of;2018;834;Tanzania;TZA;510,00;Tanzania 2018;TZA18;3,00
840,00;United States of America (the);1946;840;United States;USA;2,00;United States 1946;USA46;9,00
840,00;United States of America (the);1947;840;United States;USA;2,00;United States 1947;USA47;9,00
840,00;United States of America (the);1948;840;United States;USA;2,00;United States 1948;USA48;9,00
840,00;United States of America (the);1949;840;United States;USA;2,00;United States 1949;USA49;9,00
840,00;United States of America (the);1950;840;United States;USA;2,00;United States 1950;USA50;9,00
840,00;United States of America (the);1951;840;United States;USA;2,00;United States 1951;USA51;9,00
840,00;United States of America (the);1952;840;United States;USA;2,00;United States 1952;USA52;9,00
840,00;United States of America (the);1953;840;United States;USA;2,00;United States 1953;USA53;9,00
840,00;United States of America (the);1954;840;United States;USA;2,00;United States 1954;USA54;9,00
840,00;United States of America (the);1955;840;United States;USA;2,00;United States 1955;USA55;9,00
840,00;United States of America (the);1956;840;United States;USA;2,00;United States 1956;USA56;9,00
840,00;United States of America (the);1957;840;United States;USA;2,00;United States 1957;USA57;9,00
840,00;United States of America (the);1958;840;United States;USA;2,00;United States 1958;USA58;9,00
840,00;United States of America (the);1959;840;United States;USA;2,00;United States 1959;USA59;9,00
840,00;United States of America (the);1960;840;United States;USA;2,00;United States 1960;USA60;9,00
840,00;United States of America (the);1961;840;United States;USA;2,00;United States 1961;USA61;9,00
840,00;United States of America (the);1962;840;United States;USA;2,00;United States 1962;USA62;9,00
840,00;United States of America (the);1963;840;United States;USA;2,00;United States 1963;USA63;9,00
840,00;United States of America (the);1964;840;United States;USA;2,00;United States 1964;USA64;9,00
840,00;United States of America (the);1965;840;United States;USA;2,00;United States 1965;USA65;9,00
840,00;United States of America (the);1966;840;United States;USA;2,00;United States 1966;USA66;9,00
840,00;United States of America (the);1967;840;United States;USA;2,00;United States 1967;USA67;8,00
840,00;United States of America (the);1968;840;United States;USA;2,00;United States 1968;USA68;8,00
840,00;United States of America (the);1969;840;United States;USA;2,00;United States 1969;USA69;8,00
840,00;United States of America (the);1970;840;United States;USA;2,00;United States 1970;USA70;8,00
840,00;United States of America (the);1971;840;United States;USA;2,00;United States 1971;USA71;8,00
840,00;United States of America (the);1972;840;United States;USA;2,00;United States 1972;USA72;8,00
840,00;United States of America (the);1973;840;United States;USA;2,00;United States 1973;USA73;8,00
840,00;United States of America (the);1974;840;United States;USA;2,00;United States 1974;USA74;10,00
840,00;United States of America (the);1975;840;United States;USA;2,00;United States 1975;USA75;10,00
840,00;United States of America (the);1976;840;United States;USA;2,00;United States 1976;USA76;10,00
840,00;United States of America (the);1977;840;United States;USA;2,00;United States 1977;USA77;10,00
840,00;United States of America (the);1978;840;United States;USA;2,00;United States 1978;USA78;10,00
840,00;United States of America (the);1979;840;United States;USA;2,00;United States 1979;USA79;10,00
840,00;United States of America (the);1980;840;United States;USA;2,00;United States 1980;USA80;10,00
840,00;United States of America (the);1981;840;United States;USA;2,00;United States 1981;USA81;10,00
840,00;United States of America (the);1982;840;United States;USA;2,00;United States 1982;USA82;10,00
840,00;United States of America (the);1983;840;United States;USA;2,00;United States 1983;USA83;10,00
840,00;United States of America (the);1984;840;United States;USA;2,00;United States 1984;USA84;10,00
840,00;United States of America (the);1985;840;United States;USA;2,00;United States 1985;USA85;10,00
840,00;United States of America (the);1986;840;United States;USA;2,00;United States 1986;USA86;10,00
840,00;United States of America (the);1987;840;United States;USA;2,00;United States 1987;USA87;10,00
840,00;United States of America (the);1988;840;United States;USA;2,00;United States 1988;USA88;10,00
840,00;United States of America (the);1989;840;United States;USA;2,00;United States 1989;USA89;10,00
840,00;United States of America (the);1990;840;United States;USA;2,00;United States 1990;USA90;10,00
840,00;United States of America (the);1991;840;United States;USA;2,00;United States 1991;USA91;10,00
840,00;United States of America (the);1992;840;United States;USA;2,00;United States 1992;USA92;10,00
840,00;United States of America (the);1993;840;United States;USA;2,00;United States 1993;USA93;10,00
840,00;United States of America (the);1994;840;United States;USA;2,00;United States 1994;USA94;10,00
840,00;United States of America (the);1995;840;United States;USA;2,00;United States 1995;USA95;10,00
840,00;United States of America (the);1996;840;United States;USA;2,00;United States 1996;USA96;10,00
840,00;United States of America (the);1997;840;United States;USA;2,00;United States 1997;USA97;10,00
840,00;United States of America (the);1998;840;United States;USA;2,00;United States 1998;USA98;10,00
840,00;United States of America (the);1999;840;United States;USA;2,00;United States 1999;USA99;10,00
840,00;United States of America (the);2000;840;United States;USA;2,00;United States 2000;USA00;10,00
840,00;United States of America (the);2001;840;United States;USA;2,00;United States 2001;USA01;10,00
840,00;United States of America (the);2002;840;United States;USA;2,00;United States 2002;USA02;10,00
840,00;United States of America (the);2003;840;United States;USA;2,00;United States 2003;USA03;10,00
840,00;United States of America (the);2004;840;United States;USA;2,00;United States 2004;USA04;10,00
840,00;United States of America (the);2005;840;United States;USA;2,00;United States 2005;USA05;10,00
840,00;United States of America (the);2006;840;United States;USA;2,00;United States 2006;USA06;10,00
840,00;United States of America (the);2007;840;United States;USA;2,00;United States 2007;USA07;10,00
840,00;United States of America (the);2008;840;United States;USA;2,00;United States 2008;USA08;10,00
840,00;United States of America (the);2009;840;United States;USA;2,00;United States 2009;USA09;10,00
840,00;United States of America (the);2010;840;United States;USA;2,00;United States 2010;USA10;10,00
840,00;United States of America (the);2011;840;United States;USA;2,00;United States 2011;USA11;10,00
840,00;United States of America (the);2012;840;United States;USA;2,00;United States 2012;USA12;10,00
840,00;United States of America (the);2013;840;United States;USA;2,00;United States 2013;USA13;10,00
840,00;United States of America (the);2014;840;United States;USA;2,00;United States 2014;USA14;10,00
840,00;United States of America (the);2015;840;United States;USA;2,00;United States 2015;USA15;10,00
840,00;United States of America (the);2016;840;United States;USA;2,00;United States 2016;USA16;8,00
840,00;United States of America (the);2017;840;United States;USA;2,00;United States 2017;USA17;8,00
840,00;United States of America (the);2018;840;United States;USA;2,00;United States 2018;USA18;8,00
840,00;United States of America (the);2019;840;United States;USA;2,00;United States 2019;USA19;7,00
840,00;United States of America (the);2020;840;United States;USA;2,00;United States 2020;USA20;5,00
854,00;Burkina Faso;1961;854;Burkina Faso;BFA;439,00;Burkina Faso 1961;BFA61;-7,00
854,00;Burkina Faso;1962;854;Burkina Faso;BFA;439,00;Burkina Faso 1962;BFA62;-7,00
854,00;Burkina Faso;1963;854;Burkina Faso;BFA;439,00;Burkina Faso 1963;BFA63;-7,00
854,00;Burkina Faso;1964;854;Burkina Faso;BFA;439,00;Burkina Faso 1964;BFA64;-7,00
854,00;Burkina Faso;1965;854;Burkina Faso;BFA;439,00;Burkina Faso 1965;BFA65;-7,00
854,00;Burkina Faso;1966;854;Burkina Faso;BFA;439,00;Burkina Faso 1966;BFA66;-7,00
854,00;Burkina Faso;1967;854;Burkina Faso;BFA;439,00;Burkina Faso 1967;BFA67;-7,00
854,00;Burkina Faso;1968;854;Burkina Faso;BFA;439,00;Burkina Faso 1968;BFA68;-7,00
854,00;Burkina Faso;1969;854;Burkina Faso;BFA;439,00;Burkina Faso 1969;BFA69;-6,00
854,00;Burkina Faso;1970;854;Burkina Faso;BFA;439,00;Burkina Faso 1970;BFA70;-4,00
854,00;Burkina Faso;1971;854;Burkina Faso;BFA;439,00;Burkina Faso 1971;BFA71;-4,00
854,00;Burkina Faso;1972;854;Burkina Faso;BFA;439,00;Burkina Faso 1972;BFA72;-4,00
854,00;Burkina Faso;1973;854;Burkina Faso;BFA;439,00;Burkina Faso 1973;BFA73;-4,00
854,00;Burkina Faso;1974;854;Burkina Faso;BFA;439,00;Burkina Faso 1974;BFA74;-4,00
854,00;Burkina Faso;1975;854;Burkina Faso;BFA;439,00;Burkina Faso 1975;BFA75;-4,00
854,00;Burkina Faso;1976;854;Burkina Faso;BFA;439,00;Burkina Faso 1976;BFA76;-4,00
854,00;Burkina Faso;1977;854;Burkina Faso;BFA;439,00;Burkina Faso 1977;BFA77;0,00
854,00;Burkina Faso;1978;854;Burkina Faso;BFA;439,00;Burkina Faso 1978;BFA78;4,00
854,00;Burkina Faso;1979;854;Burkina Faso;BFA;439,00;Burkina Faso 1979;BFA79;4,00
854,00;Burkina Faso;1980;854;Burkina Faso;BFA;439,00;Burkina Faso 1980;BFA80;-7,00
854,00;Burkina Faso;1981;854;Burkina Faso;BFA;439,00;Burkina Faso 1981;BFA81;-7,00
854,00;Burkina Faso;1982;854;Burkina Faso;BFA;439,00;Burkina Faso 1982;BFA82;-7,00
854,00;Burkina Faso;1983;854;Burkina Faso;BFA;439,00;Burkina Faso 1983;BFA83;-7,00
854,00;Burkina Faso;1984;854;Burkina Faso;BFA;439,00;Burkina Faso 1984;BFA84;-7,00
854,00;Burkina Faso;1985;854;Burkina Faso;BFA;439,00;Burkina Faso 1985;BFA85;-7,00
854,00;Burkina Faso;1986;854;Burkina Faso;BFA;439,00;Burkina Faso 1986;BFA86;-7,00
854,00;Burkina Faso;1987;854;Burkina Faso;BFA;439,00;Burkina Faso 1987;BFA87;-7,00
854,00;Burkina Faso;1988;854;Burkina Faso;BFA;439,00;Burkina Faso 1988;BFA88;-7,00
854,00;Burkina Faso;1989;854;Burkina Faso;BFA;439,00;Burkina Faso 1989;BFA89;-7,00
854,00;Burkina Faso;1990;854;Burkina Faso;BFA;439,00;Burkina Faso 1990;BFA90;-7,00
854,00;Burkina Faso;1991;854;Burkina Faso;BFA;439,00;Burkina Faso 1991;BFA91;-5,00
854,00;Burkina Faso;1992;854;Burkina Faso;BFA;439,00;Burkina Faso 1992;BFA92;-5,00
854,00;Burkina Faso;1993;854;Burkina Faso;BFA;439,00;Burkina Faso 1993;BFA93;-5,00
854,00;Burkina Faso;1994;854;Burkina Faso;BFA;439,00;Burkina Faso 1994;BFA94;-5,00
854,00;Burkina Faso;1995;854;Burkina Faso;BFA;439,00;Burkina Faso 1995;BFA95;-5,00
854,00;Burkina Faso;1996;854;Burkina Faso;BFA;439,00;Burkina Faso 1996;BFA96;-5,00
854,00;Burkina Faso;1997;854;Burkina Faso;BFA;439,00;Burkina Faso 1997;BFA97;-5,00
854,00;Burkina Faso;1998;854;Burkina Faso;BFA;439,00;Burkina Faso 1998;BFA98;-4,00
854,00;Burkina Faso;1999;854;Burkina Faso;BFA;439,00;Burkina Faso 1999;BFA99;-4,00
854,00;Burkina Faso;2000;854;Burkina Faso;BFA;439,00;Burkina Faso 2000;BFA00;-3,00
854,00;Burkina Faso;2001;854;Burkina Faso;BFA;439,00;Burkina Faso 2001;BFA01;0,00
854,00;Burkina Faso;2002;854;Burkina Faso;BFA;439,00;Burkina Faso 2002;BFA02;0,00
854,00;Burkina Faso;2003;854;Burkina Faso;BFA;439,00;Burkina Faso 2003;BFA03;0,00
854,00;Burkina Faso;2004;854;Burkina Faso;BFA;439,00;Burkina Faso 2004;BFA04;0,00
854,00;Burkina Faso;2005;854;Burkina Faso;BFA;439,00;Burkina Faso 2005;BFA05;0,00
854,00;Burkina Faso;2006;854;Burkina Faso;BFA;439,00;Burkina Faso 2006;BFA06;0,00
854,00;Burkina Faso;2007;854;Burkina Faso;BFA;439,00;Burkina Faso 2007;BFA07;0,00
854,00;Burkina Faso;2008;854;Burkina Faso;BFA;439,00;Burkina Faso 2008;BFA08;0,00
854,00;Burkina Faso;2009;854;Burkina Faso;BFA;439,00;Burkina Faso 2009;BFA09;0,00
854,00;Burkina Faso;2010;854;Burkina Faso;BFA;439,00;Burkina Faso 2010;BFA10;0,00
854,00;Burkina Faso;2011;854;Burkina Faso;BFA;439,00;Burkina Faso 2011;BFA11;0,00
854,00;Burkina Faso;2012;854;Burkina Faso;BFA;439,00;Burkina Faso 2012;BFA12;0,00
854,00;Burkina Faso;2013;854;Burkina Faso;BFA;439,00;Burkina Faso 2013;BFA13;0,00
854,00;Burkina Faso;2014;854;Burkina Faso;BFA;439,00;Burkina Faso 2014;BFA14;0,00
854,00;Burkina Faso;2015;854;Burkina Faso;BFA;439,00;Burkina Faso 2015;BFA15;6,00
854,00;Burkina Faso;2016;854;Burkina Faso;BFA;439,00;Burkina Faso 2016;BFA16;6,00
854,00;Burkina Faso;2017;854;Burkina Faso;BFA;439,00;Burkina Faso 2017;BFA17;6,00
854,00;Burkina Faso;2018;854;Burkina Faso;BFA;439,00;Burkina Faso 2018;BFA18;6,00
858,00;Uruguay;1946;858;Uruguay;URY;165,00;Uruguay 1946;URY46;0,00
858,00;Uruguay;1947;858;Uruguay;URY;165,00;Uruguay 1947;URY47;0,00
858,00;Uruguay;1948;858;Uruguay;URY;165,00;Uruguay 1948;URY48;0,00
858,00;Uruguay;1949;858;Uruguay;URY;165,00;Uruguay 1949;URY49;0,00
858,00;Uruguay;1950;858;Uruguay;URY;165,00;Uruguay 1950;URY50;0,00
858,00;Uruguay;1951;858;Uruguay;URY;165,00;Uruguay 1951;URY51;0,00
858,00;Uruguay;1952;858;Uruguay;URY;165,00;Uruguay 1952;URY52;8,00
858,00;Uruguay;1953;858;Uruguay;URY;165,00;Uruguay 1953;URY53;8,00
858,00;Uruguay;1954;858;Uruguay;URY;165,00;Uruguay 1954;URY54;8,00
858,00;Uruguay;1955;858;Uruguay;URY;165,00;Uruguay 1955;URY55;8,00
858,00;Uruguay;1956;858;Uruguay;URY;165,00;Uruguay 1956;URY56;8,00
858,00;Uruguay;1957;858;Uruguay;URY;165,00;Uruguay 1957;URY57;8,00
858,00;Uruguay;1958;858;Uruguay;URY;165,00;Uruguay 1958;URY58;8,00
858,00;Uruguay;1959;858;Uruguay;URY;165,00;Uruguay 1959;URY59;8,00
858,00;Uruguay;1960;858;Uruguay;URY;165,00;Uruguay 1960;URY60;8,00
858,00;Uruguay;1961;858;Uruguay;URY;165,00;Uruguay 1961;URY61;8,00
858,00;Uruguay;1962;858;Uruguay;URY;165,00;Uruguay 1962;URY62;8,00
858,00;Uruguay;1963;858;Uruguay;URY;165,00;Uruguay 1963;URY63;8,00
858,00;Uruguay;1964;858;Uruguay;URY;165,00;Uruguay 1964;URY64;8,00
858,00;Uruguay;1965;858;Uruguay;URY;165,00;Uruguay 1965;URY65;8,00
858,00;Uruguay;1966;858;Uruguay;URY;165,00;Uruguay 1966;URY66;8,00
858,00;Uruguay;1967;858;Uruguay;URY;165,00;Uruguay 1967;URY67;8,00
858,00;Uruguay;1968;858;Uruguay;URY;165,00;Uruguay 1968;URY68;8,00
858,00;Uruguay;1969;858;Uruguay;URY;165,00;Uruguay 1969;URY69;8,00
858,00;Uruguay;1970;858;Uruguay;URY;165,00;Uruguay 1970;URY70;8,00
858,00;Uruguay;1971;858;Uruguay;URY;165,00;Uruguay 1971;URY71;3,00
858,00;Uruguay;1972;858;Uruguay;URY;165,00;Uruguay 1972;URY72;-3,00
858,00;Uruguay;1973;858;Uruguay;URY;165,00;Uruguay 1973;URY73;-8,00
858,00;Uruguay;1974;858;Uruguay;URY;165,00;Uruguay 1974;URY74;-8,00
858,00;Uruguay;1975;858;Uruguay;URY;165,00;Uruguay 1975;URY75;-8,00
858,00;Uruguay;1976;858;Uruguay;URY;165,00;Uruguay 1976;URY76;-8,00
858,00;Uruguay;1977;858;Uruguay;URY;165,00;Uruguay 1977;URY77;-8,00
858,00;Uruguay;1978;858;Uruguay;URY;165,00;Uruguay 1978;URY78;-7,00
858,00;Uruguay;1979;858;Uruguay;URY;165,00;Uruguay 1979;URY79;-7,00
858,00;Uruguay;1980;858;Uruguay;URY;165,00;Uruguay 1980;URY80;-7,00
858,00;Uruguay;1981;858;Uruguay;URY;165,00;Uruguay 1981;URY81;-7,00
858,00;Uruguay;1982;858;Uruguay;URY;165,00;Uruguay 1982;URY82;-7,00
858,00;Uruguay;1983;858;Uruguay;URY;165,00;Uruguay 1983;URY83;-7,00
858,00;Uruguay;1984;858;Uruguay;URY;165,00;Uruguay 1984;URY84;-7,00
858,00;Uruguay;1985;858;Uruguay;URY;165,00;Uruguay 1985;URY85;9,00
858,00;Uruguay;1986;858;Uruguay;URY;165,00;Uruguay 1986;URY86;9,00
858,00;Uruguay;1987;858;Uruguay;URY;165,00;Uruguay 1987;URY87;9,00
858,00;Uruguay;1988;858;Uruguay;URY;165,00;Uruguay 1988;URY88;9,00
858,00;Uruguay;1989;858;Uruguay;URY;165,00;Uruguay 1989;URY89;10,00
858,00;Uruguay;1990;858;Uruguay;URY;165,00;Uruguay 1990;URY90;10,00
858,00;Uruguay;1991;858;Uruguay;URY;165,00;Uruguay 1991;URY91;10,00
858,00;Uruguay;1992;858;Uruguay;URY;165,00;Uruguay 1992;URY92;10,00
858,00;Uruguay;1993;858;Uruguay;URY;165,00;Uruguay 1993;URY93;10,00
858,00;Uruguay;1994;858;Uruguay;URY;165,00;Uruguay 1994;URY94;10,00
858,00;Uruguay;1995;858;Uruguay;URY;165,00;Uruguay 1995;URY95;10,00
858,00;Uruguay;1996;858;Uruguay;URY;165,00;Uruguay 1996;URY96;10,00
858,00;Uruguay;1997;858;Uruguay;URY;165,00;Uruguay 1997;URY97;10,00
858,00;Uruguay;1998;858;Uruguay;URY;165,00;Uruguay 1998;URY98;10,00
858,00;Uruguay;1999;858;Uruguay;URY;165,00;Uruguay 1999;URY99;10,00
858,00;Uruguay;2000;858;Uruguay;URY;165,00;Uruguay 2000;URY00;10,00
858,00;Uruguay;2001;858;Uruguay;URY;165,00;Uruguay 2001;URY01;10,00
858,00;Uruguay;2002;858;Uruguay;URY;165,00;Uruguay 2002;URY02;10,00
858,00;Uruguay;2003;858;Uruguay;URY;165,00;Uruguay 2003;URY03;10,00
858,00;Uruguay;2004;858;Uruguay;URY;165,00;Uruguay 2004;URY04;10,00
858,00;Uruguay;2005;858;Uruguay;URY;165,00;Uruguay 2005;URY05;10,00
858,00;Uruguay;2006;858;Uruguay;URY;165,00;Uruguay 2006;URY06;10,00
858,00;Uruguay;2007;858;Uruguay;URY;165,00;Uruguay 2007;URY07;10,00
858,00;Uruguay;2008;858;Uruguay;URY;165,00;Uruguay 2008;URY08;10,00
858,00;Uruguay;2009;858;Uruguay;URY;165,00;Uruguay 2009;URY09;10,00
858,00;Uruguay;2010;858;Uruguay;URY;165,00;Uruguay 2010;URY10;10,00
858,00;Uruguay;2011;858;Uruguay;URY;165,00;Uruguay 2011;URY11;10,00
858,00;Uruguay;2012;858;Uruguay;URY;165,00;Uruguay 2012;URY12;10,00
858,00;Uruguay;2013;858;Uruguay;URY;165,00;Uruguay 2013;URY13;10,00
858,00;Uruguay;2014;858;Uruguay;URY;165,00;Uruguay 2014;URY14;10,00
858,00;Uruguay;2015;858;Uruguay;URY;165,00;Uruguay 2015;URY15;10,00
858,00;Uruguay;2016;858;Uruguay;URY;165,00;Uruguay 2016;URY16;10,00
858,00;Uruguay;2017;858;Uruguay;URY;165,00;Uruguay 2017;URY17;10,00
858,00;Uruguay;2018;858;Uruguay;URY;165,00;Uruguay 2018;URY18;10,00
860,00;Uzbekistan;1992;860;Uzbekistan;UZB;704,00;Uzbekistan 1992;UZB92;-9,00
860,00;Uzbekistan;1993;860;Uzbekistan;UZB;704,00;Uzbekistan 1993;UZB93;-9,00
860,00;Uzbekistan;1994;860;Uzbekistan;UZB;704,00;Uzbekistan 1994;UZB94;-9,00
860,00;Uzbekistan;1995;860;Uzbekistan;UZB;704,00;Uzbekistan 1995;UZB95;-9,00
860,00;Uzbekistan;1996;860;Uzbekistan;UZB;704,00;Uzbekistan 1996;UZB96;-9,00
860,00;Uzbekistan;1997;860;Uzbekistan;UZB;704,00;Uzbekistan 1997;UZB97;-9,00
860,00;Uzbekistan;1998;860;Uzbekistan;UZB;704,00;Uzbekistan 1998;UZB98;-9,00
860,00;Uzbekistan;1999;860;Uzbekistan;UZB;704,00;Uzbekistan 1999;UZB99;-9,00
860,00;Uzbekistan;2000;860;Uzbekistan;UZB;704,00;Uzbekistan 2000;UZB00;-9,00
860,00;Uzbekistan;2001;860;Uzbekistan;UZB;704,00;Uzbekistan 2001;UZB01;-9,00
860,00;Uzbekistan;2002;860;Uzbekistan;UZB;704,00;Uzbekistan 2002;UZB02;-9,00
860,00;Uzbekistan;2003;860;Uzbekistan;UZB;704,00;Uzbekistan 2003;UZB03;-9,00
860,00;Uzbekistan;2004;860;Uzbekistan;UZB;704,00;Uzbekistan 2004;UZB04;-9,00
860,00;Uzbekistan;2005;860;Uzbekistan;UZB;704,00;Uzbekistan 2005;UZB05;-9,00
860,00;Uzbekistan;2006;860;Uzbekistan;UZB;704,00;Uzbekistan 2006;UZB06;-9,00
860,00;Uzbekistan;2007;860;Uzbekistan;UZB;704,00;Uzbekistan 2007;UZB07;-9,00
860,00;Uzbekistan;2008;860;Uzbekistan;UZB;704,00;Uzbekistan 2008;UZB08;-9,00
860,00;Uzbekistan;2009;860;Uzbekistan;UZB;704,00;Uzbekistan 2009;UZB09;-9,00
860,00;Uzbekistan;2010;860;Uzbekistan;UZB;704,00;Uzbekistan 2010;UZB10;-9,00
860,00;Uzbekistan;2011;860;Uzbekistan;UZB;704,00;Uzbekistan 2011;UZB11;-9,00
860,00;Uzbekistan;2012;860;Uzbekistan;UZB;704,00;Uzbekistan 2012;UZB12;-9,00
860,00;Uzbekistan;2013;860;Uzbekistan;UZB;704,00;Uzbekistan 2013;UZB13;-9,00
860,00;Uzbekistan;2014;860;Uzbekistan;UZB;704,00;Uzbekistan 2014;UZB14;-9,00
860,00;Uzbekistan;2015;860;Uzbekistan;UZB;704,00;Uzbekistan 2015;UZB15;-9,00
860,00;Uzbekistan;2016;860;Uzbekistan;UZB;704,00;Uzbekistan 2016;UZB16;-9,00
860,00;Uzbekistan;2017;860;Uzbekistan;UZB;704,00;Uzbekistan 2017;UZB17;-9,00
860,00;Uzbekistan;2018;860;Uzbekistan;UZB;704,00;Uzbekistan 2018;UZB18;-9,00
862,00;Venezuela (Bolivarian Republic of);1946;862;Venezuela;VEN;101,00;Venezuela 1946;VEN46;-3,00
862,00;Venezuela (Bolivarian Republic of);1947;862;Venezuela;VEN;101,00;Venezuela 1947;VEN47;-3,00
862,00;Venezuela (Bolivarian Republic of);1948;862;Venezuela;VEN;101,00;Venezuela 1948;VEN48;-3,00
862,00;Venezuela (Bolivarian Republic of);1949;862;Venezuela;VEN;101,00;Venezuela 1949;VEN49;-3,00
862,00;Venezuela (Bolivarian Republic of);1950;862;Venezuela;VEN;101,00;Venezuela 1950;VEN50;-3,00
862,00;Venezuela (Bolivarian Republic of);1951;862;Venezuela;VEN;101,00;Venezuela 1951;VEN51;-3,00
862,00;Venezuela (Bolivarian Republic of);1952;862;Venezuela;VEN;101,00;Venezuela 1952;VEN52;-3,00
862,00;Venezuela (Bolivarian Republic of);1953;862;Venezuela;VEN;101,00;Venezuela 1953;VEN53;-3,00
862,00;Venezuela (Bolivarian Republic of);1954;862;Venezuela;VEN;101,00;Venezuela 1954;VEN54;-3,00
862,00;Venezuela (Bolivarian Republic of);1955;862;Venezuela;VEN;101,00;Venezuela 1955;VEN55;-3,00
862,00;Venezuela (Bolivarian Republic of);1956;862;Venezuela;VEN;101,00;Venezuela 1956;VEN56;-3,00
862,00;Venezuela (Bolivarian Republic of);1957;862;Venezuela;VEN;101,00;Venezuela 1957;VEN57;-3,00
862,00;Venezuela (Bolivarian Republic of);1958;862;Venezuela;VEN;101,00;Venezuela 1958;VEN58;6,00
862,00;Venezuela (Bolivarian Republic of);1959;862;Venezuela;VEN;101,00;Venezuela 1959;VEN59;6,00
862,00;Venezuela (Bolivarian Republic of);1960;862;Venezuela;VEN;101,00;Venezuela 1960;VEN60;6,00
862,00;Venezuela (Bolivarian Republic of);1961;862;Venezuela;VEN;101,00;Venezuela 1961;VEN61;6,00
862,00;Venezuela (Bolivarian Republic of);1962;862;Venezuela;VEN;101,00;Venezuela 1962;VEN62;6,00
862,00;Venezuela (Bolivarian Republic of);1963;862;Venezuela;VEN;101,00;Venezuela 1963;VEN63;6,00
862,00;Venezuela (Bolivarian Republic of);1964;862;Venezuela;VEN;101,00;Venezuela 1964;VEN64;6,00
862,00;Venezuela (Bolivarian Republic of);1965;862;Venezuela;VEN;101,00;Venezuela 1965;VEN65;6,00
862,00;Venezuela (Bolivarian Republic of);1966;862;Venezuela;VEN;101,00;Venezuela 1966;VEN66;6,00
862,00;Venezuela (Bolivarian Republic of);1967;862;Venezuela;VEN;101,00;Venezuela 1967;VEN67;6,00
862,00;Venezuela (Bolivarian Republic of);1968;862;Venezuela;VEN;101,00;Venezuela 1968;VEN68;7,00
862,00;Venezuela (Bolivarian Republic of);1969;862;Venezuela;VEN;101,00;Venezuela 1969;VEN69;9,00
862,00;Venezuela (Bolivarian Republic of);1970;862;Venezuela;VEN;101,00;Venezuela 1970;VEN70;9,00
862,00;Venezuela (Bolivarian Republic of);1971;862;Venezuela;VEN;101,00;Venezuela 1971;VEN71;9,00
862,00;Venezuela (Bolivarian Republic of);1972;862;Venezuela;VEN;101,00;Venezuela 1972;VEN72;9,00
862,00;Venezuela (Bolivarian Republic of);1973;862;Venezuela;VEN;101,00;Venezuela 1973;VEN73;9,00
862,00;Venezuela (Bolivarian Republic of);1974;862;Venezuela;VEN;101,00;Venezuela 1974;VEN74;9,00
862,00;Venezuela (Bolivarian Republic of);1975;862;Venezuela;VEN;101,00;Venezuela 1975;VEN75;9,00
862,00;Venezuela (Bolivarian Republic of);1976;862;Venezuela;VEN;101,00;Venezuela 1976;VEN76;9,00
862,00;Venezuela (Bolivarian Republic of);1977;862;Venezuela;VEN;101,00;Venezuela 1977;VEN77;9,00
862,00;Venezuela (Bolivarian Republic of);1978;862;Venezuela;VEN;101,00;Venezuela 1978;VEN78;9,00
862,00;Venezuela (Bolivarian Republic of);1979;862;Venezuela;VEN;101,00;Venezuela 1979;VEN79;9,00
862,00;Venezuela (Bolivarian Republic of);1980;862;Venezuela;VEN;101,00;Venezuela 1980;VEN80;9,00
862,00;Venezuela (Bolivarian Republic of);1981;862;Venezuela;VEN;101,00;Venezuela 1981;VEN81;9,00
862,00;Venezuela (Bolivarian Republic of);1982;862;Venezuela;VEN;101,00;Venezuela 1982;VEN82;9,00
862,00;Venezuela (Bolivarian Republic of);1983;862;Venezuela;VEN;101,00;Venezuela 1983;VEN83;9,00
862,00;Venezuela (Bolivarian Republic of);1984;862;Venezuela;VEN;101,00;Venezuela 1984;VEN84;9,00
862,00;Venezuela (Bolivarian Republic of);1985;862;Venezuela;VEN;101,00;Venezuela 1985;VEN85;9,00
862,00;Venezuela (Bolivarian Republic of);1986;862;Venezuela;VEN;101,00;Venezuela 1986;VEN86;9,00
862,00;Venezuela (Bolivarian Republic of);1987;862;Venezuela;VEN;101,00;Venezuela 1987;VEN87;9,00
862,00;Venezuela (Bolivarian Republic of);1988;862;Venezuela;VEN;101,00;Venezuela 1988;VEN88;9,00
862,00;Venezuela (Bolivarian Republic of);1989;862;Venezuela;VEN;101,00;Venezuela 1989;VEN89;9,00
862,00;Venezuela (Bolivarian Republic of);1990;862;Venezuela;VEN;101,00;Venezuela 1990;VEN90;9,00
862,00;Venezuela (Bolivarian Republic of);1991;862;Venezuela;VEN;101,00;Venezuela 1991;VEN91;9,00
862,00;Venezuela (Bolivarian Republic of);1992;862;Venezuela;VEN;101,00;Venezuela 1992;VEN92;8,00
862,00;Venezuela (Bolivarian Republic of);1993;862;Venezuela;VEN;101,00;Venezuela 1993;VEN93;8,00
862,00;Venezuela (Bolivarian Republic of);1994;862;Venezuela;VEN;101,00;Venezuela 1994;VEN94;8,00
862,00;Venezuela (Bolivarian Republic of);1995;862;Venezuela;VEN;101,00;Venezuela 1995;VEN95;8,00
862,00;Venezuela (Bolivarian Republic of);1996;862;Venezuela;VEN;101,00;Venezuela 1996;VEN96;8,00
862,00;Venezuela (Bolivarian Republic of);1997;862;Venezuela;VEN;101,00;Venezuela 1997;VEN97;8,00
862,00;Venezuela (Bolivarian Republic of);1998;862;Venezuela;VEN;101,00;Venezuela 1998;VEN98;8,00
862,00;Venezuela (Bolivarian Republic of);1999;862;Venezuela;VEN;101,00;Venezuela 1999;VEN99;7,00
862,00;Venezuela (Bolivarian Republic of);2000;862;Venezuela;VEN;101,00;Venezuela 2000;VEN00;7,00
862,00;Venezuela (Bolivarian Republic of);2001;862;Venezuela;VEN;101,00;Venezuela 2001;VEN01;6,00
862,00;Venezuela (Bolivarian Republic of);2002;862;Venezuela;VEN;101,00;Venezuela 2002;VEN02;6,00
862,00;Venezuela (Bolivarian Republic of);2003;862;Venezuela;VEN;101,00;Venezuela 2003;VEN03;6,00
862,00;Venezuela (Bolivarian Republic of);2004;862;Venezuela;VEN;101,00;Venezuela 2004;VEN04;6,00
862,00;Venezuela (Bolivarian Republic of);2005;862;Venezuela;VEN;101,00;Venezuela 2005;VEN05;6,00
862,00;Venezuela (Bolivarian Republic of);2006;862;Venezuela;VEN;101,00;Venezuela 2006;VEN06;5,00
862,00;Venezuela (Bolivarian Republic of);2007;862;Venezuela;VEN;101,00;Venezuela 2007;VEN07;5,00
862,00;Venezuela (Bolivarian Republic of);2008;862;Venezuela;VEN;101,00;Venezuela 2008;VEN08;5,00
862,00;Venezuela (Bolivarian Republic of);2009;862;Venezuela;VEN;101,00;Venezuela 2009;VEN09;-3,00
862,00;Venezuela (Bolivarian Republic of);2010;862;Venezuela;VEN;101,00;Venezuela 2010;VEN10;-3,00
862,00;Venezuela (Bolivarian Republic of);2011;862;Venezuela;VEN;101,00;Venezuela 2011;VEN11;-3,00
862,00;Venezuela (Bolivarian Republic of);2012;862;Venezuela;VEN;101,00;Venezuela 2012;VEN12;-3,00
862,00;Venezuela (Bolivarian Republic of);2013;862;Venezuela;VEN;101,00;Venezuela 2013;VEN13;4,00
862,00;Venezuela (Bolivarian Republic of);2014;862;Venezuela;VEN;101,00;Venezuela 2014;VEN14;4,00
862,00;Venezuela (Bolivarian Republic of);2015;862;Venezuela;VEN;101,00;Venezuela 2015;VEN15;4,00
862,00;Venezuela (Bolivarian Republic of);2016;862;Venezuela;VEN;101,00;Venezuela 2016;VEN16;4,00
862,00;Venezuela (Bolivarian Republic of);2017;862;Venezuela;VEN;101,00;Venezuela 2017;VEN17;-3,00
862,00;Venezuela (Bolivarian Republic of);2018;862;Venezuela;VEN;101,00;Venezuela 2018;VEN18;-3,00
;Yemen;1946;886;Yemen, North;YEM;;Yemen, North 1946;YEM46;-9,00
;Yemen;1947;886;Yemen, North;YEM;;Yemen, North 1947;YEM47;-7,00
;Yemen;1948;886;Yemen, North;YEM;;Yemen, North 1948;YEM48;-6,00
;Yemen;1949;886;Yemen, North;YEM;;Yemen, North 1949;YEM49;-6,00
;Yemen;1950;886;Yemen, North;YEM;;Yemen, North 1950;YEM50;-6,00
;Yemen;1951;886;Yemen, North;YEM;;Yemen, North 1951;YEM51;-6,00
;Yemen;1952;886;Yemen, North;YEM;;Yemen, North 1952;YEM52;-6,00
;Yemen;1953;886;Yemen, North;YEM;;Yemen, North 1953;YEM53;-6,00
;Yemen;1954;886;Yemen, North;YEM;;Yemen, North 1954;YEM54;-6,00
;Yemen;1955;886;Yemen, North;YEM;;Yemen, North 1955;YEM55;-6,00
;Yemen;1956;886;Yemen, North;YEM;;Yemen, North 1956;YEM56;-6,00
;Yemen;1957;886;Yemen, North;YEM;;Yemen, North 1957;YEM57;-6,00
;Yemen;1958;886;Yemen, North;YEM;;Yemen, North 1958;YEM58;-6,00
;Yemen;1959;886;Yemen, North;YEM;;Yemen, North 1959;YEM59;-6,00
;Yemen;1960;886;Yemen, North;YEM;;Yemen, North 1960;YEM60;-6,00
;Yemen;1961;886;Yemen, North;YEM;;Yemen, North 1961;YEM61;-6,00
;Yemen;1962;886;Yemen, North;YEM;;Yemen, North 1962;YEM62;0,00
;Yemen;1963;886;Yemen, North;YEM;;Yemen, North 1963;YEM63;0,00
;Yemen;1964;886;Yemen, North;YEM;;Yemen, North 1964;YEM64;0,00
;Yemen;1965;886;Yemen, North;YEM;;Yemen, North 1965;YEM65;0,00
;Yemen;1966;886;Yemen, North;YEM;;Yemen, North 1966;YEM66;-3,00
;Yemen;1967;886;Yemen, North;YEM;;Yemen, North 1967;YEM67;-3,00
;Yemen;1968;886;Yemen, North;YEM;;Yemen, North 1968;YEM68;-3,00
;Yemen;1969;886;Yemen, North;YEM;;Yemen, North 1969;YEM69;-3,00
;Yemen;1970;886;Yemen, North;YEM;;Yemen, North 1970;YEM70;-3,00
;Yemen;1971;886;Yemen, North;YEM;;Yemen, North 1971;YEM71;-3,00
;Yemen;1972;886;Yemen, North;YEM;;Yemen, North 1972;YEM72;-3,00
;Yemen;1973;886;Yemen, North;YEM;;Yemen, North 1973;YEM73;-3,00
;Yemen;1974;886;Yemen, North;YEM;;Yemen, North 1974;YEM74;-4,00
;Yemen;1975;886;Yemen, North;YEM;;Yemen, North 1975;YEM75;-4,00
;Yemen;1976;886;Yemen, North;YEM;;Yemen, North 1976;YEM76;-4,00
;Yemen;1977;886;Yemen, North;YEM;;Yemen, North 1977;YEM77;-6,00
;Yemen;1978;886;Yemen, North;YEM;;Yemen, North 1978;YEM78;-6,00
;Yemen;1979;886;Yemen, North;YEM;;Yemen, North 1979;YEM79;-6,00
;Yemen;1980;886;Yemen, North;YEM;;Yemen, North 1980;YEM80;-6,00
;Yemen;1981;886;Yemen, North;YEM;;Yemen, North 1981;YEM81;-6,00
;Yemen;1982;886;Yemen, North;YEM;;Yemen, North 1982;YEM82;-6,00
;Yemen;1983;886;Yemen, North;YEM;;Yemen, North 1983;YEM83;-6,00
;Yemen;1984;886;Yemen, North;YEM;;Yemen, North 1984;YEM84;-6,00
;Yemen;1985;886;Yemen, North;YEM;;Yemen, North 1985;YEM85;-6,00
;Yemen;1986;886;Yemen, North;YEM;;Yemen, North 1986;YEM86;-6,00
;Yemen;1987;886;Yemen, North;YEM;;Yemen, North 1987;YEM87;-6,00
;Yemen;1988;886;Yemen, North;YEM;;Yemen, North 1988;YEM88;-5,00
;Yemen;1989;886;Yemen, North;YEM;;Yemen, North 1989;YEM89;-5,00
887,00;Yemen;1990;887;Yemen;YEM;679,00;Yemen 1990;YEM90;0,00
887,00;Yemen;1991;887;Yemen;YEM;679,00;Yemen 1991;YEM91;0,00
887,00;Yemen;1992;887;Yemen;YEM;679,00;Yemen 1992;YEM92;0,00
887,00;Yemen;1993;887;Yemen;YEM;679,00;Yemen 1993;YEM93;-2,00
887,00;Yemen;1994;887;Yemen;YEM;679,00;Yemen 1994;YEM94;-2,00
887,00;Yemen;1995;887;Yemen;YEM;679,00;Yemen 1995;YEM95;-2,00
887,00;Yemen;1996;887;Yemen;YEM;679,00;Yemen 1996;YEM96;-2,00
887,00;Yemen;1997;887;Yemen;YEM;679,00;Yemen 1997;YEM97;-2,00
887,00;Yemen;1998;887;Yemen;YEM;679,00;Yemen 1998;YEM98;-2,00
887,00;Yemen;1999;887;Yemen;YEM;679,00;Yemen 1999;YEM99;-2,00
887,00;Yemen;2000;887;Yemen;YEM;679,00;Yemen 2000;YEM00;-2,00
887,00;Yemen;2001;887;Yemen;YEM;679,00;Yemen 2001;YEM01;-2,00
887,00;Yemen;2002;887;Yemen;YEM;679,00;Yemen 2002;YEM02;-2,00
887,00;Yemen;2003;887;Yemen;YEM;679,00;Yemen 2003;YEM03;-2,00
887,00;Yemen;2004;887;Yemen;YEM;679,00;Yemen 2004;YEM04;-2,00
887,00;Yemen;2005;887;Yemen;YEM;679,00;Yemen 2005;YEM05;-2,00
887,00;Yemen;2006;887;Yemen;YEM;679,00;Yemen 2006;YEM06;-2,00
887,00;Yemen;2007;887;Yemen;YEM;679,00;Yemen 2007;YEM07;-2,00
887,00;Yemen;2008;887;Yemen;YEM;679,00;Yemen 2008;YEM08;-2,00
887,00;Yemen;2009;887;Yemen;YEM;679,00;Yemen 2009;YEM09;-2,00
887,00;Yemen;2010;887;Yemen;YEM;679,00;Yemen 2010;YEM10;-2,00
887,00;Yemen;2011;887;Yemen;YEM;679,00;Yemen 2011;YEM11;-2,00
887,00;Yemen;2012;887;Yemen;YEM;679,00;Yemen 2012;YEM12;3,00
887,00;Yemen;2013;887;Yemen;YEM;679,00;Yemen 2013;YEM13;3,00
887,00;Yemen;2014;887;Yemen;YEM;679,00;Yemen 2014;YEM14;0,00
887,00;Yemen;2015;887;Yemen;YEM;679,00;Yemen 2015;YEM15;0,00
887,00;Yemen;2016;887;Yemen;YEM;679,00;Yemen 2016;YEM16;0,00
887,00;Yemen;2017;887;Yemen;YEM;679,00;Yemen 2017;YEM17;0,00
887,00;Yemen;2018;887;Yemen;YEM;679,00;Yemen 2018;YEM18;0,00
891,00;Yugoslavia;1946;890;Yugoslavia;YUG;345,00;Yugoslavia 1946;YUG46;-7,00
891,00;Yugoslavia;1947;890;Yugoslavia;YUG;345,00;Yugoslavia 1947;YUG47;-7,00
891,00;Yugoslavia;1948;890;Yugoslavia;YUG;345,00;Yugoslavia 1948;YUG48;-7,00
891,00;Yugoslavia;1949;890;Yugoslavia;YUG;345,00;Yugoslavia 1949;YUG49;-7,00
891,00;Yugoslavia;1950;890;Yugoslavia;YUG;345,00;Yugoslavia 1950;YUG50;-7,00
891,00;Yugoslavia;1951;890;Yugoslavia;YUG;345,00;Yugoslavia 1951;YUG51;-7,00
891,00;Yugoslavia;1952;890;Yugoslavia;YUG;345,00;Yugoslavia 1952;YUG52;-7,00
891,00;Yugoslavia;1953;890;Yugoslavia;YUG;345,00;Yugoslavia 1953;YUG53;-7,00
891,00;Yugoslavia;1954;890;Yugoslavia;YUG;345,00;Yugoslavia 1954;YUG54;-7,00
891,00;Yugoslavia;1955;890;Yugoslavia;YUG;345,00;Yugoslavia 1955;YUG55;-7,00
891,00;Yugoslavia;1956;890;Yugoslavia;YUG;345,00;Yugoslavia 1956;YUG56;-7,00
891,00;Yugoslavia;1957;890;Yugoslavia;YUG;345,00;Yugoslavia 1957;YUG57;-7,00
891,00;Yugoslavia;1958;890;Yugoslavia;YUG;345,00;Yugoslavia 1958;YUG58;-7,00
891,00;Yugoslavia;1959;890;Yugoslavia;YUG;345,00;Yugoslavia 1959;YUG59;-7,00
891,00;Yugoslavia;1960;890;Yugoslavia;YUG;345,00;Yugoslavia 1960;YUG60;-7,00
891,00;Yugoslavia;1961;890;Yugoslavia;YUG;345,00;Yugoslavia 1961;YUG61;-7,00
891,00;Yugoslavia;1962;890;Yugoslavia;YUG;345,00;Yugoslavia 1962;YUG62;-7,00
891,00;Yugoslavia;1963;890;Yugoslavia;YUG;345,00;Yugoslavia 1963;YUG63;-7,00
891,00;Yugoslavia;1964;890;Yugoslavia;YUG;345,00;Yugoslavia 1964;YUG64;-7,00
891,00;Yugoslavia;1965;890;Yugoslavia;YUG;345,00;Yugoslavia 1965;YUG65;-7,00
891,00;Yugoslavia;1966;890;Yugoslavia;YUG;345,00;Yugoslavia 1966;YUG66;-7,00
891,00;Yugoslavia;1967;890;Yugoslavia;YUG;345,00;Yugoslavia 1967;YUG67;-7,00
891,00;Yugoslavia;1968;890;Yugoslavia;YUG;345,00;Yugoslavia 1968;YUG68;-7,00
891,00;Yugoslavia;1969;890;Yugoslavia;YUG;345,00;Yugoslavia 1969;YUG69;-7,00
891,00;Yugoslavia;1970;890;Yugoslavia;YUG;345,00;Yugoslavia 1970;YUG70;-7,00
891,00;Yugoslavia;1971;890;Yugoslavia;YUG;345,00;Yugoslavia 1971;YUG71;-7,00
891,00;Yugoslavia;1972;890;Yugoslavia;YUG;345,00;Yugoslavia 1972;YUG72;-7,00
891,00;Yugoslavia;1973;890;Yugoslavia;YUG;345,00;Yugoslavia 1973;YUG73;-7,00
891,00;Yugoslavia;1974;890;Yugoslavia;YUG;345,00;Yugoslavia 1974;YUG74;-7,00
891,00;Yugoslavia;1975;890;Yugoslavia;YUG;345,00;Yugoslavia 1975;YUG75;-7,00
891,00;Yugoslavia;1976;890;Yugoslavia;YUG;345,00;Yugoslavia 1976;YUG76;-7,00
891,00;Yugoslavia;1977;890;Yugoslavia;YUG;345,00;Yugoslavia 1977;YUG77;-7,00
891,00;Yugoslavia;1978;890;Yugoslavia;YUG;345,00;Yugoslavia 1978;YUG78;-7,00
891,00;Yugoslavia;1979;890;Yugoslavia;YUG;345,00;Yugoslavia 1979;YUG79;-7,00
891,00;Yugoslavia;1980;890;Yugoslavia;YUG;345,00;Yugoslavia 1980;YUG80;-5,00
891,00;Yugoslavia;1981;890;Yugoslavia;YUG;345,00;Yugoslavia 1981;YUG81;-5,00
891,00;Yugoslavia;1982;890;Yugoslavia;YUG;345,00;Yugoslavia 1982;YUG82;-5,00
891,00;Yugoslavia;1983;890;Yugoslavia;YUG;345,00;Yugoslavia 1983;YUG83;-5,00
891,00;Yugoslavia;1984;890;Yugoslavia;YUG;345,00;Yugoslavia 1984;YUG84;-5,00
891,00;Yugoslavia;1985;890;Yugoslavia;YUG;345,00;Yugoslavia 1985;YUG85;-5,00
891,00;Yugoslavia;1986;890;Yugoslavia;YUG;345,00;Yugoslavia 1986;YUG86;-5,00
891,00;Yugoslavia;1987;890;Yugoslavia;YUG;345,00;Yugoslavia 1987;YUG87;-5,00
891,00;Yugoslavia;1988;890;Yugoslavia;YUG;345,00;Yugoslavia 1988;YUG88;-5,00
891,00;Yugoslavia;1989;890;Yugoslavia;YUG;345,00;Yugoslavia 1989;YUG89;-5,00
891,00;Yugoslavia;1990;890;Yugoslavia;YUG;345,00;Yugoslavia 1990;YUG90;-5,00
891,00;Yugoslavia;1991;890;Yugoslavia;YUG;345,00;Yugoslavia 1991;YUG91;-5,00
;Serbia and Montenegro;1992;891;Serbia and Montenegro;SCG;;Serbia and Montenegro 1992;SCG92;-5,00
;Serbia and Montenegro;1993;891;Serbia and Montenegro;SCG;;Serbia and Montenegro 1993;SCG93;-7,00
;Serbia and Montenegro;1994;891;Serbia and Montenegro;SCG;;Serbia and Montenegro 1994;SCG94;-7,00
;Serbia and Montenegro;1995;891;Serbia and Montenegro;SCG;;Serbia and Montenegro 1995;SCG95;-7,00
;Serbia and Montenegro;1996;891;Serbia and Montenegro;SCG;;Serbia and Montenegro 1996;SCG96;-7,00
;Serbia and Montenegro;1997;891;Serbia and Montenegro;SCG;;Serbia and Montenegro 1997;SCG97;-6,00
;Serbia and Montenegro;1998;891;Serbia and Montenegro;SCG;;Serbia and Montenegro 1998;SCG98;-6,00
;Serbia and Montenegro;1999;891;Serbia and Montenegro;SCG;;Serbia and Montenegro 1999;SCG99;-6,00
;Serbia and Montenegro;2000;891;Serbia and Montenegro;SCG;;Serbia and Montenegro 2000;SCG00;7,00
;Serbia and Montenegro;2001;891;Serbia and Montenegro;SCG;;Serbia and Montenegro 2001;SCG01;7,00
;Serbia and Montenegro;2002;891;Serbia and Montenegro;SCG;;Serbia and Montenegro 2002;SCG02;7,00
;Serbia and Montenegro;2003;891;Serbia and Montenegro;SCG;;Serbia and Montenegro 2003;SCG03;6,00
;Serbia and Montenegro;2004;891;Serbia and Montenegro;SCG;;Serbia and Montenegro 2004;SCG04;6,00
;Serbia and Montenegro;2005;891;Serbia and Montenegro;SCG;;Serbia and Montenegro 2005;SCG05;6,00
894,00;Zambia;1965;894;Zambia;ZMB;551,00;Zambia 1965;ZMB65;2,00
894,00;Zambia;1966;894;Zambia;ZMB;551,00;Zambia 1966;ZMB66;2,00
894,00;Zambia;1967;894;Zambia;ZMB;551,00;Zambia 1967;ZMB67;2,00
894,00;Zambia;1968;894;Zambia;ZMB;551,00;Zambia 1968;ZMB68;0,00
894,00;Zambia;1969;894;Zambia;ZMB;551,00;Zambia 1969;ZMB69;0,00
894,00;Zambia;1970;894;Zambia;ZMB;551,00;Zambia 1970;ZMB70;0,00
894,00;Zambia;1971;894;Zambia;ZMB;551,00;Zambia 1971;ZMB71;0,00
894,00;Zambia;1972;894;Zambia;ZMB;551,00;Zambia 1972;ZMB72;-9,00
894,00;Zambia;1973;894;Zambia;ZMB;551,00;Zambia 1973;ZMB73;-9,00
894,00;Zambia;1974;894;Zambia;ZMB;551,00;Zambia 1974;ZMB74;-9,00
894,00;Zambia;1975;894;Zambia;ZMB;551,00;Zambia 1975;ZMB75;-9,00
894,00;Zambia;1976;894;Zambia;ZMB;551,00;Zambia 1976;ZMB76;-9,00
894,00;Zambia;1977;894;Zambia;ZMB;551,00;Zambia 1977;ZMB77;-9,00
894,00;Zambia;1978;894;Zambia;ZMB;551,00;Zambia 1978;ZMB78;-9,00
894,00;Zambia;1979;894;Zambia;ZMB;551,00;Zambia 1979;ZMB79;-9,00
894,00;Zambia;1980;894;Zambia;ZMB;551,00;Zambia 1980;ZMB80;-9,00
894,00;Zambia;1981;894;Zambia;ZMB;551,00;Zambia 1981;ZMB81;-9,00
894,00;Zambia;1982;894;Zambia;ZMB;551,00;Zambia 1982;ZMB82;-9,00
894,00;Zambia;1983;894;Zambia;ZMB;551,00;Zambia 1983;ZMB83;-9,00
894,00;Zambia;1984;894;Zambia;ZMB;551,00;Zambia 1984;ZMB84;-9,00
894,00;Zambia;1985;894;Zambia;ZMB;551,00;Zambia 1985;ZMB85;-9,00
894,00;Zambia;1986;894;Zambia;ZMB;551,00;Zambia 1986;ZMB86;-9,00
894,00;Zambia;1987;894;Zambia;ZMB;551,00;Zambia 1987;ZMB87;-9,00
894,00;Zambia;1988;894;Zambia;ZMB;551,00;Zambia 1988;ZMB88;-9,00
894,00;Zambia;1989;894;Zambia;ZMB;551,00;Zambia 1989;ZMB89;-9,00
894,00;Zambia;1990;894;Zambia;ZMB;551,00;Zambia 1990;ZMB90;-9,00
894,00;Zambia;1991;894;Zambia;ZMB;551,00;Zambia 1991;ZMB91;6,00
894,00;Zambia;1992;894;Zambia;ZMB;551,00;Zambia 1992;ZMB92;6,00
894,00;Zambia;1993;894;Zambia;ZMB;551,00;Zambia 1993;ZMB93;6,00
894,00;Zambia;1994;894;Zambia;ZMB;551,00;Zambia 1994;ZMB94;6,00
894,00;Zambia;1995;894;Zambia;ZMB;551,00;Zambia 1995;ZMB95;6,00
894,00;Zambia;1996;894;Zambia;ZMB;551,00;Zambia 1996;ZMB96;1,00
894,00;Zambia;1997;894;Zambia;ZMB;551,00;Zambia 1997;ZMB97;1,00
894,00;Zambia;1998;894;Zambia;ZMB;551,00;Zambia 1998;ZMB98;1,00
894,00;Zambia;1999;894;Zambia;ZMB;551,00;Zambia 1999;ZMB99;1,00
894,00;Zambia;2000;894;Zambia;ZMB;551,00;Zambia 2000;ZMB00;1,00
894,00;Zambia;2001;894;Zambia;ZMB;551,00;Zambia 2001;ZMB01;5,00
894,00;Zambia;2002;894;Zambia;ZMB;551,00;Zambia 2002;ZMB02;5,00
894,00;Zambia;2003;894;Zambia;ZMB;551,00;Zambia 2003;ZMB03;5,00
894,00;Zambia;2004;894;Zambia;ZMB;551,00;Zambia 2004;ZMB04;5,00
894,00;Zambia;2005;894;Zambia;ZMB;551,00;Zambia 2005;ZMB05;5,00
894,00;Zambia;2006;894;Zambia;ZMB;551,00;Zambia 2006;ZMB06;5,00
894,00;Zambia;2007;894;Zambia;ZMB;551,00;Zambia 2007;ZMB07;5,00
894,00;Zambia;2008;894;Zambia;ZMB;551,00;Zambia 2008;ZMB08;7,00
894,00;Zambia;2009;894;Zambia;ZMB;551,00;Zambia 2009;ZMB09;7,00
894,00;Zambia;2010;894;Zambia;ZMB;551,00;Zambia 2010;ZMB10;7,00
894,00;Zambia;2011;894;Zambia;ZMB;551,00;Zambia 2011;ZMB11;7,00
894,00;Zambia;2012;894;Zambia;ZMB;551,00;Zambia 2012;ZMB12;7,00
894,00;Zambia;2013;894;Zambia;ZMB;551,00;Zambia 2013;ZMB13;7,00
894,00;Zambia;2014;894;Zambia;ZMB;551,00;Zambia 2014;ZMB14;7,00
894,00;Zambia;2015;894;Zambia;ZMB;551,00;Zambia 2015;ZMB15;7,00
894,00;Zambia;2016;894;Zambia;ZMB;551,00;Zambia 2016;ZMB16;6,00
894,00;Zambia;2017;894;Zambia;ZMB;551,00;Zambia 2017;ZMB17;6,00
894,00;Zambia;2018;894;Zambia;ZMB;551,00;Zambia 2018;ZMB18;6,00
250,00;France;1946;991;France (-1962);FRA;;France (-1962) 1946;FRA46;9,00
250,00;France;1947;991;France (-1962);FRA;;France (-1962) 1947;FRA47;8,00
250,00;France;1948;991;France (-1962);FRA;;France (-1962) 1948;FRA48;8,00
250,00;France;1949;991;France (-1962);FRA;;France (-1962) 1949;FRA49;8,00
250,00;France;1950;991;France (-1962);FRA;;France (-1962) 1950;FRA50;8,00
250,00;France;1951;991;France (-1962);FRA;;France (-1962) 1951;FRA51;8,00
250,00;France;1952;991;France (-1962);FRA;;France (-1962) 1952;FRA52;8,00
250,00;France;1953;991;France (-1962);FRA;;France (-1962) 1953;FRA53;8,00
250,00;France;1954;991;France (-1962);FRA;;France (-1962) 1954;FRA54;8,00
250,00;France;1955;991;France (-1962);FRA;;France (-1962) 1955;FRA55;8,00
250,00;France;1956;991;France (-1962);FRA;;France (-1962) 1956;FRA56;8,00
250,00;France;1957;991;France (-1962);FRA;;France (-1962) 1957;FRA57;8,00
250,00;France;1958;991;France (-1962);FRA;;France (-1962) 1958;FRA58;0,00
250,00;France;1959;991;France (-1962);FRA;;France (-1962) 1959;FRA59;4,00
250,00;France;1960;991;France (-1962);FRA;;France (-1962) 1960;FRA60;4,00
250,00;France;1961;991;France (-1962);FRA;;France (-1962) 1961;FRA61;4,00
250,00;France;1962;991;France (-1962);FRA;;France (-1962) 1962;FRA62;4,00
458,00;Malaysia;1963;992;Malaysia (-1965);MYS;;Malaysia (-1965) 1963;MYS63;7,00
458,00;Malaysia;1964;992;Malaysia (-1965);MYS;;Malaysia (-1965) 1964;MYS64;7,00
458,00;Malaysia;1965;992;Malaysia (-1965);MYS;;Malaysia (-1965) 1965;MYS65;7,00
196,00;Cyprus;1961;993;Cyprus (-1974);CYP;;Cyprus (-1974) 1961;CYP61;8,00
196,00;Cyprus;1962;993;Cyprus (-1974);CYP;;Cyprus (-1974) 1962;CYP62;8,00
196,00;Cyprus;1963;993;Cyprus (-1974);CYP;;Cyprus (-1974) 1963;CYP63;0,00
196,00;Cyprus;1964;993;Cyprus (-1974);CYP;;Cyprus (-1974) 1964;CYP64;0,00
196,00;Cyprus;1965;993;Cyprus (-1974);CYP;;Cyprus (-1974) 1965;CYP65;0,00
196,00;Cyprus;1966;993;Cyprus (-1974);CYP;;Cyprus (-1974) 1966;CYP66;0,00
196,00;Cyprus;1967;993;Cyprus (-1974);CYP;;Cyprus (-1974) 1967;CYP67;0,00
196,00;Cyprus;1968;993;Cyprus (-1974);CYP;;Cyprus (-1974) 1968;CYP68;7,00
196,00;Cyprus;1969;993;Cyprus (-1974);CYP;;Cyprus (-1974) 1969;CYP69;7,00
196,00;Cyprus;1970;993;Cyprus (-1974);CYP;;Cyprus (-1974) 1970;CYP70;7,00
196,00;Cyprus;1971;993;Cyprus (-1974);CYP;;Cyprus (-1974) 1971;CYP71;7,00
196,00;Cyprus;1972;993;Cyprus (-1974);CYP;;Cyprus (-1974) 1972;CYP72;7,00
196,00;Cyprus;1973;993;Cyprus (-1974);CYP;;Cyprus (-1974) 1973;CYP73;7,00
196,00;Cyprus;1974;993;Cyprus (-1974);CYP;;Cyprus (-1974) 1974;CYP74;8,00
586,00;Pakistan;1948;997;Pakistan (-1970);PAK;;Pakistan (-1970) 1948;PAK48;2,00
586,00;Pakistan;1949;997;Pakistan (-1970);PAK;;Pakistan (-1970) 1949;PAK49;4,00
586,00;Pakistan;1950;997;Pakistan (-1970);PAK;;Pakistan (-1970) 1950;PAK50;4,00
586,00;Pakistan;1951;997;Pakistan (-1970);PAK;;Pakistan (-1970) 1951;PAK51;5,00
586,00;Pakistan;1952;997;Pakistan (-1970);PAK;;Pakistan (-1970) 1952;PAK52;5,00
586,00;Pakistan;1953;997;Pakistan (-1970);PAK;;Pakistan (-1970) 1953;PAK53;5,00
586,00;Pakistan;1954;997;Pakistan (-1970);PAK;;Pakistan (-1970) 1954;PAK54;5,00
586,00;Pakistan;1955;997;Pakistan (-1970);PAK;;Pakistan (-1970) 1955;PAK55;5,00
586,00;Pakistan;1956;997;Pakistan (-1970);PAK;;Pakistan (-1970) 1956;PAK56;8,00
586,00;Pakistan;1957;997;Pakistan (-1970);PAK;;Pakistan (-1970) 1957;PAK57;8,00
586,00;Pakistan;1958;997;Pakistan (-1970);PAK;;Pakistan (-1970) 1958;PAK58;-7,00
586,00;Pakistan;1959;997;Pakistan (-1970);PAK;;Pakistan (-1970) 1959;PAK59;-7,00
586,00;Pakistan;1960;997;Pakistan (-1970);PAK;;Pakistan (-1970) 1960;PAK60;-7,00
586,00;Pakistan;1961;997;Pakistan (-1970);PAK;;Pakistan (-1970) 1961;PAK61;-7,00
586,00;Pakistan;1962;997;Pakistan (-1970);PAK;;Pakistan (-1970) 1962;PAK62;1,00
586,00;Pakistan;1963;997;Pakistan (-1970);PAK;;Pakistan (-1970) 1963;PAK63;1,00
586,00;Pakistan;1964;997;Pakistan (-1970);PAK;;Pakistan (-1970) 1964;PAK64;1,00
586,00;Pakistan;1965;997;Pakistan (-1970);PAK;;Pakistan (-1970) 1965;PAK65;1,00
586,00;Pakistan;1966;997;Pakistan (-1970);PAK;;Pakistan (-1970) 1966;PAK66;1,00
586,00;Pakistan;1967;997;Pakistan (-1970);PAK;;Pakistan (-1970) 1967;PAK67;1,00
586,00;Pakistan;1968;997;Pakistan (-1970);PAK;;Pakistan (-1970) 1968;PAK68;1,00
586,00;Pakistan;1969;997;Pakistan (-1970);PAK;;Pakistan (-1970) 1969;PAK69;1,00
586,00;Pakistan;1970;997;Pakistan (-1970);PAK;;Pakistan (-1970) 1970;PAK70;0,00
;Vietnam, North;1955;998;Vietnam, North;VNM;;Vietnam, North 1955;VNM55;-9,00
;Vietnam, North;1956;998;Vietnam, North;VNM;;Vietnam, North 1956;VNM56;-9,00
;Vietnam, North;1957;998;Vietnam, North;VNM;;Vietnam, North 1957;VNM57;-9,00
;Vietnam, North;1958;998;Vietnam, North;VNM;;Vietnam, North 1958;VNM58;-9,00
;Vietnam, North;1959;998;Vietnam, North;VNM;;Vietnam, North 1959;VNM59;-9,00
;Vietnam, North;1960;998;Vietnam, North;VNM;;Vietnam, North 1960;VNM60;-8,00
;Vietnam, North;1961;998;Vietnam, North;VNM;;Vietnam, North 1961;VNM61;-8,00
;Vietnam, North;1962;998;Vietnam, North;VNM;;Vietnam, North 1962;VNM62;-8,00
;Vietnam, North;1963;998;Vietnam, North;VNM;;Vietnam, North 1963;VNM63;-8,00
;Vietnam, North;1964;998;Vietnam, North;VNM;;Vietnam, North 1964;VNM64;-8,00
;Vietnam, North;1965;998;Vietnam, North;VNM;;Vietnam, North 1965;VNM65;-8,00
;Vietnam, North;1966;998;Vietnam, North;VNM;;Vietnam, North 1966;VNM66;-8,00
;Vietnam, North;1967;998;Vietnam, North;VNM;;Vietnam, North 1967;VNM67;-8,00
;Vietnam, North;1968;998;Vietnam, North;VNM;;Vietnam, North 1968;VNM68;-8,00
;Vietnam, North;1969;998;Vietnam, North;VNM;;Vietnam, North 1969;VNM69;-7,00
;Vietnam, North;1970;998;Vietnam, North;VNM;;Vietnam, North 1970;VNM70;-7,00
;Vietnam, North;1971;998;Vietnam, North;VNM;;Vietnam, North 1971;VNM71;-7,00
;Vietnam, North;1972;998;Vietnam, North;VNM;;Vietnam, North 1972;VNM72;-7,00
;Vietnam, North;1973;998;Vietnam, North;VNM;;Vietnam, North 1973;VNM73;-7,00
;Vietnam, North;1974;998;Vietnam, North;VNM;;Vietnam, North 1974;VNM74;-7,00
;Vietnam, North;1975;998;Vietnam, North;VNM;;Vietnam, North 1975;VNM75;-7,00
;Vietnam, North;1976;998;Vietnam, North;VNM;;Vietnam, North 1976;VNM76;-7,00
;Vietnam, South;1955;999;Vietnam, South;VDR;;Vietnam, South 1955;VDR55;-3,00
;Vietnam, South;1956;999;Vietnam, South;VDR;;Vietnam, South 1956;VDR56;-3,00
;Vietnam, South;1957;999;Vietnam, South;VDR;;Vietnam, South 1957;VDR57;-3,00
;Vietnam, South;1958;999;Vietnam, South;VDR;;Vietnam, South 1958;VDR58;-3,00
;Vietnam, South;1959;999;Vietnam, South;VDR;;Vietnam, South 1959;VDR59;-3,00
;Vietnam, South;1960;999;Vietnam, South;VDR;;Vietnam, South 1960;VDR60;-3,00
;Vietnam, South;1961;999;Vietnam, South;VDR;;Vietnam, South 1961;VDR61;-3,00
;Vietnam, South;1962;999;Vietnam, South;VDR;;Vietnam, South 1962;VDR62;-3,00
;Vietnam, South;1963;999;Vietnam, South;VDR;;Vietnam, South 1963;VDR63;-3,00
;Vietnam, South;1964;999;Vietnam, South;VDR;;Vietnam, South 1964;VDR64;-3,00
;Vietnam, South;1973;999;Vietnam, South;VDR;;Vietnam, South 1973;VDR73;0,00
;Vietnam, South;1974;999;Vietnam, South;VDR;;Vietnam, South 1974;VDR74;0,00
;Vietnam, South;1975;999;Vietnam, South;VDR;;Vietnam, South 1975;VDR75;0,00
